row_number	crash_date	crash_report_id	crash_time	collision_type	count_pedestrian	count_bicycle	scooter	wheel_chair	number_of_vehicles	street_or_highway	nearest_intersection	report_date	type_of_roadway	road_surface_condition	light_condition	weather_condition	manner_of_impact	hit_and_run	traffic_control	person_count	injury_count	most_serious_injury	number_of_lanes	lat_raw	lon_raw	has_st_number	is_intersection_null	address_sent_to_geocoder	api_coord_conf	best_coordinate_set	reason_for_qa	manually_qaed_record	final_lat	final_lon	year	month	pvd_nhood	pvd_wards	geoid20
3585	2010-09-23	41556	09:00:00	Bicycle	NA	1	FALSE	FALSE	1	WASHINGTON ST	DEAN ST	2010-09-23	Two-Way, Divided, Unprotected (painted>4feet) Medium	Dry	Daylight	Clear	Head-On (Front - to - Front)	No	Stop Signs	6	1	Pain Reported	NA	41.81907	-71.42074	FALSE	FALSE	Washington Street and Dean Street, Providence, RI, USA	Med	Raw	NA	FALSE	41.81907	-71.42074	2010	September	Federal Hill	13	440070011002010
3586	2010-09-23	41599	15:34:00	Pedestrian	1	NA	FALSE	FALSE	1	N MAIN ST	OLNEY ST	2010-09-23	One-Way Trafficway	Dry	Daylight	Clear	Not a Collision Between Two Motor Vehicles in Transport	No	Traffic Control Signal	2	1	Pain Reported	NA	41.83508	-71.40982	FALSE	FALSE	N Main Street and Olney Street, Providence, RI, USA	Med	Raw	NA	FALSE	41.83508	-71.40982	2010	September	College Hill	3	440070031004010
3587	2010-09-23	41713	16:51:00	Pedestrian	1	NA	FALSE	FALSE	1	ATLANTIC AVE	BROAD ST	2010-09-23	Two-Way , Not Divided	Dry	Daylight	Clear	Not a Collision Between Two Motor Vehicles in Transport	No	No Controls	2	1	Pain Reported	2	41.79901	-71.41739	FALSE	FALSE	Atlantic Ave and Broad Street, Providence, RI, USA	Med High	Raw	distance greater than 100m	TRUE	41.79901	-71.41739	2010	September	Elmwood	9	440070002001002
3583	2010-09-24	41689	19:34:00	Bicycle	NA	1	FALSE	FALSE	2	HOPE ST	GLENDALE AVE	2010-09-24	Two-Way , Not Divided	Dry	Dark - Lighted	Cloudy	Rear End(Front-to-Rear)	No	No Controls	4	1	Non-Incapacitating	NA	41.84739	-71.39582	FALSE	FALSE	Hope Street and Glendale Ave, Providence, RI, USA	Med High	Raw	NA	FALSE	41.84739	-71.39582	2010	September	Hope	3	440070033003016
3580	2010-09-25	41724	03:11:00	Pedestrian	1	NA	FALSE	FALSE	1	LABAN ST	WEBSTER AVE	2010-09-25	Two-Way , Not Divided	Dry	Dark - Lighted	Clear	Not a Collision Between Two Motor Vehicles in Transport	Yes	Stop Signs	1	1	Pain Reported	NA	41.81502	-71.45106	FALSE	FALSE	Laban Street and Webster Ave, Providence, RI, USA	Med High	Raw	NA	FALSE	41.81502	-71.45106	2010	September	Silver Lake	7	440070016011013
3581	2010-09-25	41740	08:43:00	Pedestrian	1	NA	FALSE	FALSE	1	CHALKSTONE AVE	ACADEMY AVE	2010-09-25	Two-Way , Not Divided	Dry	Daylight	Cloudy	Other	No	No Controls	3	1	Pain Reported	2	41.83241	-71.44431	FALSE	FALSE	Chalkstone Ave and Academy Ave, Providence, RI, USA	Med High	Raw	NA	FALSE	41.83241	-71.44431	2010	September	Mount Pleasant	6	440070023003006
3582	2010-09-25	43893	12:00:00	Pedestrian	1	NA	FALSE	FALSE	1	THAYER ST	CUSHING ST	2010-09-25	One-Way Trafficway	Dry	Daylight	Clear	Other	No	No Controls	2	1	Incapacitating	NA	41.83003	-71.4009	FALSE	FALSE	Thayer Street and Cushing Street, Providence, RI, USA	Med High	Raw	NA	FALSE	41.83003	-71.4009	2010	September	College Hill	2	440070036011009
3579	2010-09-29	42161	19:59:00	Pedestrian	1	NA	FALSE	FALSE	1	12 harvard ave	NA	2010-09-29	Two-Way , Not Divided	Dry	Dark - Lighted	Clear	Not a Collision Between Two Motor Vehicles in Transport	Yes	No Controls	2	1	Incapacitating	NA	41.80044	-71.40304	TRUE	TRUE	12 Harvard Ave, Providence, RI, USA	High	Geocoded	distance greater than 100m	TRUE	41.8085174	-71.4183719	2010	September	Upper South Providence	11	440070004001004
3574	2010-10-01	42284	12:28:00	Pedestrian	1	NA	FALSE	FALSE	1	VALLEY ST	BARSTOW ST	2010-10-01	Two-Way, Divided, Unprotected (painted>4feet) Medium	Wet	Daylight	Rain	Sideswipe, Same Direction	No	No Controls	6	1	Pain Reported	NA	41.82429	-71.43954	FALSE	FALSE	Valley Street and Barstow Street, Providence, RI, USA	Med High	Raw	NA	FALSE	41.82429	-71.43954	2010	October	Olneyville	15	440070019001006
3575	2010-10-01	42399	21:47:00	Pedestrian	2	NA	FALSE	FALSE	1	EXCHANGE ST	WASHINGTON ST	2010-10-01	Two-Way, Divided, Unprotected (painted>4feet) Medium	Wet	Dark - Unknown Lighting	Clear	Not a Collision Between Two Motor Vehicles in Transport	No	No Controls	5	2	Pain Reported	NA	41.8259	-71.41129	FALSE	FALSE	Exchange Street and Washington Street, Providence, RI, USA	Med High	Raw	NA	FALSE	41.8259	-71.41129	2010	October	Downtown	1	440070008001044
3576	2010-10-01	42460	14:55:00	Pedestrian	1	NA	FALSE	FALSE	1	VEAZIE ST	DOUGLAS AVE	2010-10-02	Two-Way , Not Divided	Dry	Daylight	Clear	Not a Collision Between Two Motor Vehicles in Transport	Yes	No Controls	2	1	Pain Reported	NA	41.85052	-71.43416	FALSE	FALSE	Veazie Street and Douglas Ave, Providence, RI, USA	Med High	Raw	NA	FALSE	41.85052	-71.43416	2010	October	Wanskuck	14	440070028021020
3577	2010-10-01	42470	17:05:00	Pedestrian	1	NA	FALSE	FALSE	1	FELIX ST	CHALKSTONE AVE	2010-10-02	Two-Way , Not Divided	Dry	Daylight	Clear	Unknown	No	Stop Signs	5	1	Pain Reported	NA	41.83457	-71.42839	FALSE	FALSE	Felix Street and Chalkstone Ave, Providence, RI, USA	Med High	Raw	NA	FALSE	41.83457	-71.42839	2010	October	Smith Hill	12	440070025001005
3578	2010-10-01	46119	23:22:00	Pedestrian	1	NA	FALSE	FALSE	1	HARRIS AVE	EXIT 22C	2010-10-02	Two-Way , Not Divided	Wet	Dark - Not Lighted	Rain	Head-On (Front - to - Front)	No	No Controls	3	1	Pain Reported	NA	41.82705	-71.42369	FALSE	FALSE	Harris Ave and Exit 22c, Providence, RI, USA	Med	Raw	distance greater than 100m	TRUE	41.82705	-71.42369	2010	October	Smith Hill	13	440070025003006
3572	2010-10-02	42459	18:57:00	Pedestrian	1	NA	FALSE	FALSE	1	WESTMINSTER ST	STOKES ST	2010-10-02	Two-Way, Divided, Unprotected (painted>4feet) Medium	Dry	Dark - Lighted	Clear	Not a Collision Between Two Motor Vehicles in Transport	No	No Controls	2	1	Pain Reported	NA	41.8167	-71.44258	FALSE	FALSE	Westminster Street and Stokes Street, Providence, RI, USA	Med High	Raw	NA	FALSE	41.8167	-71.44258	2010	October	Olneyville	15	440070019002013
3573	2010-10-02	42517	16:53:00	Pedestrian	1	NA	FALSE	FALSE	1	PLAINFIELD ST	ROUTE 6 WEST EXIT	2010-10-03	Two-Way , Not Divided	Dry	Daylight	Clear	Head-On (Front - to - Front)	No	No Controls	3	1	Non-Incapacitating	NA	41.81461	-71.44678	FALSE	FALSE	Plainfield Street and Route 6 West Exit, Providence, RI, USA	Med High	Raw	distance greater than 100m	TRUE	41.81461	-71.44678	2010	October	Silver Lake	15	440070016011009
3570	2010-10-03	42510	16:32:00	Pedestrian	1	NA	FALSE	FALSE	1	BATH ST	ORMS ST	2010-10-03	Two-Way , Not Divided	Dry	Daylight	Clear	Not a Collision Between Two Motor Vehicles in Transport	No	No Controls	3	1	Non-Incapacitating	NA	41.8335	-71.42554	FALSE	FALSE	Bath Street and Orms Street, Providence, RI, USA	Med High	Raw	NA	FALSE	41.8335	-71.42554	2010	October	Smith Hill	12	440070025001002
3571	2010-10-03	43336	02:00:00	Pedestrian	1	NA	FALSE	FALSE	1	HANOVER STREET	ELMWOOD AVE	2010-10-12	Unknown	Unknown	Unknown	Clear	Not a Collision Between Two Motor Vehicles in Transport	Yes	No Controls	1	1	Incapacitating	NA	41.80763	-71.4248	FALSE	FALSE	Hanover Street and Elmwood Ave, Providence, RI, USA	Med High	Raw	NA	FALSE	41.80763	-71.4248	2010	October	West End	11	440070003021003
3568	2010-10-04	42539	08:09:00	Bicycle	NA	1	FALSE	FALSE	1	HOPE ST	CUSHING ST	2010-10-04	Two-Way , Not Divided	Wet	Daylight	Rain	Sideswipe, Same Direction	No	No Controls	2	1	Pain Reported	NA	41.83013	-71.39868	FALSE	FALSE	Hope Street and Cushing Street, Providence, RI, USA	Med High	Raw	NA	FALSE	41.83013	-71.39868	2010	October	College Hill	2	440070036011006
3569	2010-10-04	42586	18:37:00	Pedestrian	1	NA	FALSE	FALSE	1	CARLETON ST	CHALKSTONE AVE	2010-10-04	Two-Way , Not Divided	Wet	Dark - Lighted	Rain	Not a Collision Between Two Motor Vehicles in Transport	No	No Controls	2	1	Pain Reported	2	41.83284	-71.44811	FALSE	FALSE	Carleton Street and Chalkstone Ave, Providence, RI, USA	Med High	Raw	NA	FALSE	41.83284	-71.44811	2010	October	Mount Pleasant	6	440070021013005
3565	2010-10-09	43123	17:08:00	Bicycle	NA	1	FALSE	FALSE	1	BLACKSTONE BLVD.	IRVING AVE.	2010-10-09	One-Way Trafficway	Dry	Daylight	Clear	Not a Collision Between Two Motor Vehicles in Transport	No	Stop Signs	2	1	Non-Incapacitating	1	41.83413	-71.38419	FALSE	FALSE	Blackstone Blvd. and Irving Ave., Providence, RI, USA	Med High	Raw	NA	FALSE	41.83413	-71.38419	2010	October	Wayland	2	440070034002043
3566	2010-10-09	43142	12:53:00	Pedestrian	1	NA	FALSE	FALSE	1	HOPE ST	9TH ST	2010-10-09	Two-Way, Divided, Unprotected (painted>4feet) Medium	Dry	Daylight	Clear	Other	No	No Controls	4	1	Pain Reported	NA	41.85375	-71.39269	FALSE	FALSE	Hope Street and 9th Street, Providence, RI, USA	Med High	Raw	NA	FALSE	41.85375	-71.39269	2010	October	Hope	3	440070033001010
3567	2010-10-09	46164	21:48:00	Bicycle	NA	1	FALSE	FALSE	1	WASHINGTON ST	EMPIRE ST	2010-11-09	Two-Way , Not Divided	Dry	Dark - Lighted	Clear	Sidwswipe, Opposite Direction	No	Traffic Control Signal	3	1	Pain Reported	2	41.82182	-71.41645	FALSE	FALSE	Washington Street and Empire Street, Providence, RI, USA	Med	Raw	NA	FALSE	41.82182	-71.41645	2010	October	Downtown	1	440070008001072
3564	2010-10-10	44055	15:05:00	Pedestrian	1	NA	FALSE	FALSE	1	MASSACHUSETTS AVE	NARRAGANSETT BLVD	2010-10-14	Two-Way , Not Divided	Dry	Daylight	Clear	Not a Collision Between Two Motor Vehicles in Transport	No	Stop Signs	2	1	Pain Reported	NA	41.78756	-71.39551	FALSE	FALSE	Massachusetts Ave and Narragansett Blvd, Providence, RI, USA	Med High	Raw	NA	FALSE	41.78756	-71.39551	2010	October	Washington Park	10	440070001012006
3563	2010-10-11	43247	15:12:00	Bicycle	NA	1	FALSE	FALSE	1	BLACKSTONE BLVD	WINFIELD RD	2010-10-11	One-Way Trafficway	Dry	Daylight	Clear	Not a Collision Between Two Motor Vehicles in Transport	No	No Controls	2	1	Incapacitating	NA	41.85359	-71.38978	FALSE	FALSE	Blackstone Blvd and Winfield Rd, Providence, RI, USA	Med High	Raw	NA	FALSE	41.85359	-71.38978	2010	October	Blackstone	2	440070034001002
3562	2010-10-14	43738	14:23:00	Pedestrian	1	NA	FALSE	FALSE	1	10 Arch Street	ELMWOOD AVE	2010-10-15	Two-Way , Not Divided	Dry	Daylight	Clear	Other	Yes	Traffic Control Signal	1	0	No Injury	NA	41.81207	-71.42258	TRUE	FALSE	10 Arch Street, Providence, RI, USA	High	Raw	NA	FALSE	41.81207	-71.42258	2010	October	West End	11	440070012003000
3561	2010-10-16	43672	01:45:00	Pedestrian	1	NA	FALSE	FALSE	1	ALLENS AVE	ALLENS AVE EXIT	2010-10-16	Two-Way , Not Divided	Dry	Dark - Lighted	Clear	Not a Collision Between Two Motor Vehicles in Transport	Yes	No Controls	3	0	No Injury	NA	41.8003	-71.4002	FALSE	FALSE	Allens Ave and Allens Ave Exit, Providence, RI, USA	Med	Raw	distance greater than 100m	TRUE	41.8003	-71.4002	2010	October	Lower South Providence	10	440070006001096
3560	2010-10-19	43930	16:58:00	Bicycle	NA	1	FALSE	FALSE	1	JILLSON ST	OCONNOR ST	2010-10-19	Two-Way , Not Divided	Dry	Daylight	Clear	Angle (Front - to - Side) Right Angle (Includes Broadside)	No	No Controls	2	1	Pain Reported	NA	41.7912	-71.40474	FALSE	FALSE	Jillson Street and Oconnor Street, Providence, RI, USA	Med High	Raw	NA	FALSE	41.7912	-71.40474	2010	October	Washington Park	10	440070001021009
3559	2010-10-21	44114	13:22:00	Bicycle	NA	1	FALSE	FALSE	1	NIANTIC AVE	CRANSTON ST	2010-10-22	Two-Way, Divided, Unprotected (painted>4feet) Medium	Dry	Daylight	Clear	Other	No	Traffic Control Signal	2	0	No Injury	NA	41.80339	-71.44	FALSE	FALSE	Niantic Ave and Cranston Street, Providence, RI, USA	Med High	Raw	NA	FALSE	41.80339	-71.44	2010	October	NA	NA	440070014005006
3558	2010-10-22	44212	15:31:00	Pedestrian	1	NA	FALSE	FALSE	1	BROAD ST	CHESTNUT ST	2010-10-22	Two-Way, Divided, Positive Median Barrier	Dry	Daylight	Clear	Other	No	No Controls	4	1	Pain Reported	NA	41.82	-71.41435	FALSE	FALSE	Broad Street and Chestnut Street, Providence, RI, USA	Med High	Raw	distance greater than 100m	TRUE	41.82	-71.41435	2010	October	Downtown	1	440070008003068
3556	2010-10-26	44574	15:31:00	Pedestrian	1	NA	FALSE	FALSE	1	BROAD ST	ADELAIDE AVE	2010-10-26	Two-Way, Divided, Unprotected (painted>4feet) Medium	Dry	Daylight	Clear	Other	No	No Controls	2	0	No Injury	3	41.79907	-71.41574	FALSE	FALSE	Broad Street and Adelaide Ave, Providence, RI, USA	Med	Raw	NA	FALSE	41.79907	-71.41574	2010	October	Elmwood	9	440070005002007
3557	2010-10-26	44579	20:50:00	Bicycle	NA	1	FALSE	FALSE	1	WESTMINSTER ST	MESSER ST	2010-10-26	Two-Way , Not Divided	Dry	Dark - Lighted	Clear	Not a Collision Between Two Motor Vehicles in Transport	No	Stop Signs	3	1	Pain Reported	NA	41.81586	-71.43704	FALSE	FALSE	Westminster Street and Messer Street, Providence, RI, USA	Med High	Raw	NA	FALSE	41.81586	-71.43704	2010	October	West End	13	440070010002009
3554	2010-10-27	44633	07:13:00	Pedestrian	1	NA	FALSE	FALSE	1	NARRAGANSETT BLVD	OHIO AVE	2010-10-27	Two-Way, Divided, Unprotected (painted>4feet) Medium	Wet	Daylight	Rain	Not a Collision Between Two Motor Vehicles in Transport	No	No Controls	2	1	Non-Incapacitating	2	41.78991	-71.39629	FALSE	FALSE	Narragansett Blvd and Ohio Ave, Providence, RI, USA	Med High	Raw	NA	FALSE	41.78991	-71.39629	2010	October	Washington Park	10	440070001012001
3555	2010-10-27	44743	19:28:00	Bicycle	NA	1	FALSE	FALSE	1	ALVERSON AVE	HARTFORD AVE	2010-10-27	Two-Way , Not Divided	Wet	Dark - Lighted	Clear	Rear End(Front-to-Rear)	Yes	No Controls	1	1	Pain Reported	NA	41.81795	-71.45979	FALSE	FALSE	Alverson Ave and Hartford Ave, Providence, RI, USA	Med High	Raw	NA	FALSE	41.81795	-71.45979	2010	October	Hartford	7	440070018004003
3553	2010-10-28	44755	07:13:00	Bicycle	NA	1	FALSE	FALSE	1	PLAINFIELD ST	WEBSTER AVE	2010-10-28	Two-Way , Not Divided	Dry	Daylight	Clear	Angle (Front - to - Side) Right Angle (Includes Broadside)	No	Traffic Control Signal	2	1	Pain Reported	NA	41.81366	-71.45079	FALSE	FALSE	Plainfield Street and Webster Ave, Providence, RI, USA	Med High	Raw	NA	FALSE	41.81366	-71.45079	2010	October	Silver Lake	15	440070016011011
3551	2010-10-29	44919	20:55:00	Pedestrian	1	NA	FALSE	FALSE	1	ATWELLS AVE	PIEDMONT ST	2010-10-30	Two-Way , Not Divided	Dry	Dark - Lighted	Clear	Head-On (Front - to - Front)	Yes	No Controls	5	1	Incapacitating	2	41.82389	-71.4311	FALSE	FALSE	Atwells Ave and Piedmont Street, Providence, RI, USA	Med High	Raw	NA	FALSE	41.82389	-71.4311	2010	October	Federal Hill	13	440070009001008
3552	2010-10-29	44927	15:58:00	Pedestrian	1	NA	FALSE	FALSE	1	HOPE ST	BARNES ST	2010-10-29	Two-Way , Not Divided	Dry	Daylight	Clear	Other	No	Pavement Markings	3	1	Pain Reported	2	41.83301	-71.401	FALSE	FALSE	Hope Street and Barnes Street, Providence, RI, USA	Med High	Raw	NA	FALSE	41.83301	-71.401	2010	October	College Hill	2	440070036011000
3550	2010-10-30	44925	00:45:00	Pedestrian	1	NA	FALSE	FALSE	1	THAYER ST	FONES ALY	2010-10-30	One-Way Trafficway	Dry	Dark - Lighted	Clear	Not a Collision Between Two Motor Vehicles in Transport	Yes	No Controls	2	1	Pain Reported	2	41.82754	-71.40057	FALSE	FALSE	Thayer Street and Fones Aly, Providence, RI, USA	Med High	Raw	NA	FALSE	41.82754	-71.40057	2010	October	College Hill	2	440070036011021
3549	2010-10-31	45113	18:09:00	Pedestrian	1	NA	FALSE	FALSE	1	HOPE ST	BAYARD ST	2010-11-01	Two-Way , Not Divided	Dry	Dark - Lighted	Clear	Head-On (Front - to - Front)	No	No Controls	2	1	Non-Incapacitating	NA	41.85214	-71.39351	FALSE	FALSE	Hope Street and Bayard Street, Providence, RI, USA	Med High	Raw	NA	FALSE	41.85214	-71.39351	2010	October	Hope	3	440070033002003
3548	2010-11-02	45245	14:46:00	Bicycle	NA	1	FALSE	FALSE	1	PROMENADE ST	DEAN ST	2010-11-02	Two-Way, Divided, Positive Median Barrier	Dry	Daylight	Clear	Rear End(Front-to-Rear)	Yes	No Controls	1	1	Pain Reported	NA	41.82923	-71.42673	FALSE	FALSE	Promenade Street and Dean Street, Providence, RI, USA	Med High	Raw	NA	FALSE	41.82923	-71.42673	2010	November	Valley	12	440070025003011
3547	2010-11-03	45382	15:49:00	Pedestrian	1	NA	FALSE	FALSE	1	Memorial Blvd	Steeple Street	2010-11-03	Two-Way , Not Divided	Dry	Daylight	Clear	Unknown	No	Traffic Control Signal	2	1	Pain Reported	NA	41.82669	-71.41075	FALSE	FALSE	Memorial Blvd and Steeple Street, Providence, RI, USA	Med	Raw	distance greater than 100m	TRUE	41.82669	-71.41075	2010	November	Downtown	1	440070008001034
3544	2010-11-04	45492	06:30:00	Pedestrian	1	NA	FALSE	FALSE	1	195 WHITEHALL STREET	NA	2010-11-04	Two-Way , Not Divided	Wet	Daylight	Clear	Head-On (Front - to - Front)	Yes	No Controls	3	1	Pain Reported	2	41.80733	-71.4437	TRUE	TRUE	195 Whitehall Street, Providence, RI, USA	High	Raw	NA	FALSE	41.80733	-71.4437	2010	November	Silver Lake	15	440070016021012
3545	2010-11-04	45565	17:23:00	Pedestrian	1	NA	FALSE	FALSE	1	883 MANTON AVE	NA	2010-11-04	Two-Way , Not Divided	Wet	Dark - Lighted	Rain	Head-On (Front - to - Front)	No	No Controls	2	1	Pain Reported	NA	41.83364	-71.46617	TRUE	TRUE	883 Manton Ave, Providence, RI, USA	High	Raw	NA	FALSE	41.83364	-71.46617	2010	November	Manton	6	440070020002028
3546	2010-11-04	45607	18:01:00	Pedestrian	1	NA	FALSE	FALSE	1	BROWN ST	WATERMAN ST	2010-11-04	Two-Way , Not Divided	Wet	Dark - Lighted	Rain	Other	No	Stop Signs	3	1	Pain Reported	2	41.82705	-71.40304	FALSE	FALSE	Brown Street and Waterman Street, Providence, RI, USA	Med High	Raw	NA	FALSE	41.82705	-71.40304	2010	November	College Hill	2	440070036023031
3541	2010-11-08	45977	09:30:00	Pedestrian	1	NA	FALSE	FALSE	1	CHALKSTONE AVE	VIOLET ST	2010-11-08	Two-Way , Not Divided	Wet	Daylight	Sleet, Hail (Freezing Rain or Drizzle)	Other	Yes	No Controls	2	1	Non-Incapacitating	2	41.83498	-71.42657	FALSE	FALSE	Chalkstone Ave and Violet Street, Providence, RI, USA	Med High	Raw	NA	FALSE	41.83498	-71.42657	2010	November	Smith Hill	12	440070025001003
3542	2010-11-08	46067	08:15:00	Pedestrian	1	NA	FALSE	FALSE	1	N MAIN ST	CHURCH ST	2010-11-08	Two-Way , Not Divided	Wet	Daylight	Rain	Unknown	No	Stop Signs	2	1	Pain Reported	NA	41.83082	-71.41039	FALSE	FALSE	N Main Street and Church Street, Providence, RI, USA	Med High	Raw	distance greater than 100m	TRUE	41.83082	-71.41039	2010	November	College Hill	3	440070031004016
3543	2010-11-08	46101	17:11:00	Pedestrian	1	NA	FALSE	FALSE	1	RIVER AVE	CHALKSTONE AVE	2010-11-08	Two-Way , Not Divided	Wet	Dark - Lighted	Rain	Not a Collision Between Two Motor Vehicles in Transport	No	No Controls	2	1	Pain Reported	NA	41.83256	-71.43852	FALSE	FALSE	River Ave and Chalkstone Ave, Providence, RI, USA	Med High	Raw	NA	FALSE	41.83256	-71.43852	2010	November	Valley	12	440070023002014
3539	2010-11-09	46176	16:17:00	Pedestrian	1	NA	FALSE	FALSE	1	CORINTH ST	BROAD ST	2010-11-09	Two-Way , Not Divided	Wet	Daylight	Clear	Other	No	Traffic Control Signal	3	1	Pain Reported	2	41.79481	-71.41046	FALSE	FALSE	Corinth Street and Broad Street, Providence, RI, USA	Med High	Raw	NA	FALSE	41.79481	-71.41046	2010	November	Elmwood	9	440070005003016
3540	2010-11-09	46338	13:49:00	Pedestrian	1	NA	FALSE	FALSE	1	BUCKLIN ST	DABOLL ST	2010-11-10	Two-Way , Not Divided	Wet	Daylight	Rain	Other	No	No Controls	3	1	Pain Reported	2	41.80427	-71.42773	FALSE	FALSE	Bucklin Street and Daboll Street, Providence, RI, USA	Med High	Raw	NA	FALSE	41.80427	-71.42773	2010	November	West End	8	440070003011010
3536	2010-11-10	46390	15:39:00	Pedestrian	1	NA	FALSE	FALSE	1	MILL ST	CANAL ST	2010-11-10	One-Way Trafficway	Dry	Daylight	Clear	Not a Collision Between Two Motor Vehicles in Transport	No	No Controls	2	1	Pain Reported	NA	41.83244	-71.41099	FALSE	FALSE	Mill Street and Canal Street, Providence, RI, USA	Med	Raw	distance greater than 100m	TRUE	41.83244	-71.41099	2010	November	Downtown	3	440070031003031
3537	2010-11-10	46392	16:45:00	Pedestrian	1	NA	FALSE	FALSE	1	MOWRY ST	ADMIRAL ST	2010-11-10	Two-Way , Not Divided	Dry	Dusk	Clear	Not a Collision Between Two Motor Vehicles in Transport	No	No Controls	3	1	Pain Reported	NA	41.84462	-71.42421	FALSE	FALSE	Mowry Street and Admiral Street, Providence, RI, USA	Med High	Raw	NA	FALSE	41.84462	-71.42421	2010	November	Wanskuck	4	440070027002015
3538	2010-11-10	46861	16:15:00	Pedestrian	1	NA	FALSE	FALSE	1	COMMODORE ST	DENISON ST	2010-11-16	Two-Way , Not Divided	Wet	Dusk	Cloudy	Other	No	No Controls	2	1	Pain Reported	NA	41.84859	-71.41813	FALSE	FALSE	Commodore Street and Denison Street, Providence, RI, USA	Med High	Raw	NA	FALSE	41.84859	-71.41813	2010	November	Charles	4	440070029004020
3535	2010-11-14	46691	14:56:00	Bicycle	NA	1	FALSE	FALSE	1	BLACKSTONE BLVD	BUTLER DR	2010-11-14	One-Way Trafficway	Dry	Daylight	Clear	Angle (Front - to - Side) Right Angle (Includes Broadside)	No	Stop Signs	3	1	Incapacitating	NA	41.84616	-71.38677	FALSE	FALSE	Blackstone Blvd and Butler Dr, Providence, RI, USA	Med	Raw	distance greater than 100m	TRUE	41.84616	-71.38677	2010	November	Blackstone	2	440070034002002
3534	2010-11-18	47106	19:00:00	Bicycle	NA	1	FALSE	FALSE	1	GANO ST	India St.	2010-11-18	Two-Way , Not Divided	Dry	Dark - Lighted	Clear	Angle (Front - to - Side) Right Angle (Includes Broadside)	No	No Controls	2	1	Pain Reported	NA	41.81889	-71.38931	FALSE	FALSE	Gano Street and India St., Providence, RI, USA	Med High	Raw	NA	FALSE	41.81889	-71.38931	2010	November	Fox Point	1	440070037002001
3532	2010-11-19	47229	17:57:00	Pedestrian	1	NA	FALSE	FALSE	1	ORMS ST	ORMS ST EXIT 23	2010-11-19	Two-Way , Not Divided	Dry	Dark - Lighted	Clear	Sideswipe, Same Direction	No	No Controls	4	1	Pain Reported	NA	41.83481	-71.41387	FALSE	FALSE	Orms Street and Orms St Exit 23, Providence, RI, USA	Med	Raw	distance greater than 100m	TRUE	41.83481	-71.41387	2010	November	Downtown	12	440070031003011
3533	2010-11-19	47300	14:14:00	Pedestrian	1	NA	FALSE	FALSE	1	PARK ROW E	CANAL ST	2010-11-20	Two-Way , Not Divided	Dry	Daylight	Clear	Other	No	Stop Signs	3	1	Pain Reported	2	41.82846	-71.41075	FALSE	FALSE	Park Row E and Canal Street, Providence, RI, USA	Med High	Raw	NA	FALSE	41.82846	-71.41075	2010	November	Downtown	3	440070008001001
3530	2010-11-30	48295	16:51:00	Pedestrian	1	NA	FALSE	FALSE	1	SMITH ST	PARK ST	2010-11-30	Two-Way, Divided, Unprotected (painted>4feet) Medium	Dry	Dark - Not Lighted	Clear	Not a Collision Between Two Motor Vehicles in Transport	No	Traffic Control Signal	4	1	Pain Reported	NA	41.83186	-71.41664	FALSE	FALSE	Smith Street and Park Street, Providence, RI, USA	Med	Raw	NA	FALSE	41.83186	-71.41664	2010	November	Downtown	12	440070031003025
3531	2010-11-30	48305	18:04:00	Bicycle	NA	1	FALSE	FALSE	1	BROADWAY	COURTLAND ST	2010-11-30	One-Way Trafficway	Dry	Dark - Lighted	Clear	Not a Collision Between Two Motor Vehicles in Transport	No	No Controls	4	1	Pain Reported	NA	41.81944	-71.43088	FALSE	FALSE	Broadway and Courtland Street, Providence, RI, USA	Med	Raw	NA	FALSE	41.81944	-71.43088	2010	November	Federal Hill	13	440070011001013
3529	2010-12-01	48405	16:15:00	Pedestrian	1	NA	FALSE	FALSE	1	20 NORTH MAIN ST	COLLEGE ST	2010-12-01	One-Way Trafficway	Wet	Dark - Lighted	Rain	Not a Collision Between Two Motor Vehicles in Transport	No	No Controls	2	1	Non-Incapacitating	2	41.82602	-71.40816	TRUE	FALSE	20 North Main Street, Providence, RI, USA	High	Raw	NA	FALSE	41.82602	-71.40816	2010	December	Downtown	2	440070036023022
3528	2010-12-03	48829	19:13:00	Pedestrian	1	NA	FALSE	FALSE	1	Prairie	Lockwood St.	2010-12-03	Two-Way , Not Divided	Dry	Dark - Lighted	Clear	Not a Collision Between Two Motor Vehicles in Transport	No	No Controls	3	1	Incapacitating	NA	41.81763	-71.40458	FALSE	FALSE	Prairie and Lockwood St., Providence, RI, USA	Med	Geocoded	distance greater than 100m	TRUE	41.812546	-71.415165	2010	December	Upper South Providence	11	440070007001011
3526	2010-12-04	48909	16:49:00	Pedestrian	1	NA	FALSE	FALSE	1	MANTON AVE	WESTCOTT AVE	2010-12-04	Two-Way , Not Divided	Dry	Dark - Lighted	Clear	Angle (Front - to - Side) Same Direction	No	No Controls	4	1	Pain Reported	NA	41.83372	-71.46853	FALSE	FALSE	Manton Ave and Westcott Ave, Providence, RI, USA	Med High	Raw	NA	FALSE	41.83372	-71.46853	2010	December	Manton	6	440070020002017
3527	2010-12-04	51797	01:19:00	Pedestrian	1	NA	FALSE	FALSE	1	BROADWAY	VINTON ST	2010-12-29	Two-Way , Not Divided	Dry	Dark - Lighted	Clear	Head-On (Front - to - Front)	Yes	No Controls	2	1	Incapacitating	NA	41.82004	-71.42832	FALSE	FALSE	Broadway and Vinton Street, Providence, RI, USA	Med	Raw	NA	FALSE	41.82004	-71.42832	2010	December	Federal Hill	13	440070011001015