row_number	crash_date	crash_report_id	crash_time	collision_type	count_pedestrian	count_bicycle	scooter	wheel_chair	number_of_vehicles	street_or_highway	nearest_intersection	report_date	type_of_roadway	road_surface_condition	light_condition	weather_condition	manner_of_impact	hit_and_run	traffic_control	person_count	injury_count	most_serious_injury	number_of_lanes	lat_raw	lon_raw	has_st_number	is_intersection_null	address_sent_to_geocoder	api_coord_conf	best_coordinate_set	reason_for_qa	manually_qaed_record	final_lat	final_lon	year	month	pvd_nhood	pvd_wards	geoid20
3464	2011-03-23	65298	16:13:00	Pedestrian	2	NA	FALSE	FALSE	1	STILLMAN ST	PARK ROW	2011-03-23	Two-Way , Not Divided	Dry	Daylight	Clear	Not a Collision Between Two Motor Vehicles in Transport	No	No Controls	3	2	Pain Reported	NA	41.82859	-71.41166	FALSE	FALSE	Stillman Street and Park Row, Providence, RI, USA	Med High	Raw	NA	FALSE	41.82859	-71.41166	2011	March	Downtown	12	440070008001017
3463	2011-03-26	65709	17:16:00	Pedestrian	1	NA	FALSE	FALSE	1	110 BOWDOIN ST	AMHERST ST	2011-03-26	Two-Way , Not Divided	Dry	Daylight	Clear	Other	No	No Controls	3	1	Pain Reported	NA	41.82311	-71.44308	TRUE	FALSE	110 Bowdoin Street, Providence, RI, USA	High	Raw	NA	FALSE	41.82311	-71.44308	2011	March	Olneyville	15	440070019006011
3461	2011-03-27	65781	07:12:00	Pedestrian	1	NA	FALSE	FALSE	1	THURBERS AVE	EDDY ST	2011-03-27	Two-Way , Not Divided	Dry	Daylight	Clear	Other	No	No Controls	4	2	Pain Reported	NA	41.79994	-71.40584	FALSE	FALSE	Thurbers Ave and Eddy Street, Providence, RI, USA	Med High	Raw	NA	FALSE	41.79994	-71.40584	2011	March	Lower South Providence	10	440070006001093
3462	2011-03-27	66470	19:37:00	Bicycle	NA	1	FALSE	FALSE	1	WESTMINSTER ST	BRIDGHAM ST	2011-03-31	Two-Way , Not Divided	Dry	Daylight	Clear	Not a Collision Between Two Motor Vehicles in Transport	No	No Controls	2	1	Pain Reported	NA	41.8169	-71.42852	FALSE	FALSE	Westminster Street and Bridgham Street, Providence, RI, USA	Med High	Raw	NA	FALSE	41.8169	-71.42852	2011	March	West End	13	440070011002027
3460	2011-03-29	66084	18:27:00	Pedestrian	1	NA	FALSE	FALSE	1	ATWELLS AVE	CARLETON ST	2011-03-29	Two-Way , Not Divided	Dry	Daylight	Clear	Head-On (Front - to - Front)	No	No Controls	4	1	Pain Reported	2	41.82496	-71.44664	FALSE	FALSE	Atwells Ave and Carleton Street, Providence, RI, USA	Med High	Raw	NA	FALSE	41.82496	-71.44664	2011	March	Olneyville	6	440070021023014
3458	2011-03-31	66338	16:21:00	Bicycle	NA	1	FALSE	FALSE	1	BRANCH AVE	On Ramp	2011-03-31	Two-Way, Divided, Unprotected (painted>4feet) Medium	Wet	Daylight	Rain	Other	No	No Controls	3	1	Incapacitating	NA	41.85301	-71.42634	FALSE	FALSE	Branch Ave and On Ramp, Providence, RI, USA	Med	Raw	distance greater than 100m	TRUE	41.85301	-71.42634	2011	March	Wanskuck	4	440070029005010
3459	2011-03-31	66380	20:41:00	Pedestrian	1	NA	FALSE	FALSE	1	VALLEY ST	NEWARK ST	2011-03-31	Two-Way , Not Divided	Wet	Dark - Lighted	Snow	Not a Collision Between Two Motor Vehicles in Transport	Yes	No Controls	1	1	Incapacitating	2	41.82518	-71.43932	FALSE	FALSE	Valley Street and Newark Street, Providence, RI, USA	Med High	Raw	NA	FALSE	41.82518	-71.43932	2011	March	Valley	12	440070025003031
3457	2011-04-01	66388	22:03:00	Pedestrian	1	NA	FALSE	FALSE	1	Waterman Street	THAYER ST	2011-04-01	One-Way Trafficway	Wet	Dark - Unknown Lighting	Snow	Unknown	Yes	Traffic Control Signal	3	1	Pain Reported	NA	41.82728	-71.40054	FALSE	FALSE	Waterman Street and Thayer Street, Providence, RI, USA	Med High	Raw	NA	FALSE	41.82728	-71.40054	2011	April	College Hill	2	440070036011021
3456	2011-04-03	66912	19:33:00	Bicycle	NA	1	FALSE	FALSE	1	BUCKLIN ST	HAWTHORNE ST	2011-04-04	Two-Way , Not Divided	Dry	Dark - Lighted	Clear	Other	No	No Controls	2	1	Pain Reported	NA	41.80097	-71.42778	FALSE	FALSE	Bucklin Street and Hawthorne Street, Providence, RI, USA	Med High	Raw	NA	FALSE	41.80097	-71.42778	2011	April	West End	9	440070003012000
3454	2011-04-04	66868	09:03:00	Pedestrian	1	NA	FALSE	FALSE	1	WESTMINSTER ST	WEYBOSSET ST	2011-04-04	Two-Way , Not Divided	Dry	Daylight	Clear	Other	No	No Controls	3	1	Incapacitating	NA	41.82526	-71.40927	FALSE	FALSE	Westminster Street and Weybosset Street, Providence, RI, USA	Med High	Raw	NA	FALSE	41.82526	-71.40927	2011	April	Downtown	1	440070008003011
3455	2011-04-04	66957	17:27:00	Bicycle	NA	1	FALSE	FALSE	1	BUTLER DR	RAY DR	2011-04-04	One-Way Trafficway	Dry	Dawn	Clear	Other	Yes	No Controls	1	1	Pain Reported	NA	41.84294	-71.38179	FALSE	FALSE	Butler Dr and Ray Dr, Providence, RI, USA	Med	Geocoded	distance greater than 100m	TRUE	41.8458361	-71.3830178	2011	April	Blackstone	2	440070034002000
3453	2011-04-06	67278	13:08:00	Pedestrian	1	NA	FALSE	FALSE	1	CLAVERICK ST	BROAD ST	2011-04-06	One-Way Trafficway	Dry	Daylight	Clear	Not a Collision Between Two Motor Vehicles in Transport	No	No Controls	3	1	Non-Incapacitating	NA	41.81913	-71.4146	FALSE	FALSE	Claverick Street and Broad Street, Providence, RI, USA	Med High	Raw	NA	FALSE	41.81913	-71.4146	2011	April	Downtown	1	440070008002005
3451	2011-04-09	67713	01:32:00	Pedestrian	1	NA	FALSE	FALSE	1	N MAIN ST	CADY ST	2011-04-09	One-Way Trafficway	Dry	Dark - Lighted	Clear	Not a Collision Between Two Motor Vehicles in Transport	No	No Controls	4	1	Incapacitating	NA	41.82967	-71.40999	FALSE	FALSE	N Main Street and Cady Street, Providence, RI, USA	Med	Raw	NA	FALSE	41.82967	-71.40999	2011	April	College Hill	3	440070031004024
3452	2011-04-09	67929	22:55:00	Pedestrian	2	NA	FALSE	FALSE	1	Charlesfield Street	Hope Street	2011-04-10	Two-Way , Not Divided	Dry	Dark - Not Lighted	Clear	Not a Collision Between Two Motor Vehicles in Transport	Yes	No Controls	6	2	Incapacitating	2	41.82414	-71.39723	FALSE	FALSE	Charlesfield Street and Hope Street, Providence, RI, USA	Med High	Raw	NA	FALSE	41.82414	-71.39723	2011	April	College Hill	1	440070036013011
3450	2011-04-11	68166	19:06:00	Bicycle	NA	1	FALSE	FALSE	1	BROADWAY	DEAN ST	2011-04-11	Two-Way , Not Divided	Dry	Daylight	Clear	Not a Collision Between Two Motor Vehicles in Transport	No	Traffic Control Signal	7	1	Pain Reported	2	41.8214	-71.42253	FALSE	FALSE	Broadway and Dean Street, Providence, RI, USA	Med	Raw	NA	FALSE	41.8214	-71.42253	2011	April	Federal Hill	13	440070011001002
3448	2011-04-14	68623	19:35:00	Pedestrian	1	NA	FALSE	FALSE	1	ATWELLS AVE	DE PASQUALE AVE	2011-04-14	Two-Way , Not Divided	Dry	Dark - Unknown Lighting	Clear	Unknown	No	Traffic Control Signal	4	1	Pain Reported	NA	41.82359	-71.42696	FALSE	FALSE	Atwells Ave and De Pasquale Ave, Providence, RI, USA	Med High	Raw	NA	FALSE	41.82359	-71.42696	2011	April	Federal Hill	13	440070009001022
3449	2011-04-14	68794	15:25:00	Pedestrian	1	NA	FALSE	FALSE	1	ADMIRAL ST	EXIT	2011-04-15	Two-Way , Not Divided	Dry	Daylight	Clear	Other	No	Traffic Control Signal	3	1	Pain Reported	NA	41.84068	-71.41897	FALSE	FALSE	Admiral Street and Exit, Providence, RI, USA	Med	Raw	distance greater than 100m	TRUE	41.84068	-71.41897	2011	April	Smith Hill	4	440070027002013
3447	2011-04-15	68829	21:15:00	Pedestrian	1	NA	FALSE	FALSE	1	VALLEY ST	DEAN ST	2011-04-15	Two-Way, Divided, Positive Median Barrier	Dry	Dark - Lighted	Clear	Not a Collision Between Two Motor Vehicles in Transport	No	Traffic Control Signal	4	0	No Injury	NA	41.83139	-71.42848	FALSE	FALSE	Valley Street and Dean Street, Providence, RI, USA	Med	Raw	distance greater than 100m	TRUE	41.83139	-71.42848	2011	April	Valley	12	440070022001011
3446	2011-04-17	69073	17:24:00	Bicycle	NA	1	FALSE	FALSE	1	BROAD ST	FARRAGUT AVE	2011-04-17	Two-Way, Divided, Unprotected (painted>4feet) Medium	Dry	Daylight	Clear	Head-On (Front - to - Front)	No	Traffic Control Signal	4	1	Pain Reported	2	41.7874	-71.4028	FALSE	FALSE	Broad Street and Farragut Ave, Providence, RI, USA	Med	Raw	NA	FALSE	41.7874	-71.4028	2011	April	Washington Park	10	440070001021015
3445	2011-04-18	69193	16:22:00	Pedestrian	1	NA	FALSE	FALSE	1	350 ORMS ST	NA	2011-04-18	Unknown	Mud, Dirt, Gravel	Daylight	Clear	Not a Collision Between Two Motor Vehicles in Transport	No	No Controls	2	1	Non-Incapacitating	NA	41.83341	-71.42434	TRUE	TRUE	350 Orms Street, Providence, RI, USA	High	Raw	NA	FALSE	41.83341	-71.42434	2011	April	Smith Hill	12	440070025001001
3444	2011-04-19	69408	16:11:00	Bicycle	NA	1	FALSE	FALSE	1	ANGELL ST	STIMSON AVE	2011-04-19	Unknown	Wet	Daylight	Sleet, Hail (Freezing Rain or Drizzle)	Other	No	Stop Signs	4	1	Pain Reported	2	41.82886	-71.39482	FALSE	FALSE	Angell Street and Stimson Ave, Providence, RI, USA	Med High	Raw	NA	FALSE	41.82886	-71.39482	2011	April	College Hill	1	440070036011011
3443	2011-04-20	70121	20:12:00	Bicycle	NA	1	FALSE	FALSE	1	POTTERS AVE	PURITAN ST	2011-04-21	Two-Way , Not Divided	Dry	Dusk	Clear	Not a Collision Between Two Motor Vehicles in Transport	Yes	No Controls	1	1	Pain Reported	NA	41.80487	-71.4373	FALSE	FALSE	Potters Ave and Puritan Street, Providence, RI, USA	Med High	Raw	NA	FALSE	41.80487	-71.4373	2011	April	West End	8	440070014004003
3442	2011-04-21	70398	12:44:00	Pedestrian	1	NA	FALSE	FALSE	1	ACADEMY AVE	CHALKSTONE AVE	2011-04-26	Two-Way , Not Divided	Dry	Daylight	Clear	Not a Collision Between Two Motor Vehicles in Transport	Yes	No Controls	2	1	Pain Reported	2	41.83261	-71.44451	FALSE	FALSE	Academy Ave and Chalkstone Ave, Providence, RI, USA	Med High	Raw	NA	FALSE	41.83261	-71.44451	2011	April	Mount Pleasant	5	440070023003006
3440	2011-04-26	70413	13:45:00	Bicycle	NA	1	FALSE	FALSE	1	N MAIN ST	STENTON AVE	2011-04-26	Two-Way, Divided, Unprotected (painted>4feet) Medium	Dry	Daylight	Clear	Angle (Front - to - Side) Right Angle (Includes Broadside)	No	Stop Signs	2	1	Incapacitating	NA	41.84922	-71.40349	FALSE	FALSE	N Main Street and Stenton Ave, Providence, RI, USA	Med	Raw	NA	FALSE	41.84922	-71.40349	2011	April	Mount Hope	3	440070033003005
3439	2011-04-27	70664	21:31:00	Pedestrian	1	NA	FALSE	FALSE	1	WATERMAN ST	BENEFIT ST	2011-04-27	One-Way Trafficway	Wet	Dark - Lighted	Rain	Other	No	Traffic Control Signal	4	1	Pain Reported	2	41.82725	-71.40751	FALSE	FALSE	Waterman Street and Benefit Street, Providence, RI, USA	Med High	Raw	NA	FALSE	41.82725	-71.40751	2011	April	College Hill	2	440070036023019
3437	2011-04-28	70674	00:45:00	Pedestrian	1	NA	FALSE	FALSE	1	POWER ST	BENEFIT ST	2011-04-28	Two-Way , Not Divided	Wet	Dark - Not Lighted	Rain	Not a Collision Between Two Motor Vehicles in Transport	No	No Controls	3	1	Pain Reported	NA	41.82282	-71.40392	FALSE	FALSE	Power Street and Benefit Street, Providence, RI, USA	Med High	Raw	NA	FALSE	41.82282	-71.40392	2011	April	Fox Point	1	440070036021011
3438	2011-04-28	70743	10:46:00	Pedestrian	1	NA	FALSE	FALSE	1	SUTTON ST	ATWELLS AVE	2011-04-28	One-Way Trafficway	Wet	Daylight	Clear	Not a Collision Between Two Motor Vehicles in Transport	No	No Controls	3	1	Pain Reported	NA	41.82374	-71.42929	FALSE	FALSE	Sutton Street and Atwells Ave, Providence, RI, USA	Med High	Raw	NA	FALSE	41.82374	-71.42929	2011	April	Federal Hill	13	440070009001015
3436	2011-04-29	71406	20:24:00	Bicycle	NA	1	FALSE	FALSE	1	GEORGE ST	BROWN ST	2011-05-02	Two-Way , Not Divided	Dry	Dark - Lighted	Clear	Not a Collision Between Two Motor Vehicles in Transport	No	No Controls	2	1	Non-Incapacitating	NA	41.82535	-71.40276	FALSE	FALSE	George Street and Brown Street, Providence, RI, USA	Med	Raw	NA	FALSE	41.82535	-71.40276	2011	April	College Hill	2	440070036023025
3435	2011-04-30	71052	10:29:00	Bicycle	NA	1	FALSE	FALSE	1	160 Broad street	Service Road #7	2011-04-30	Two-Way , Not Divided	Dry	Daylight	Clear	Not a Collision Between Two Motor Vehicles in Transport	Yes	Traffic Control Signal	1	1	Pain Reported	NA	41.81734	-71.41699	TRUE	FALSE	160 Broad Street, Providence, RI, USA	High	Raw	NA	FALSE	41.81734	-71.41699	2011	April	Upper South Providence	11	440070007003001
3434	2011-05-02	71559	12:23:00	Pedestrian	1	NA	FALSE	FALSE	1	96 HOLDEN ST	JEWETT ST	2011-05-03	Two-Way , Not Divided	Dry	Daylight	Clear	Other	Yes	No Controls	1	1	Pain Reported	2	41.83146	-71.41849	TRUE	FALSE	96 Holden Street, Providence, RI, USA	High	Raw	NA	FALSE	41.83146	-71.41849	2011	May	Smith Hill	12	440070025002009
3432	2011-05-03	71543	08:24:00	Bicycle	NA	1	FALSE	FALSE	1	295 PROMENADE STREET	LELAND STREET	2011-05-03	One-Way Trafficway	Dry	Daylight	Clear	Other	No	Stop Signs	2	1	Pain Reported	NA	41.82951	-71.42107	TRUE	FALSE	295 Promenade Street, Providence, RI, USA	High	Raw	NA	FALSE	41.82951	-71.42107	2011	May	Smith Hill	12	440070025002019
3433	2011-05-03	71826	12:26:00	Bicycle	NA	1	FALSE	FALSE	1	CHARLESFIELD ST	THAYER ST	2011-05-03	Two-Way , Not Divided	Dry	Daylight	Clear	Angle (Front - to - Side) Right Angle (Includes Broadside)	No	Stop Signs	2	1	Pain Reported	2	41.82391	-71.40015	FALSE	FALSE	Charlesfield Street and Thayer Street, Providence, RI, USA	Med High	Raw	NA	FALSE	41.82391	-71.40015	2011	May	College Hill	2	440070036011036
3431	2011-05-04	72003	23:00:00	Pedestrian	1	NA	FALSE	FALSE	1	SABIN ST	MATHEWSON ST	2011-05-05	Unknown	Wet	Dark - Lighted	Sleet, Hail (Freezing Rain or Drizzle)	Other	No	No Controls	2	1	Pain Reported	NA	41.82394	-71.41634	FALSE	FALSE	Sabin Street and Mathewson Street, Providence, RI, USA	Med	Raw	distance greater than 100m	TRUE	41.82394	-71.41634	2011	May	Downtown	1	440070008001059
3430	2011-05-05	72030	08:58:00	Bicycle	NA	1	FALSE	FALSE	1	WASHINGTON ST	SERVICE ROAD 8	2011-05-05	One-Way Trafficway	Dry	Daylight	Clear	Other	No	Traffic Control Signal	2	1	Incapacitating	2	41.82021	-71.41885	FALSE	FALSE	Washington Street and Service Road 8, Providence, RI, USA	Med High	Raw	distance greater than 100m	TRUE	41.82021	-71.41885	2011	May	Downtown	1	440070008001068
3428	2011-05-06	72187	12:26:00	Bicycle	NA	1	FALSE	FALSE	1	ELMGROVE AVE	EMELINE ST	2011-05-06	Two-Way , Not Divided	Dry	Daylight	Clear	Sideswipe, Same Direction	No	No Controls	4	1	Pain Reported	NA	41.83984	-71.39247	FALSE	FALSE	Elmgrove Ave and Emeline Street, Providence, RI, USA	Med High	Raw	NA	FALSE	41.83984	-71.39247	2011	May	Blackstone	3	440070034001036
3429	2011-05-06	72199	14:44:00	Pedestrian	1	NA	FALSE	FALSE	1	POMONA AVE	PEMBERTON ST	2011-05-06	Two-Way , Not Divided	Dry	Daylight	Clear	Not a Collision Between Two Motor Vehicles in Transport	Yes	No Controls	4	1	Incapacitating	2	41.828360000000004	-71.44607	FALSE	FALSE	Pomona Ave and Pemberton Street, Providence, RI, USA	Med High	Raw	NA	FALSE	41.828360000000004	-71.44607	2011	May	Mount Pleasant	6	440070021023004
3426	2011-05-07	72373	12:56:00	Pedestrian	1	NA	FALSE	FALSE	1	310 CRANSTON ST	DEXTER ST	2011-05-07	Two-Way , Not Divided	Dry	Daylight	Clear	Not a Collision Between Two Motor Vehicles in Transport	No	No Controls	2	1	Pain Reported	NA	41.81284	-71.42912	TRUE	FALSE	310 Cranston Street, Providence, RI, USA	High	Raw	NA	FALSE	41.81284	-71.42912	2011	May	West End	11	440070012002009
3427	2011-05-07	72486	11:30:00	Pedestrian	1	NA	FALSE	FALSE	1	BLACKSTONE BLVD	IRVING AVE	2011-05-07	One-Way Trafficway	Dry	Daylight	Clear	Angle - Direction Not Specified	No	No Controls	2	1	Non-Incapacitating	NA	41.83407	-71.38367	FALSE	FALSE	Blackstone Blvd and Irving Ave, Providence, RI, USA	Med High	Raw	NA	FALSE	41.83407	-71.38367	2011	May	Wayland	2	440070034002044
3423	2011-05-09	72717	17:01:00	Bicycle	NA	1	FALSE	FALSE	1	PRESIDENT AVE	BLACKSTONE BLVD	2011-05-09	Two-Way , Not Divided	Dry	Daylight	Cloudy	Other	No	Stop Signs	5	1	Pain Reported	2	41.83642	-71.38497	FALSE	FALSE	President Ave and Blackstone Blvd, Providence, RI, USA	Med High	Raw	NA	FALSE	41.83642	-71.38497	2011	May	Blackstone	2	440070034002041
3424	2011-05-09	72888	08:36:00	Bicycle	NA	1	FALSE	FALSE	1	100 GASPEE ST	FRANCIS ST	2011-05-09	Two-Way , Not Divided	Dry	Daylight	Clear	Other	No	No Controls	3	1	Incapacitating	2	41.82944	-71.41377	TRUE	FALSE	100 Gaspee Street, Providence, RI, USA	High	Raw	distance greater than 100m	TRUE	41.82944	-71.41377	2011	May	Downtown	12	440070008001006
3425	2011-05-09	73527	20:53:00	Pedestrian	1	NA	FALSE	FALSE	1	DOUGLAS AVE	FILLMORE ST	2011-05-16	Two-Way , Not Divided	Wet	Dark - Lighted	Rain	Not a Collision Between Two Motor Vehicles in Transport	Yes	No Controls	1	1	Pain Reported	NA	41.83718	-71.42232	FALSE	FALSE	Douglas Ave and Fillmore Street, Providence, RI, USA	Med High	Raw	NA	FALSE	41.83718	-71.42232	2011	May	Smith Hill	12	440070026002005
3421	2011-05-12	73024	08:53:00	Bicycle	NA	1	FALSE	FALSE	1	324 HOPE ST	ONLEY ST	2011-05-12	Two-Way, Divided, Unprotected (painted>4feet) Medium	Dry	Daylight	Cloudy	Not a Collision Between Two Motor Vehicles in Transport	No	No Controls	3	1	Pain Reported	NA	41.83576	-71.41603	TRUE	FALSE	324 Hope Street, Providence, RI, USA	High	Geocoded	distance greater than 100m	TRUE	41.8346647	-71.4027585	2011	May	College Hill	2	440070036022000
3422	2011-05-12	73082	15:54:00	Pedestrian	1	NA	FALSE	FALSE	1	FRANCIS ST	FINANCE WAY	2011-05-12	Two-Way, Divided, Unprotected (painted>4feet) Medium	Dry	Daylight	Clear	Not a Collision Between Two Motor Vehicles in Transport	No	Traffic Control Signal	5	1	Pain Reported	NA	41.82745	-71.41541	FALSE	FALSE	Francis Street and Finance Way, Providence, RI, USA	Med	Raw	NA	FALSE	41.82745	-71.41541	2011	May	Downtown	12	440070008001013
3420	2011-05-16	73568	22:32:00	Bicycle	NA	1	FALSE	FALSE	1	WASHINGTON ST	UNION ST	2011-05-16	Two-Way , Not Divided	Wet	Dark - Lighted	Rain	Angle (Front - to - Side) Same Direction	No	Traffic Control Signal	2	1	Pain Reported	2	41.8236	-71.414	FALSE	FALSE	Washington Street and Union Street, Providence, RI, USA	Med	Raw	NA	FALSE	41.8236	-71.414	2011	May	Downtown	1	440070008001057
3417	2011-05-19	73979	11:10:00	Pedestrian	1	NA	FALSE	FALSE	1	575 CHARLES ST	MARIETTA ST	2011-05-19	Two-Way , Not Divided	Wet	Daylight	Rain	Sideswipe, Same Direction	No	No Controls	3	1	Pain Reported	NA	41.85159	-71.42019	TRUE	FALSE	575 Charles Street, Providence, RI, USA	High	Raw	NA	FALSE	41.85159	-71.42019	2011	May	Charles	4	440070029003006
3418	2011-05-19	74171	21:13:00	Pedestrian	1	NA	FALSE	FALSE	1	CHARLES ST	CHARLES ST EXIT	2011-05-19	Two-Way, Divided, Unprotected (painted>4feet) Medium	Wet	Dark - Lighted	Cloudy	Other	No	Traffic Control Signal	4	1	Pain Reported	NA	41.8422	-71.41799	FALSE	FALSE	Charles Street and Charles St Exit, Providence, RI, USA	Med	Raw	distance greater than 100m	TRUE	41.8422	-71.41799	2011	May	Charles	4	440070029004009
3419	2011-05-19	74180	20:59:00	Pedestrian	1	NA	FALSE	FALSE	1	48 ACADEMY AVE	NA	2011-05-19	Two-Way , Not Divided	Wet	Dark - Unknown Lighting	Rain	Unknown	Yes	No Controls	2	1	Pain Reported	NA	41.82618	-71.44354	TRUE	TRUE	48 Academy Ave, Providence, RI, USA	High	Raw	NA	FALSE	41.82618	-71.44354	2011	May	Mount Pleasant	6	440070022003010
3416	2011-05-20	74293	15:59:00	Pedestrian	1	NA	FALSE	FALSE	1	Manila St	Lubec Street	2011-05-20	One-Way Trafficway	Dry	Daylight	Clear	Other	No	Stop Signs	4	1	Pain Reported	NA	41.85438	-71.44557	FALSE	FALSE	Manila Street and Lubec Street, Providence, RI, USA	Med High	Raw	NA	FALSE	41.85438	-71.44557	2011	May	Wanskuck	14	440070028011004
3415	2011-05-22	74524	00:51:00	Pedestrian	1	NA	FALSE	FALSE	1	ELMWOOD AVE	PRINCETON AVE	2011-05-22	Two-Way , Not Divided	Dry	Dark - Lighted	Clear	Not a Collision Between Two Motor Vehicles in Transport	Yes	No Controls	3	1	Incapacitating	NA	41.80561	-71.42516	FALSE	FALSE	Elmwood Ave and Princeton Ave, Providence, RI, USA	Med High	Raw	NA	FALSE	41.80561	-71.42516	2011	May	West End	9	440070003023001
3414	2011-05-24	74791	20:31:00	Pedestrian	1	NA	FALSE	FALSE	1	CRANSTON ST	DIAMOND ST	2011-05-24	Two-Way , Not Divided	Dry	Daylight	Clear	Sideswipe, Same Direction	Yes	No Controls	2	1	Pain Reported	2	41.8123	-71.43017	FALSE	FALSE	Cranston Street and Diamond Street, Providence, RI, USA	Med High	Raw	NA	FALSE	41.8123	-71.43017	2011	May	West End	11	440070013001006
3413	2011-05-25	74927	17:45:00	Pedestrian	1	NA	FALSE	FALSE	1	WESTMINSTER ST	MESSER ST	2011-05-25	Two-Way , Not Divided	Dry	Daylight	Clear	Sideswipe, Same Direction	No	Stop Signs	3	1	Pain Reported	NA	41.81585	-71.43707	FALSE	FALSE	Westminster Street and Messer Street, Providence, RI, USA	Med High	Raw	NA	FALSE	41.81585	-71.43707	2011	May	West End	13	440070010002009
3412	2011-05-29	75503	12:51:00	Bicycle	NA	1	FALSE	FALSE	1	RIVER AVE	EATON ST	2011-05-29	Two-Way, Divided, Unprotected (painted>4feet) Medium	Dry	Daylight	Clear	Other	No	No Controls	3	1	Pain Reported	2	41.84231	-71.44053	FALSE	FALSE	River Ave and Eaton Street, Providence, RI, USA	Med High	Raw	NA	FALSE	41.84231	-71.44053	2011	May	Elmhurst	14	440070023005007
3411	2011-06-02	75928	17:41:00	Pedestrian	1	NA	FALSE	FALSE	1	WARREN ST	HARRISON ST	2011-06-02	Two-Way , Not Divided	Dry	Daylight	Clear	Not a Collision Between Two Motor Vehicles in Transport	No	No Controls	5	1	Non-Incapacitating	NA	41.81098	-71.42785	FALSE	FALSE	Warren Street and Harrison Street, Providence, RI, USA	Med High	Raw	NA	FALSE	41.81098	-71.42785	2011	June	West End	11	440070012003006
3409	2011-06-03	76032	00:51:00	Pedestrian	1	NA	FALSE	FALSE	1	REGENT AVE	HAROLD ST	2011-06-03	Two-Way , Not Divided	Dry	Dark - Lighted	Clear	Not a Collision Between Two Motor Vehicles in Transport	Yes	No Controls	3	1	Non-Incapacitating	NA	41.82969	-71.43909	FALSE	FALSE	Regent Ave and Harold Street, Providence, RI, USA	Med High	Raw	NA	FALSE	41.82969	-71.43909	2011	June	Valley	12	440070022004000
3410	2011-06-03	76193	18:44:00	Pedestrian	1	NA	FALSE	FALSE	1	WEYBOSSET ST	RICHMOND ST	2011-06-04	One-Way Trafficway	Dry	Daylight	Clear	Head-On (Front - to - Front)	No	Person	3	1	Pain Reported	NA	41.82307	-71.41098	FALSE	FALSE	Weybosset Street and Richmond Street, Providence, RI, USA	Med High	Geocoded	distance greater than 100m	TRUE	41.8211606	-71.4128684	2011	June	Downtown	1	440070008003064
3408	2011-06-08	76728	01:16:00	Pedestrian	1	NA	FALSE	FALSE	1	SOUTH ST	CHESTNUT ST	2011-06-08	Two-Way , Not Divided	Dry	Dark - Lighted	Clear	Not a Collision Between Two Motor Vehicles in Transport	No	No Controls	3	1	Pain Reported	NA	41.81708	-71.40858	FALSE	FALSE	South Street and Chestnut Street, Providence, RI, USA	Med High	Raw	NA	FALSE	41.81708	-71.40858	2011	June	Downtown	1	440070006001015
3407	2011-06-09	76878	16:23:00	Pedestrian	1	NA	FALSE	FALSE	1	FLORENCE ST	KOSSUTH ST	2011-06-09	One-Way Trafficway	Wet	Daylight	Clear	Not a Collision Between Two Motor Vehicles in Transport	No	No Controls	3	1	Pain Reported	NA	41.82157	-71.44596	FALSE	FALSE	Florence Street and Kossuth Street, Providence, RI, USA	Med High	Raw	NA	FALSE	41.82157	-71.44596	2011	June	Olneyville	15	440070019002002
3405	2011-06-10	77001	22:16:00	Bicycle	NA	1	FALSE	FALSE	1	GILLEN ST	CARNAC ST	2011-06-10	Two-Way , Not Divided	Dry	Dark - Lighted	Clear	Head-On (Front - to - Front)	Yes	No Controls	3	1	Pain Reported	NA	41.85293	-71.41907	FALSE	FALSE	Gillen Street and Carnac Street, Providence, RI, USA	Med High	Raw	NA	FALSE	41.85293	-71.41907	2011	June	Charles	4	440070029003004
3406	2011-06-10	77078	02:59:00	Pedestrian	1	NA	FALSE	FALSE	1	MOUNT PLEASANT AVE	OLD RD	2011-06-11	Two-Way , Not Divided	Dry	Daylight	Clear	Rear - to - Side	No	No Controls	2	1	Pain Reported	NA	41.84589	-71.45382	FALSE	FALSE	Mount Pleasant Ave and Old Rd, Providence, RI, USA	Med High	Raw	NA	FALSE	41.84589	-71.45382	2011	June	Mount Pleasant	5	440070024006000
3404	2011-06-13	77305	13:15:00	Bicycle	NA	1	FALSE	FALSE	1	WEYBOSSET ST	ORANGE ST	2011-06-13	One-Way Trafficway	Dry	Daylight	Cloudy	Not a Collision Between Two Motor Vehicles in Transport	No	No Controls	3	1	Non-Incapacitating	NA	41.82334	-71.41058	FALSE	FALSE	Weybosset Street and Orange Street, Providence, RI, USA	Med High	Raw	NA	FALSE	41.82334	-71.41058	2011	June	Downtown	1	440070008003017
3402	2011-06-16	77727	07:56:00	Pedestrian	1	NA	FALSE	FALSE	1	ATWELLS AVE	VALLEY ST	2011-06-16	Two-Way, Divided, Unprotected (painted>4feet) Medium	Dry	Daylight	Clear	Other	No	Traffic Control Signal	3	1	Non-Incapacitating	NA	41.82455	-71.43933	FALSE	FALSE	Atwells Ave and Valley Street, Providence, RI, USA	Med High	Raw	NA	FALSE	41.82455	-71.43933	2011	June	Olneyville	15	440070025003031
3403	2011-06-16	77798	15:21:00	Pedestrian	1	NA	FALSE	FALSE	1	HARTFORD AVE	ELIZA ST	2011-06-16	Two-Way , Not Divided	Dry	Daylight	Clear	Not a Collision Between Two Motor Vehicles in Transport	No	No Controls	6	1	Incapacitating	2	41.81925	-71.4635	FALSE	FALSE	Hartford Ave and Eliza Street, Providence, RI, USA	Med High	Raw	NA	FALSE	41.81925	-71.4635	2011	June	Hartford	7	440070018001014