row_number	crash_date	crash_report_id	crash_time	collision_type	count_pedestrian	count_bicycle	scooter	wheel_chair	number_of_vehicles	street_or_highway	nearest_intersection	report_date	type_of_roadway	road_surface_condition	light_condition	weather_condition	manner_of_impact	hit_and_run	traffic_control	person_count	injury_count	most_serious_injury	number_of_lanes	lat_raw	lon_raw	has_st_number	is_intersection_null	address_sent_to_geocoder	api_coord_conf	best_coordinate_set	reason_for_qa	manually_qaed_record	final_lat	final_lon	year	month	pvd_nhood	pvd_wards	geoid20
3338	2011-08-26	87829	22:12:00	Pedestrian	1	NA	FALSE	FALSE	1	ELMWOOD AVE	ADELAIDE AVE	2011-08-27	Two-Way, Divided, Positive Median Barrier	Dry	Dark - Lighted	Clear	Head-On (Front - to - Front)	No	No Controls	5	0	No Injury	NA	41.7959	-71.42512	FALSE	FALSE	Elmwood Ave and Adelaide Ave, Providence, RI, USA	Med High	Raw	NA	FALSE	41.7959	-71.42512	2011	August	Elmwood	8	440070002001014
3337	2011-08-27	87571	09:23:00	Pedestrian	1	NA	FALSE	FALSE	1	UNION AVE	WHITEHALL ST	2011-08-27	Unknown	Dry	Daylight	Clear	Other	No	No Controls	3	1	Pain Reported	NA	41.80786	-71.44358	FALSE	FALSE	Union Ave and Whitehall Street, Providence, RI, USA	Med	Raw	NA	FALSE	41.80786	-71.44358	2011	August	Silver Lake	15	440070016021009
3336	2011-08-29	87996	11:58:00	Pedestrian	1	NA	FALSE	FALSE	1	ANGELL ST	BROOK ST	2011-08-30	One-Way Trafficway	Dry	Daylight	Clear	Not a Collision Between Two Motor Vehicles in Transport	No	Traffic Control Signal	3	1	Pain Reported	NA	41.82821	-71.39947	FALSE	FALSE	Angell Street and Brook Street, Providence, RI, USA	Med High	Raw	NA	FALSE	41.82821	-71.39947	2011	August	College Hill	2	440070036011014
3335	2011-08-31	88134	15:38:00	Bicycle	NA	1	FALSE	FALSE	1	SMITH ST	GASPEE STREET	2011-09-01	Two-Way , Not Divided	Dry	Daylight	Clear	Not a Collision Between Two Motor Vehicles in Transport	No	Traffic Control Signal	2	0	No Injury	NA	41.83152	-71.41281	FALSE	FALSE	Smith Street and Gaspee Street, Providence, RI, USA	Med High	Raw	NA	FALSE	41.83152	-71.41281	2011	August	Downtown	12	440070031003034
3333	2011-09-01	88125	13:10:00	Pedestrian	1	NA	FALSE	FALSE	1	WATERMAN ST	GANO ST	2011-09-01	One-Way Trafficway	Dry	Daylight	Clear	Not a Collision Between Two Motor Vehicles in Transport	No	Traffic Control Signal	4	1	Non-Incapacitating	NA	41.82818	-71.39072	FALSE	FALSE	Waterman Street and Gano Street, Providence, RI, USA	Med High	Raw	NA	FALSE	41.82818	-71.39072	2011	September	Wayland	1	440070035003004
3334	2011-09-01	88167	23:57:00	Bicycle	NA	1	FALSE	FALSE	1	Thayer ST	Angell ST	2011-09-02	One-Way Trafficway	Dry	Dark - Lighted	Clear	Sideswipe, Same Direction	Yes	Traffic Control Signal	2	1	Pain Reported	1	41.8281	-71.40065	FALSE	FALSE	Thayer Street and Angell Street, Providence, RI, USA	Med High	Raw	NA	FALSE	41.8281	-71.40065	2011	September	College Hill	2	440070036011017
3330	2011-09-02	88246	14:45:00	Pedestrian	1	NA	FALSE	FALSE	1	CHALKSTONE AVE	GARFIELD AVE	2011-09-02	Two-Way , Not Divided	Dry	Daylight	Clear	Head-On (Front - to - Front)	No	No Controls	2	1	Incapacitating	NA	41.83382	-71.43268	FALSE	FALSE	Chalkstone Ave and Garfield Ave, Providence, RI, USA	Med High	Raw	NA	FALSE	41.83382	-71.43268	2011	September	Valley	12	440070023002005
3331	2011-09-02	88346	10:51:00	Bicycle	NA	1	FALSE	FALSE	1	SMITH ST	CALVERLY ST	2011-09-03	Two-Way , Not Divided	Dry	Daylight	Clear	Head-On (Front - to - Front)	No	No Controls	4	1	Incapacitating	2	41.83303	-71.42013	FALSE	FALSE	Smith Street and Calverly Street, Providence, RI, USA	Med High	Raw	NA	FALSE	41.83303	-71.42013	2011	September	Smith Hill	12	440070026001012
3332	2011-09-02	88634	17:19:00	Pedestrian	1	NA	FALSE	FALSE	1	MOWRY STREET	DOUGLAS AVE	2011-09-05	Two-Way , Not Divided	Dry	Daylight	Clear	Head-On (Front - to - Front)	No	Stop Signs	2	1	Pain Reported	NA	41.84364	-71.42786	FALSE	FALSE	Mowry Street and Douglas Ave, Providence, RI, USA	Med High	Raw	NA	FALSE	41.84364	-71.42786	2011	September	Wanskuck	14	440070027001016
3329	2011-09-04	88567	20:25:00	Bicycle	NA	1	FALSE	FALSE	1	Gallup Street	GORDON AVE	2011-09-04	One-Way Trafficway	Dry	Dark - Lighted	Clear	Angle (Front - to - Side) Right Angle (Includes Broadside)	No	No Controls	2	1	Pain Reported	NA	41.79987	-71.41329	FALSE	FALSE	Gallup Street and Gordon Ave, Providence, RI, USA	Med High	Raw	NA	FALSE	41.79987	-71.41329	2011	September	Lower South Providence	10	440070005002000
3328	2011-09-05	88918	13:04:00	Pedestrian	1	NA	FALSE	FALSE	1	FARRAGUT AVE	MONTGOMERY AVE	2011-09-06	Two-Way , Not Divided	Dry	Daylight	Clear	Not a Collision Between Two Motor Vehicles in Transport	No	No Controls	3	1	Incapacitating	NA	41.78652	-71.4053	FALSE	FALSE	Farragut Ave and Montgomery Ave, Providence, RI, USA	Med	Raw	distance greater than 100m	TRUE	41.78652	-71.4053	2011	September	Washington Park	10	440070001022004
3327	2011-09-06	88804	20:13:00	Pedestrian	1	NA	FALSE	FALSE	1	Broad	Malborough	2011-09-06	Two-Way , Not Divided	Wet	Dark - Lighted	Rain	Other	No	No Controls	6	1	Incapacitating	NA	41.83109	-71.4113	FALSE	FALSE	Broad and Malborough, Providence, RI, USA	Med	Geocoded	distance greater than 100m	TRUE	41.8057401	-71.4197858	2011	September	Elmwood	9	440070004002004
3325	2011-09-09	89648	19:35:00	Pedestrian	1	NA	FALSE	FALSE	1	ADMIRAL ST	FILLMORE ST	2011-09-09	Two-Way , Not Divided	Dry	Dark - Not Lighted	Clear	Not a Collision Between Two Motor Vehicles in Transport	No	No Controls	3	1	Pain Reported	NA	41.84092	-71.41999	FALSE	FALSE	Admiral Street and Fillmore Street, Providence, RI, USA	Med High	Raw	NA	FALSE	41.84092	-71.41999	2011	September	Wanskuck	4	440070027002012
3326	2011-09-09	92233	01:25:00	Pedestrian	1	NA	FALSE	FALSE	1	PINE ST	PAGE ST	2011-09-09	Two-Way , Not Divided	Dry	Dark - Lighted	Clear	Other	Yes	No Controls	7	1	Incapacitating	NA	41.82114	-71.41129	FALSE	FALSE	Pine Street and Page Street, Providence, RI, USA	Med	Raw	NA	FALSE	41.82114	-71.41129	2011	September	Downtown	1	440070008003045
3324	2011-09-13	90103	17:55:00	Bicycle	NA	1	FALSE	FALSE	1	337 BROAD ST	PORTLAND ST	2011-09-13	Two-Way , Not Divided	Dry	Daylight	Clear	Unknown	No	No Controls	2	1	Pain Reported	NA	41.81415	-71.4213	TRUE	FALSE	337 Broad Street, Providence, RI, USA	High	Raw	NA	FALSE	41.81415	-71.4213	2011	September	West End	11	440070012001005
3323	2011-09-16	91655	17:05:00	Pedestrian	1	NA	FALSE	FALSE	1	270 broad	NA	2011-09-22	Unknown	Dry	Daylight	Clear	Head-On (Front - to - Front)	No	No Controls	2	1	Incapacitating	NA	41.82447	-71.40851	TRUE	TRUE	270 Broad, Providence, RI, USA	High	Geocoded	distance greater than 100m	TRUE	41.8153081	-71.4199958	2011	September	Upper South Providence	11	440070007003005
3321	2011-09-19	91152	23:44:00	Pedestrian	1	NA	FALSE	FALSE	1	GANO ST	INDIA ST	2011-09-20	Two-Way , Not Divided	Dry	Other	Clear	Other	No	No Controls	2	0	No Injury	2	41.81919	-71.3893	FALSE	FALSE	Gano Street and India Street, Providence, RI, USA	Med High	Raw	NA	FALSE	41.81919	-71.3893	2011	September	Fox Point	1	440070037001012
3322	2011-09-19	94205	08:22:00	Pedestrian	1	NA	FALSE	FALSE	1	CHALKSTONE AVE	CLEMATIS ST	2011-10-06	Two-Way, Divided, Unprotected (painted>4feet) Medium	Dry	Daylight	Clear	Other	No	No Controls	3	1	Pain Reported	NA	41.83265	-71.44605	FALSE	FALSE	Chalkstone Ave and Clematis Street, Providence, RI, USA	Med High	Raw	NA	FALSE	41.83265	-71.44605	2011	September	Mount Pleasant	5	440070021013007
3320	2011-09-21	91598	01:18:00	Pedestrian	1	NA	FALSE	FALSE	1	CHALKSTONE AVE	DELHI ST	2011-09-21	Two-Way , Not Divided	Dry	Dark - Lighted	Clear	Not a Collision Between Two Motor Vehicles in Transport	Yes	No Controls	2	1	Incapacitating	NA	41.83644	-71.41905	FALSE	FALSE	Chalkstone Ave and Delhi Street, Providence, RI, USA	Med High	Raw	NA	FALSE	41.83644	-71.41905	2011	September	Smith Hill	4	440070026002010
3319	2011-09-22	93099	16:57:00	Pedestrian	1	NA	FALSE	FALSE	1	EXCHANGE TER	EXCHANGE ST	2011-09-29	One-Way Trafficway	Dry	Daylight	Cloudy	Angle (Front - to - Side) Right Angle (Includes Broadside)	Yes	Stop Signs	2	1	Pain Reported	3	41.82611	-71.4116	FALSE	FALSE	Exchange Ter and Exchange Street, Providence, RI, USA	Med High	Raw	distance greater than 100m	TRUE	41.82611	-71.4116	2011	September	Downtown	1	440070008001043
3318	2011-09-23	91817	12:23:00	Pedestrian	1	1	FALSE	FALSE	1	ALLENS AVE	ERNEST ST	2011-09-23	Two-Way , Not Divided	Wet	Daylight	Rain	Angle (Front - to - Side) Right Angle (Includes Broadside)	No	Traffic Control Signal	5	2	Incapacitating	4	41.79481	-71.39793	FALSE	FALSE	Allens Ave and Ernest Street, Providence, RI, USA	Med High	Raw	NA	FALSE	41.79481	-71.39793	2011	September	Washington Park	10	440070001011004
3317	2011-09-25	92050	01:30:00	Pedestrian	1	NA	FALSE	FALSE	1	644 Douglas Ave	Virginaia Lane	2011-09-25	Two-Way , Not Divided	Dry	Dark - Lighted	Clear	Unknown	Yes	No Controls	3	1	Pain Reported	NA	41.84739	-71.43057	TRUE	FALSE	644 Douglas Ave, Providence, RI, USA	High	Raw	NA	FALSE	41.84739	-71.43057	2011	September	Wanskuck	14	440070027001006
3316	2011-09-27	92529	17:08:00	Pedestrian	1	NA	FALSE	FALSE	1	MANTON AVE	WESTCOTT AVE	2011-09-27	Two-Way , Not Divided	Dry	Daylight	Clear	Not a Collision Between Two Motor Vehicles in Transport	Yes	Stop Signs	2	1	Pain Reported	2	41.83372	-71.46853	FALSE	FALSE	Manton Ave and Westcott Ave, Providence, RI, USA	Med High	Raw	NA	FALSE	41.83372	-71.46853	2011	September	Manton	6	440070020002017
3315	2011-09-28	92771	23:02:00	Bicycle	NA	1	FALSE	FALSE	1	BROADWAY	TOBEY ST	2011-09-29	Two-Way , Not Divided	Wet	Dark - Lighted	Rain	Not a Collision Between Two Motor Vehicles in Transport	No	Traffic Control Signal	3	2	Pain Reported	NA	41.81848	-71.43503	FALSE	FALSE	Broadway and Tobey Street, Providence, RI, USA	Med	Raw	NA	FALSE	41.81848	-71.43503	2011	September	Federal Hill	13	440070010001013
3314	2011-09-29	92900	16:16:00	Bicycle	NA	1	FALSE	FALSE	1	BROADWAY	DE PASQUALE AVE	2011-09-29	Two-Way , Not Divided	Dry	Daylight	Cloudy	Not a Collision Between Two Motor Vehicles in Transport	No	No Controls	3	1	Pain Reported	NA	41.82076	-71.42528	FALSE	FALSE	Broadway and De Pasquale Ave, Providence, RI, USA	Med	Raw	NA	FALSE	41.82076	-71.42528	2011	September	Federal Hill	13	440070011001006
3313	2011-10-02	93686	22:22:00	Bicycle	NA	1	FALSE	FALSE	1	DOUGLAS AVE	CHAD BROWN ST	2011-10-03	Two-Way , Not Divided	Wet	Dark - Not Lighted	Clear	Sideswipe, Same Direction	Yes	No Controls	2	1	Pain Reported	NA	41.8386	-71.42511	FALSE	FALSE	Douglas Ave and Chad Brown Street, Providence, RI, USA	Med High	Raw	NA	FALSE	41.8386	-71.42511	2011	October	Smith Hill	12	440070027003020
3312	2011-10-04	93960	19:11:00	Pedestrian	1	NA	FALSE	FALSE	1	LENNON ST	SMITH ST	2011-10-04	Two-Way , Not Divided	Wet	Dark - Lighted	Rain	Not a Collision Between Two Motor Vehicles in Transport	No	Stop Signs	2	1	Non-Incapacitating	NA	41.84506	-71.45027	FALSE	FALSE	Lennon Street and Smith Street, Providence, RI, USA	Med High	Raw	NA	FALSE	41.84506	-71.45027	2011	October	Mount Pleasant	5	440070024004026
3311	2011-10-06	94220	08:52:00	Bicycle	NA	1	FALSE	FALSE	1	S MAIN ST	PACKET ST	2011-10-06	One-Way Trafficway	Dry	Daylight	Clear	Sideswipe, Same Direction	No	No Controls	3	1	Pain Reported	NA	41.82406	-71.406720000000007	FALSE	FALSE	S Main Street and Packet Street, Providence, RI, USA	Med	Raw	distance greater than 100m	TRUE	41.82406	-71.406720000000007	2011	October	Downtown	1	440070036021005
3308	2011-10-07	94511	12:24:00	Bicycle	NA	1	FALSE	FALSE	1	SERVICE ROAD 8	WASHINGTON ST	2011-10-07	One-Way Trafficway	Dry	Daylight	Clear	Sideswipe, Same Direction	Yes	No Controls	1	1	Pain Reported	NA	41.82013	-71.41876	FALSE	FALSE	Service Road 8 and Washington Street, Providence, RI, USA	Med High	Raw	distance greater than 100m	TRUE	41.82013	-71.41876	2011	October	Downtown	1	440070008002008
3309	2011-10-07	94559	15:36:00	Pedestrian	1	NA	FALSE	FALSE	1	HUXLEY AVE	OAKDALE ST	2011-10-07	Two-Way , Not Divided	Dry	Daylight	Clear	Other	No	No Controls	3	1	Pain Reported	NA	41.83908	-71.43423	FALSE	FALSE	Huxley Ave and Oakdale Street, Providence, RI, USA	Med High	Raw	NA	FALSE	41.83908	-71.43423	2011	October	Elmhurst	5	440070023005012
3310	2011-10-07	94905	08:29:00	Bicycle	NA	1	FALSE	FALSE	1	DOUGLAS AVE	WHIPPLE ST	2011-10-10	Two-Way , Not Divided	Dry	Daylight	Clear	Angle (Front - to - Side) Right Angle (Includes Broadside)	No	No Controls	5	1	Pain Reported	2	41.83685	-71.42154	FALSE	FALSE	Douglas Ave and Whipple Street, Providence, RI, USA	Med High	Raw	NA	FALSE	41.83685	-71.42154	2011	October	Smith Hill	12	440070026002004
3307	2011-10-08	95342	17:13:00	Pedestrian	1	NA	FALSE	FALSE	1	MEMORIAL BLVD	SOUTH WATER STREET	2011-10-12	Two-Way , Not Divided	Dry	Daylight	Clear	Other	No	Traffic Control Signal	3	1	Pain Reported	2	41.8241	-71.40842	FALSE	FALSE	Memorial Blvd and South Water Street, Providence, RI, USA	Med High	Raw	NA	FALSE	41.8241	-71.40842	2011	October	Downtown	1	440070008003020
3304	2011-10-09	94836	16:12:00	Pedestrian	1	NA	FALSE	FALSE	1	GRAPE ST	ADMIRAL ST	2011-10-09	Two-Way , Not Divided	Dry	Daylight	Clear	Not a Collision Between Two Motor Vehicles in Transport	No	No Controls	2	0	No Injury	NA	41.8458	-71.43027	FALSE	FALSE	Grape Street and Admiral Street, Providence, RI, USA	Med High	Raw	NA	FALSE	41.8458	-71.43027	2011	October	Wanskuck	14	440070027004001
3305	2011-10-09	94857	17:15:00	Bicycle	NA	1	FALSE	FALSE	1	CRANSTON ST	PARADE ST	2011-10-09	Two-Way , Not Divided	Dry	Daylight	Clear	Not a Collision Between Two Motor Vehicles in Transport	No	No Controls	2	1	Pain Reported	NA	41.8118	-71.43114	FALSE	FALSE	Cranston Street and Parade Street, Providence, RI, USA	Med High	Raw	NA	FALSE	41.8118	-71.43114	2011	October	West End	8	440070013002004
3306	2011-10-09	94894	14:56:00	Pedestrian	1	NA	FALSE	FALSE	1	338 BROAD ST	BROAD ST	2011-10-09	Two-Way , Not Divided	Dry	Daylight	Clear	Not a Collision Between Two Motor Vehicles in Transport	Yes	No Controls	2	1	Pain Reported	NA	41.81397	-71.4214	TRUE	FALSE	338 Broad Street, Providence, RI, USA	High	Raw	NA	FALSE	41.81397	-71.4214	2011	October	West End	11	440070012001005
3303	2011-10-10	94917	13:58:00	Pedestrian	1	NA	FALSE	FALSE	1	22 barbara st	PONAGANSETT AVE	2011-10-10	Two-Way , Not Divided	Dry	Daylight	Clear	Not a Collision Between Two Motor Vehicles in Transport	Yes	No Controls	2	1	Pain Reported	NA	41.82046	-71.45891	TRUE	FALSE	22 Barbara Street, Providence, RI, USA	High	Raw	NA	FALSE	41.82046	-71.45891	2011	October	Hartford	7	440070018002015
3300	2011-10-11	95077	17:10:00	Pedestrian	1	NA	FALSE	FALSE	1	TUXEDO AVE	ATWELLS AVE	2011-10-11	Two-Way , Not Divided	Dry	Daylight	Clear	Not a Collision Between Two Motor Vehicles in Transport	No	Stop Signs	3	1	Pain Reported	NA	41.82452	-71.43862	FALSE	FALSE	Tuxedo Ave and Atwells Ave, Providence, RI, USA	Med High	Raw	NA	FALSE	41.82452	-71.43862	2011	October	Olneyville	15	440070025003031
3301	2011-10-11	95118	19:05:00	Bicycle	NA	1	FALSE	FALSE	1	RUGGLES ST	CHALKSTONE AVE	2011-10-11	Two-Way, Divided, Unprotected (painted>4feet) Medium	Dry	Dark - Lighted	Clear	Head-On (Front - to - Front)	Yes	Stop Signs	2	1	Non-Incapacitating	NA	41.83616	-71.42824	FALSE	FALSE	Ruggles Street and Chalkstone Ave, Providence, RI, USA	Med High	Geocoded	distance greater than 100m	TRUE	41.834637	-71.4281355	2011	October	Smith Hill	12	440070025001004
3302	2011-10-11	95196	23:31:00	Bicycle	NA	1	FALSE	FALSE	1	GEORGE ST	THAYER ST	2011-10-12	Two-Way , Not Divided	Dry	Dark - Not Lighted	Clear	Sideswipe, Same Direction	Yes	Stop Signs	1	0	No Injury	NA	41.82553	-71.40037	FALSE	FALSE	George Street and Thayer Street, Providence, RI, USA	Med	Raw	NA	FALSE	41.82553	-71.40037	2011	October	College Hill	2	440070036011022
3299	2011-10-15	95693	19:47:00	Pedestrian	1	NA	FALSE	FALSE	1	Grove St	DE SOTO ST	2011-10-15	Two-Way , Not Divided	Dry	Dark - Lighted	Clear	Not a Collision Between Two Motor Vehicles in Transport	Yes	No Controls	2	1	Pain Reported	NA	41.82015	-71.43916	FALSE	FALSE	Grove Street and De Soto Street, Providence, RI, USA	Med High	Raw	NA	FALSE	41.82015	-71.43916	2011	October	Olneyville	15	440070019001008
3298	2011-10-17	96123	21:51:00	Pedestrian	1	NA	FALSE	FALSE	1	COURTLAND ST	RING ST	2011-10-17	Two-Way , Not Divided	Dry	Dark - Lighted	Clear	Not a Collision Between Two Motor Vehicles in Transport	Yes	No Controls	1	1	Pain Reported	NA	41.82045	-71.43167	FALSE	FALSE	Courtland Street and Ring Street, Providence, RI, USA	Med High	Raw	NA	FALSE	41.82045	-71.43167	2011	October	Federal Hill	13	440070011001012
3297	2011-10-20	97496	17:53:00	Bicycle	NA	1	FALSE	FALSE	1	DOUGLAS AVE	EATON ST	2011-10-26	Two-Way , Not Divided	Dry	Dark - Lighted	Clear	Not a Collision Between Two Motor Vehicles in Transport	No	No Controls	2	1	Pain Reported	NA	41.84094	-71.42728	FALSE	FALSE	Douglas Ave and Eaton Street, Providence, RI, USA	Med High	Raw	NA	FALSE	41.84094	-71.42728	2011	October	Smith Hill	14	440070027003007
3296	2011-10-22	96778	15:32:00	Pedestrian	1	NA	FALSE	FALSE	1	JILLSON ST	OCONNOR ST	2011-10-22	Two-Way, Divided, Unprotected (painted>4feet) Medium	Dry	Daylight	Clear	Not a Collision Between Two Motor Vehicles in Transport	No	Stop Signs	5	1	Pain Reported	NA	41.79105	-71.40578	FALSE	FALSE	Jillson Street and Oconnor Street, Providence, RI, USA	Med High	Raw	NA	FALSE	41.79105	-71.40578	2011	October	Washington Park	10	440070001021010
3295	2011-10-23	97284	13:47:00	Pedestrian	2	NA	FALSE	FALSE	1	CRANSTON ST	DEXTER ST	2011-10-25	Two-Way, Divided, Unprotected (painted>4feet) Medium	Dry	Daylight	Clear	Not a Collision Between Two Motor Vehicles in Transport	No	Pavement Markings	4	2	Pain Reported	NA	41.8126	-71.42959	FALSE	FALSE	Cranston Street and Dexter Street, Providence, RI, USA	Med High	Raw	NA	FALSE	41.8126	-71.42959	2011	October	West End	11	440070012002009
3294	2011-10-25	97464	07:54:00	Pedestrian	1	NA	FALSE	FALSE	1	PENNSYLVANIA AVE	PRAIRIE AVE	2011-10-26	Two-Way , Not Divided	Dry	Daylight	Clear	Other	No	No Controls	3	1	Pain Reported	2	41.79785	-71.41152	FALSE	FALSE	Pennsylvania Ave and Prairie Ave, Providence, RI, USA	Med	Raw	NA	FALSE	41.79785	-71.41152	2011	October	Lower South Providence	10	440070005003002
3293	2011-10-27	97848	17:36:00	Pedestrian	1	NA	FALSE	FALSE	1	ELLERY ST	UNION AVE	2011-10-27	Two-Way , Not Divided	Wet	Dark - Lighted	Rain	Not a Collision Between Two Motor Vehicles in Transport	No	Stop Signs	3	1	Pain Reported	2	41.80933	-71.43838	FALSE	FALSE	Ellery Street and Union Ave, Providence, RI, USA	Med High	Raw	NA	FALSE	41.80933	-71.43838	2011	October	West End	13	440070013003007
3292	2011-10-30	99362	13:49:00	Bicycle	NA	1	FALSE	FALSE	1	RAYMOND STREET	CHALKSTONA AVE	2011-11-05	Two-Way , Not Divided	Dry	Daylight	Clear	Other	No	Traffic Control Signal	2	0	No Injury	2	41.83419	-71.43024	FALSE	FALSE	Raymond Street and Chalkstona Ave, Providence, RI, USA	Med	Raw	NA	FALSE	41.83419	-71.43024	2011	October	Elmhurst	12	440070025001007
3291	2011-11-01	99388	17:43:00	Bicycle	NA	1	FALSE	FALSE	1	MEMORIAL BLVD	COLLEGE ST	2011-11-05	Two-Way, Divided, Positive Median Barrier	Dry	Daylight	Clear	Not a Collision Between Two Motor Vehicles in Transport	No	Traffic Control Signal	3	1	Pain Reported	NA	41.8253	-71.40882	FALSE	FALSE	Memorial Blvd and College Street, Providence, RI, USA	Med High	Raw	NA	FALSE	41.8253	-71.40882	2011	November	Downtown	1	440070008003005
3290	2011-11-05	99925	23:10:00	Bicycle	NA	1	FALSE	FALSE	1	WASHINGTON ST	EMPIRE ST	2011-11-07	Two-Way, Divided, Unprotected (painted>4feet) Medium	Dry	Dark - Lighted	Clear	Angle (Front - to - Side) Opposite Direction	No	Traffic Control Signal	3	1	Non-Incapacitating	NA	41.82182	-71.41645	FALSE	FALSE	Washington Street and Empire Street, Providence, RI, USA	Med	Raw	NA	FALSE	41.82182	-71.41645	2011	November	Downtown	1	440070008001072
3289	2011-11-07	99865	14:50:00	Pedestrian	1	NA	FALSE	FALSE	1	240 REGENT AVE	NA	2011-11-07	One-Way Trafficway	Dry	Daylight	Clear	Head-On (Front - to - Front)	No	No Controls	4	1	Pain Reported	1	41.82935	-71.44315	TRUE	TRUE	240 Regent Ave, Providence, RI, USA	High	Raw	NA	FALSE	41.82935	-71.44315	2011	November	Valley	6	440070022004006
3287	2011-11-08	100293	06:30:00	Pedestrian	1	NA	FALSE	FALSE	1	ATWELLS AVE	LYNCH ST	2011-11-09	Two-Way , Not Divided	Dry	Dawn	Clear	Other	Yes	No Controls	1	1	Incapacitating	NA	41.82524	-71.45222	FALSE	FALSE	Atwells Ave and Lynch Street, Providence, RI, USA	Med High	Raw	NA	FALSE	41.82524	-71.45222	2011	November	Olneyville	6	440070021024009
3283	2011-11-09	100372	15:02:00	Bicycle	NA	1	FALSE	FALSE	1	LLOYD AVE	TABER AVE	2011-11-09	Two-Way , Not Divided	Dry	Daylight	Clear	Not a Collision Between Two Motor Vehicles in Transport	No	Stop Signs	3	1	Non-Incapacitating	2	41.83385	-71.39245	FALSE	FALSE	Lloyd Ave and Taber Ave, Providence, RI, USA	Med High	Raw	NA	FALSE	41.83385	-71.39245	2011	November	Blackstone	2	440070034004035
3284	2011-11-09	100379	17:14:00	Pedestrian	1	NA	FALSE	FALSE	1	WESTMINSTER ST EXIT	WESTMINSTER ST	2011-11-09	One-Way Trafficway	Dry	Dark - Not Lighted	Clear	Not a Collision Between Two Motor Vehicles in Transport	No	Traffic Control Signal	2	1	Pain Reported	NA	41.81576	-71.43865	FALSE	FALSE	Westminster Street Exit and Westminster Street, Providence, RI, USA	Med	Raw	distance greater than 100m	TRUE	41.81576	-71.43865	2011	November	West End	13	440070010002009
3285	2011-11-09	100401	17:09:00	Pedestrian	1	NA	FALSE	FALSE	1	Atwells Ave	Newton St	2011-11-09	Two-Way , Not Divided	Wet	Dark - Lighted	Clear	Head-On (Front - to - Front)	No	No Controls	3	1	Pain Reported	NA	41.82326	-71.42223	FALSE	FALSE	Atwells Ave and Newton Street, Providence, RI, USA	Med High	Raw	NA	FALSE	41.82326	-71.42223	2011	November	Federal Hill	13	440070009001037
3286	2011-11-09	100622	17:55:00	Pedestrian	1	NA	FALSE	FALSE	1	310 CRANSTON ST	HARRISON ST	2011-11-09	Two-Way , Not Divided	Dry	Daylight	Clear	Not a Collision Between Two Motor Vehicles in Transport	Yes	No Controls	2	1	Pain Reported	NA	41.81286	-71.42908	TRUE	FALSE	310 Cranston Street, Providence, RI, USA	High	Raw	NA	FALSE	41.81286	-71.42908	2011	November	West End	11	440070012002009
3282	2011-11-10	100629	11:15:00	Pedestrian	1	NA	FALSE	FALSE	1	ELMWOOD AVE	Lenox Ave	2011-11-10	Two-Way, Divided, Unprotected (painted>4feet) Medium	Wet	Daylight	Cloudy	Not a Collision Between Two Motor Vehicles in Transport	No	No Controls	3	1	Pain Reported	4	41.80357	-71.42571	FALSE	FALSE	Elmwood Ave and Lenox Ave, Providence, RI, USA	Med High	Geocoded	distance greater than 100m	TRUE	41.7952146	-71.424723	2011	November	Elmwood	9	440070002002008
3280	2011-11-11	100914	14:57:00	Bicycle	NA	1	FALSE	FALSE	1	HOPE ST	CARRINGTON AVE	2011-11-11	Two-Way , Not Divided	Dry	Daylight	Clear	Angle (Front - to - Side) Right Angle (Includes Broadside)	No	No Controls	5	0	No Injury	NA	41.83617	-71.40138	FALSE	FALSE	Hope Street and Carrington Ave, Providence, RI, USA	Med High	Raw	NA	FALSE	41.83617	-71.40138	2011	November	Mount Hope	3	440070034004023
3281	2011-11-11	100945	19:04:00	Pedestrian	1	NA	FALSE	FALSE	1	HUXLEY AVE	EATON ST	2011-11-11	Two-Way, Divided, Unprotected (painted>4feet) Medium	Dry	Dark - Lighted	Clear	Head-On (Front - to - Front)	No	No Controls	4	1	Pain Reported	NA	41.84322	-71.43327	FALSE	FALSE	Huxley Ave and Eaton Street, Providence, RI, USA	Med High	Raw	distance greater than 100m	TRUE	41.84322	-71.43327	2011	November	Elmhurst	14	440070024003000
3279	2011-11-15	101752	19:17:00	Bicycle	NA	1	FALSE	FALSE	1	DEAN ST	KINSLEY AVE	2011-11-15	Two-Way, Divided, Positive Median Barrier	Dry	Dark - Lighted	Clear	Not a Collision Between Two Motor Vehicles in Transport	Yes	Traffic Control Signal	3	1	Non-Incapacitating	NA	41.82884	-71.42646	FALSE	FALSE	Dean Street and Kinsley Ave, Providence, RI, USA	Med High	Raw	NA	FALSE	41.82884	-71.42646	2011	November	Smith Hill	13	440070025003005
3276	2011-11-18	102454	12:25:00	Pedestrian	1	NA	FALSE	FALSE	1	HARRIS AVE	ATWELLS AVE	2011-11-18	Two-Way , Not Divided	Dry	Daylight	Clear	Head-On (Front - to - Front)	No	Traffic Control Signal	2	1	Pain Reported	NA	41.82446	-71.4355	FALSE	FALSE	Harris Ave and Atwells Ave, Providence, RI, USA	Med High	Raw	NA	FALSE	41.82446	-71.4355	2011	November	Olneyville	15	440070025003034