row_number	crash_date	crash_report_id	crash_time	collision_type	count_pedestrian	count_bicycle	scooter	wheel_chair	number_of_vehicles	street_or_highway	nearest_intersection	report_date	type_of_roadway	road_surface_condition	light_condition	weather_condition	manner_of_impact	hit_and_run	traffic_control	person_count	injury_count	most_serious_injury	number_of_lanes	lat_raw	lon_raw	has_st_number	is_intersection_null	address_sent_to_geocoder	api_coord_conf	best_coordinate_set	reason_for_qa	manually_qaed_record	final_lat	final_lon	year	month	pvd_nhood	pvd_wards	geoid20
3277	2011-11-18	102469	15:39:00	Pedestrian	1	NA	FALSE	FALSE	1	896 CHALKSTONE AVE	NA	2011-11-18	Two-Way , Not Divided	Dry	Daylight	Clear	Angle (Front - to - Side) Right Angle (Includes Broadside)	No	No Controls	4	1	Pain Reported	NA	41.83316	-71.43696	TRUE	TRUE	896 Chalkstone Ave, Providence, RI, USA	High	Raw	NA	FALSE	41.83316	-71.43696	2011	November	Elmhurst	5	440070023002010
3278	2011-11-18	102541	19:30:00	Pedestrian	1	NA	FALSE	FALSE	1	NEWARK ST	VALLEY ST	2011-11-18	Two-Way , Not Divided	Dry	Dark - Lighted	Clear	Head-On (Front - to - Front)	No	No Controls	3	1	Pain Reported	NA	41.82521	-71.43932	FALSE	FALSE	Newark Street and Valley Street, Providence, RI, USA	Med High	Raw	NA	FALSE	41.82521	-71.43932	2011	November	Valley	12	440070022002019
3274	2011-11-21	102984	12:07:00	Pedestrian	1	NA	FALSE	FALSE	1	WICKENDEN ST	TRAVERSE ST	2011-11-21	Two-Way , Not Divided	Dry	Daylight	Clear	Other	No	No Controls	2	1	Pain Reported	NA	41.81938	-71.3993	FALSE	FALSE	Wickenden Street and Traverse Street, Providence, RI, USA	Med High	Raw	NA	FALSE	41.81938	-71.3993	2011	November	Fox Point	1	440070037004017
3275	2011-11-21	103034	15:17:00	Pedestrian	1	NA	FALSE	FALSE	1	NARRAGANSETT BLVD	WASHINGTON AVE	2011-11-21	Two-Way, Divided, Unprotected (painted>4feet) Medium	Dry	Daylight	Clear	Not a Collision Between Two Motor Vehicles in Transport	No	No Controls	4	1	Pain Reported	NA	41.78811	-71.3957	FALSE	FALSE	Narragansett Blvd and Washington Ave, Providence, RI, USA	Med High	Raw	NA	FALSE	41.78811	-71.3957	2011	November	Washington Park	10	440070001012006
3273	2011-11-23	103609	16:34:00	Pedestrian	1	NA	FALSE	FALSE	1	CRANSTON ST	DODGE ST	2011-11-23	Two-Way , Not Divided	Dry	Dark - Lighted	Cloudy	Not a Collision Between Two Motor Vehicles in Transport	No	No Controls	3	1	Pain Reported	NA	41.81454	-71.4259	FALSE	FALSE	Cranston Street and Dodge Street, Providence, RI, USA	Med High	Raw	NA	FALSE	41.81454	-71.4259	2011	November	West End	11	440070012001001
3272	2011-11-28	104102	21:55:00	Pedestrian	1	NA	FALSE	FALSE	1	WASHINGTON ST	DEAN ST	2011-11-28	Two-Way, Divided, Unprotected (painted>4feet) Medium	Dry	Dark - Lighted	Clear	Rear End(Front-to-Rear)	Yes	Traffic Control Signal	2	1	Pain Reported	NA	41.81957	-71.4199	FALSE	FALSE	Washington Street and Dean Street, Providence, RI, USA	Med	Raw	NA	FALSE	41.81957	-71.4199	2011	November	Federal Hill	13	440070011002010
3271	2011-11-29	104381	19:06:00	Pedestrian	1	NA	FALSE	FALSE	1	1025 Chalkstone Avenue	Tiffany Street	2011-11-29	Two-Way , Not Divided	Wet	Dark - Lighted	Cloudy	Head-On (Front - to - Front)	Yes	No Controls	1	1	Pain Reported	NA	41.81901	-71.41835	TRUE	FALSE	1025 Chalkstone Avenue, Providence, RI, USA	High	Geocoded	distance greater than 100m	TRUE	41.8325346	-71.4419493	2011	November	Elmhurst	5	440070023003004
3270	2011-11-30	104366	13:15:00	Bicycle	NA	1	FALSE	FALSE	1	CANAL ST	PARK ROW	2011-11-30	One-Way Trafficway	Dry	Daylight	Clear	Angle (Front - to - Side) Same Direction	No	No Controls	2	1	Pain Reported	NA	41.82881	-71.41081	FALSE	FALSE	Canal Street and Park Row, Providence, RI, USA	Med	Raw	NA	FALSE	41.82881	-71.41081	2011	November	Downtown	3	440070008001000
3269	2011-12-01	104466	09:30:00	Bicycle	NA	1	FALSE	FALSE	1	CADY ST	BENEFIT ST	2011-12-01	Two-Way , Not Divided	Dry	Daylight	Clear	Angle (Front - to - Side) Right Angle (Includes Broadside)	No	No Controls	2	1	Non-Incapacitating	NA	41.82986	-71.40868	FALSE	FALSE	Cady Street and Benefit Street, Providence, RI, USA	Med High	Raw	NA	FALSE	41.82986	-71.40868	2011	December	College Hill	3	440070031004025
3267	2011-12-06	105274	09:44:00	Pedestrian	1	NA	FALSE	FALSE	1	250 BROOK ST.	POWER ST	2011-12-06	Two-Way, Divided, Unprotected (painted>4feet) Medium	Wet	Daylight	Cloudy	Head-On (Front - to - Front)	No	Stop Signs	3	1	Pain Reported	NA	41.82306	-71.3987	TRUE	FALSE	250 Brook St., Providence, RI, USA	High	Raw	NA	FALSE	41.82306	-71.3987	2011	December	College Hill	1	440070036011032
3268	2011-12-06	105459	21:22:00	Pedestrian	1	NA	FALSE	FALSE	1	PLAINFIELD ST	EDNA ST	2011-12-06	Two-Way , Not Divided	Wet	Dark - Lighted	Rain	Not a Collision Between Two Motor Vehicles in Transport	Yes	Traffic Control Signal	2	1	Incapacitating	NA	41.81587	-71.44522	FALSE	FALSE	Plainfield Street and Edna Street, Providence, RI, USA	Med High	Raw	NA	FALSE	41.81587	-71.44522	2011	December	Olneyville	15	440070016011001
3265	2011-12-07	105642	19:54:00	Pedestrian	1	NA	FALSE	FALSE	1	THAYER ST	MANNING WALK	2011-12-07	One-Way Trafficway	Wet	Dark - Not Lighted	Rain	Not a Collision Between Two Motor Vehicles in Transport	No	No Controls	3	1	Pain Reported	NA	41.82628	-71.40045	FALSE	FALSE	Thayer Street and Manning Walk, Providence, RI, USA	Med High	Raw	NA	FALSE	41.82628	-71.40045	2011	December	College Hill	2	440070036011022
3266	2011-12-07	105671	16:37:00	Pedestrian	1	NA	FALSE	FALSE	1	ROCHAMBEAU AVE	HOPE ST	2011-12-07	Two-Way , Not Divided	Wet	Dark - Lighted	Rain	Other	No	Traffic Control Signal	3	1	Pain Reported	NA	41.84691	-71.39617	FALSE	FALSE	Rochambeau Ave and Hope Street, Providence, RI, USA	Med High	Raw	NA	FALSE	41.84691	-71.39617	2011	December	Mount Hope	3	440070033003023
3264	2011-12-09	106269	15:23:00	Pedestrian	1	NA	FALSE	FALSE	1	BROAD ST	CAHIR ST	2011-12-09	Two-Way , Not Divided	Dry	Daylight	Clear	Not a Collision Between Two Motor Vehicles in Transport	No	Traffic Control Signal	2	1	Pain Reported	NA	41.8169	-71.41797	FALSE	FALSE	Broad Street and Cahir Street, Providence, RI, USA	Med	Raw	NA	FALSE	41.8169	-71.41797	2011	December	Upper South Providence	11	440070007003002
3263	2011-12-10	106320	20:32:00	Pedestrian	1	NA	FALSE	FALSE	1	SERVICE ROAD 8	BROADWAY	2011-12-11	One-Way Trafficway	Dry	Dark - Lighted	Clear	Angle (Front - to - Side) Right Angle (Includes Broadside)	No	Traffic Control Signal	2	1	Pain Reported	3	41.82212	-71.41976	FALSE	FALSE	Service Road 8 and Broadway, Providence, RI, USA	Med High	Raw	distance greater than 100m	TRUE	41.82212	-71.41976	2011	December	Federal Hill	1	440070008001063
3262	2011-12-12	106493	17:58:00	Pedestrian	1	NA	FALSE	FALSE	1	WEYBOSSET ST	EDDY ST	2011-12-12	One-Way Trafficway	Dry	Dark - Lighted	Clear	Not a Collision Between Two Motor Vehicles in Transport	No	No Controls	3	1	Pain Reported	NA	41.82239	-71.41165	FALSE	FALSE	Weybosset Street and Eddy Street, Providence, RI, USA	Med High	Raw	NA	FALSE	41.82239	-71.41165	2011	December	Downtown	1	440070008003043
3260	2011-12-13	106528	06:41:00	Pedestrian	1	NA	FALSE	FALSE	1	PUBLIC ST	EDDY ST	2011-12-13	Two-Way , Not Divided	Dry	Dark - Lighted	Clear	Sideswipe, Same Direction	No	Traffic Control Signal	4	1	Pain Reported	2	41.80731	-71.40725	FALSE	FALSE	Public Street and Eddy Street, Providence, RI, USA	Med High	Raw	NA	FALSE	41.80731	-71.40725	2011	December	Upper South Providence	11	440070006001073
3258	2011-12-14	106786	18:09:00	Pedestrian	1	NA	FALSE	FALSE	1	CANTON STREET	LINTON STREET	2011-12-14	Two-Way , Not Divided	Dry	Dark - Lighted	Clear	Angle (Front - to - Side) Right Angle (Includes Broadside)	Yes	No Controls	3	1	Pain Reported	2	41.82998	-71.41313	FALSE	FALSE	Canton Street and Linton Street, Providence, RI, USA	Med High	Geocoded	distance greater than 100m	TRUE	41.8316079	-71.442375	2011	December	Valley	6	440070022004003
3259	2011-12-14	107955	16:42:00	Pedestrian	1	NA	FALSE	FALSE	1	BROAD ST	SERVICE ROAD 7	2011-12-20	Two-Way , Not Divided	Dry	Dark - Lighted	Clear	Not a Collision Between Two Motor Vehicles in Transport	No	Traffic Control Signal	2	1	Pain Reported	NA	41.81736	-71.41696	FALSE	FALSE	Broad Street and Service Road 7, Providence, RI, USA	Med	Raw	NA	FALSE	41.81736	-71.41696	2011	December	Upper South Providence	11	440070007003001
3257	2011-12-15	107031	22:23:00	Pedestrian	1	NA	FALSE	FALSE	1	EXIT 21 (RT )	ATWELLS AVE	2011-12-15	One-Way Trafficway	Wet	Dark - Not Lighted	Rain	Not a Collision Between Two Motor Vehicles in Transport	No	Traffic Control Signal	4	1	Pain Reported	NA	41.82327	-71.42051	FALSE	FALSE	Exit 21 (Rt ) and Atwells Ave, Providence, RI, USA	Med	Raw	distance greater than 100m	TRUE	41.82327	-71.42051	2011	December	Federal Hill	13	440070009001039
3256	2011-12-17	107475	17:00:00	Pedestrian	1	NA	FALSE	FALSE	1	N MAIN ST	RANDALL ST	2011-12-17	Unknown	Dry	Dark - Lighted	Clear	Other	No	No Controls	2	1	Pain Reported	NA	41.83787	-71.40933	FALSE	FALSE	N Main Street and Randall Street, Providence, RI, USA	Med	Raw	NA	FALSE	41.83787	-71.40933	2011	December	College Hill	3	440070031004002
3255	2011-12-21	108193	17:55:00	Pedestrian	1	NA	FALSE	FALSE	1	POWER ST	IVES ST	2011-12-21	Two-Way , Not Divided	Wet	Dark - Lighted	Rain	Other	No	Stop Signs	2	1	Pain Reported	2	41.82368	-71.39231	FALSE	FALSE	Power Street and Ives Street, Providence, RI, USA	Med High	Raw	NA	FALSE	41.82368	-71.39231	2011	December	Fox Point	1	440070035002014
3254	2011-12-27	109884	18:04:00	Pedestrian	1	NA	FALSE	FALSE	1	WEYBOSSET ST	BROAD ST	2012-01-03	One-Way Trafficway	Wet	Dark - Lighted	Rain	Angle (Front - to - Side) Right Angle (Includes Broadside)	No	Flashing Traffic Control Signal	2	1	Pain Reported	2	41.82005	-71.41431	FALSE	FALSE	Weybosset Street and Broad Street, Providence, RI, USA	Med High	Raw	NA	FALSE	41.82005	-71.41431	2011	December	Downtown	1	440070008003068
3253	2011-12-29	109107	17:37:00	Pedestrian	1	NA	FALSE	FALSE	1	HOPE ST	CHACE AVE	2011-12-29	Two-Way , Not Divided	Dry	Dark - Lighted	Clear	Not a Collision Between Two Motor Vehicles in Transport	No	No Controls	3	1	Non-Incapacitating	NA	41.85605	-71.39154	FALSE	FALSE	Hope Street and Chace Ave, Providence, RI, USA	Med High	Raw	NA	FALSE	41.85605	-71.39154	2011	December	Hope	3	440070033001010
3252	2012-01-01	109470	03:52:00	Pedestrian	1	NA	FALSE	FALSE	1	PAVILION AVE	EDDY ST	2012-01-01	Two-Way , Not Divided	Wet	Dark - Not Lighted	Clear	Not a Collision Between Two Motor Vehicles in Transport	Yes	No Controls	1	1	Pain Reported	NA	41.79749	-71.40558	FALSE	FALSE	Pavilion Ave and Eddy Street, Providence, RI, USA	Med High	Raw	NA	FALSE	41.79749	-71.40558	2012	January	Lower South Providence	10	440070005003012
3251	2012-01-04	110204	15:40:00	Bicycle	NA	1	FALSE	FALSE	1	POTTERS AVE	SEABURY ST	2012-01-05	Two-Way , Not Divided	Dry	Daylight	Clear	Not a Collision Between Two Motor Vehicles in Transport	No	No Controls	2	1	Pain Reported	NA	41.80318	-71.43255	FALSE	FALSE	Potters Ave and Seabury Street, Providence, RI, USA	Med High	Raw	NA	FALSE	41.80318	-71.43255	2012	January	West End	8	440070014004012
3250	2012-01-06	110481	22:54:00	Pedestrian	1	NA	FALSE	FALSE	1	200 UNION AVE	WHITEHALL ST	2012-01-07	Two-Way , Not Divided	Dry	Dark - Lighted	Clear	Not a Collision Between Two Motor Vehicles in Transport	No	No Controls	3	1	Non-Incapacitating	NA	41.80778	-71.4439	TRUE	FALSE	200 Union Ave, Providence, RI, USA	High	Raw	NA	FALSE	41.80778	-71.4439	2012	January	Silver Lake	15	440070016021009
3249	2012-01-07	113774	16:56:00	Pedestrian	1	NA	FALSE	FALSE	1	Wickenden Street	HOPE ST	2012-01-25	Two-Way , Not Divided	Dry	Dark - Lighted	Clear	Other	No	Stop Signs	2	1	Incapacitating	2	41.81981	-71.39542	FALSE	FALSE	Wickenden Street and Hope Street, Providence, RI, USA	Med High	Raw	NA	FALSE	41.81981	-71.39542	2012	January	Fox Point	1	440070037003016
3248	2012-01-11	111363	17:28:00	Pedestrian	1	NA	FALSE	FALSE	1	WESTMINSTER ST EXIT	WESTMINSTER ST	2012-01-11	One-Way Trafficway	Dry	Dark - Not Lighted	Clear	Sideswipe, Same Direction	No	Traffic Control Signal	4	0	No Injury	2	41.81575	-71.43866	FALSE	FALSE	Westminster Street Exit and Westminster Street, Providence, RI, USA	Med	Raw	distance greater than 100m	TRUE	41.81575	-71.43866	2012	January	West End	13	440070010002009
3247	2012-01-12	114078	23:35:00	Pedestrian	1	NA	FALSE	FALSE	1	307 ALLENS AVE	ALLENS AVE	2012-01-12	Two-Way , Not Divided	Wet	Dark - Lighted	Rain	Not a Collision Between Two Motor Vehicles in Transport	No	No Controls	2	1	Pain Reported	NA	41.80486	-71.40223	TRUE	FALSE	307 Allens Ave, Providence, RI, USA	High	Raw	NA	FALSE	41.80486	-71.40223	2012	January	Lower South Providence	10	440070006001045
3246	2012-01-17	112343	14:52:00	Pedestrian	1	NA	FALSE	FALSE	1	N MAIN ST	OLNEY ST	2012-01-17	One-Way Trafficway	Wet	Daylight	Rain	Other	No	No Controls	4	1	Fatal	NA	41.83606	-71.4097	FALSE	FALSE	N Main Street and Olney Street, Providence, RI, USA	Med	Raw	distance greater than 100m	TRUE	41.83606	-71.4097	2012	January	College Hill	3	440070031004002
3244	2012-01-24	113411	10:14:00	Pedestrian	1	NA	FALSE	FALSE	1	1268 Broad St	PARKVIEW AVE	2012-01-24	Unknown	Dry	Daylight	Clear	Not a Collision Between Two Motor Vehicles in Transport	No	No Controls	2	1	Incapacitating	NA	41.79213	-71.40712	TRUE	FALSE	1268 Broad Street, Providence, RI, USA	High	Raw	NA	FALSE	41.79213	-71.40712	2012	January	Washington Park	10	440070001021005
3245	2012-01-24	113435	09:12:00	Bicycle	NA	1	FALSE	FALSE	1	BROAD ST	SERVICE ROAD 8	2012-01-24	One-Way Trafficway	Wet	Daylight	Clear	Angle (Front - to - Side) Right Angle (Includes Broadside)	No	Traffic Control Signal	6	1	Incapacitating	2	41.81796	-71.41629	FALSE	FALSE	Broad Street and Service Road 8, Providence, RI, USA	Med High	Raw	distance greater than 100m	TRUE	41.81796	-71.41629	2012	January	Downtown	1	440070008002011
3243	2012-01-25	113780	19:03:00	Bicycle	NA	1	FALSE	FALSE	1	RUGBY ST	THURBERS AVE	2012-01-25	Two-Way , Not Divided	Dry	Dark - Lighted	Clear	Other	No	No Controls	2	1	Pain Reported	NA	41.79963	-71.40726	FALSE	FALSE	Rugby Street and Thurbers Ave, Providence, RI, USA	Med High	Raw	NA	FALSE	41.79963	-71.40726	2012	January	Lower South Providence	10	440070005001015
3241	2012-01-26	113951	18:18:00	Pedestrian	1	NA	FALSE	FALSE	1	WESTMINSTER ST	CAHIR ST	2012-01-26	Two-Way , Not Divided	Wet	Dark - Lighted	Rain	Head-On (Front - to - Front)	No	No Controls	3	1	Pain Reported	NA	41.81828	-71.42005	FALSE	FALSE	Westminster Street and Cahir Street, Providence, RI, USA	Med High	Raw	NA	FALSE	41.81828	-71.42005	2012	January	Federal Hill	13	440070011002018
3242	2012-01-26	114842	17:03:00	Pedestrian	1	NA	FALSE	FALSE	1	ASHBURTON ST	RANDALL ST	2012-01-26	Two-Way, Divided, Unprotected (painted>4feet) Medium	Wet	Dark - Lighted	Sleet, Hail (Freezing Rain or Drizzle)	Not a Collision Between Two Motor Vehicles in Transport	No	No Controls	2	1	Pain Reported	2	41.83578	-71.41199	FALSE	FALSE	Ashburton Street and Randall Street, Providence, RI, USA	Med High	Raw	NA	FALSE	41.83578	-71.41199	2012	January	Mount Hope	3	440070031003011
3239	2012-01-27	114155	17:22:00	Pedestrian	1	NA	FALSE	FALSE	1	POTTERS AVE	HAMILTON ST	2012-01-27	Two-Way , Not Divided	Dry	Dark - Lighted	Clear	Not a Collision Between Two Motor Vehicles in Transport	Yes	Stop Signs	1	1	Pain Reported	NA	41.80188	-71.42265	FALSE	FALSE	Potters Ave and Hamilton Street, Providence, RI, USA	Med High	Raw	NA	FALSE	41.80188	-71.42265	2012	January	Elmwood	9	440070003022007
3240	2012-01-27	114192	14:02:00	Pedestrian	1	NA	FALSE	FALSE	1	GASPEE ST	FRANCIS ST	2012-01-28	Two-Way , Not Divided	Dry	Daylight	Cloudy	Not a Collision Between Two Motor Vehicles in Transport	No	No Controls	2	0	No Injury	2	41.82916	-71.41494	FALSE	FALSE	Gaspee Street and Francis Street, Providence, RI, USA	Med High	Raw	NA	FALSE	41.82916	-71.41494	2012	January	Downtown	12	440070008001006
3238	2012-01-29	114346	14:32:00	Pedestrian	1	NA	FALSE	FALSE	1	EMPIRE ST	WASHINGTON ST	2012-01-30	Two-Way , Not Divided	Dry	Daylight	Clear	Not a Collision Between Two Motor Vehicles in Transport	No	Traffic Control Signal	2	1	Pain Reported	3	41.82181	-71.41644	FALSE	FALSE	Empire Street and Washington Street, Providence, RI, USA	Med High	Raw	NA	FALSE	41.82181	-71.41644	2012	January	Downtown	1	440070008001072
3237	2012-01-30	114344	08:05:00	Pedestrian	2	NA	FALSE	FALSE	1	ROCHAMBEAU AVE	ELMGROVE AVE	2012-01-30	Two-Way , Not Divided	Dry	Daylight	Clear	Not a Collision Between Two Motor Vehicles in Transport	No	Stop Signs	4	2	Pain Reported	NA	41.84657	-71.39126	FALSE	FALSE	Rochambeau Ave and Elmgrove Ave, Providence, RI, USA	Med High	Raw	NA	FALSE	41.84657	-71.39126	2012	January	Blackstone	2	440070034001022
3236	2012-01-31	114756	19:15:00	Bicycle	NA	1	FALSE	FALSE	1	F C GREENE MEMORIAL BLVD	NORWOOD AVE	2012-02-01	Two-Way , Not Divided	Dry	Dark - Not Lighted	Clear	Not a Collision Between Two Motor Vehicles in Transport	No	No Controls	2	0	No Injury	NA	41.77983	-71.40607	FALSE	FALSE	F C Greene Memorial Blvd and Norwood Ave, Providence, RI, USA	Med High	Raw	NA	FALSE	41.77983	-71.40607	2012	January	South Elmwood	9	440070001022007
3235	2012-02-01	114736	15:38:00	Pedestrian	1	NA	FALSE	FALSE	1	BAXTER ST	NORWICH AVE	2012-02-01	Two-Way , Not Divided	Dry	Daylight	Clear	Other	Yes	No Controls	2	1	Pain Reported	NA	41.80273	-71.41628	FALSE	FALSE	Baxter Street and Norwich Ave, Providence, RI, USA	Med High	Raw	NA	FALSE	41.80273	-71.41628	2012	February	Lower South Providence	10	440070004004004
3233	2012-02-03	114979	12:18:00	Pedestrian	1	NA	FALSE	FALSE	1	Park Row	CANAL ST	2012-02-03	One-Way Trafficway	Dry	Daylight	Clear	Other	Yes	Stop Signs	4	1	Pain Reported	NA	41.82669	-71.40949	FALSE	FALSE	Park Row and Canal Street, Providence, RI, USA	Med High	Neither	distance greater than 100m	TRUE	41.828577	-71.41015	2012	February	College Hill	3	440070008001000
3234	2012-02-03	115721	09:21:00	Pedestrian	1	NA	FALSE	FALSE	1	CALIFORNIA AVE	EDDY ST	2012-02-08	Two-Way , Not Divided	Dry	Daylight	Clear	Other	No	No Controls	2	1	Pain Reported	NA	41.78814	-71.4025	FALSE	FALSE	California Ave and Eddy Street, Providence, RI, USA	Med High	Raw	NA	FALSE	41.78814	-71.4025	2012	February	Washington Park	10	440070001014007
3232	2012-02-06	115369	08:14:00	Pedestrian	1	NA	FALSE	FALSE	1	Dorrance St	Fulton St	2012-02-06	Two-Way , Not Divided	Dry	Daylight	Clear	Other	No	Traffic Control Signal	2	1	Pain Reported	2	41.82413	-71.41236	FALSE	FALSE	Dorrance Street and Fulton Street, Providence, RI, USA	Med High	Raw	NA	FALSE	41.82413	-71.41236	2012	February	Downtown	1	440070008003016
3231	2012-02-07	115799	15:49:00	Bicycle	NA	1	FALSE	FALSE	1	Bond St	Atwells Ave	2012-02-07	One-Way Trafficway	Dry	Daylight	Clear	Other	No	Stop Signs	2	0	No Injury	NA	41.82333	-71.42313	FALSE	FALSE	Bond Street and Atwells Ave, Providence, RI, USA	Med	Raw	NA	FALSE	41.82333	-71.42313	2012	February	Federal Hill	13	440070009001048
3230	2012-02-08	115749	09:41:00	Pedestrian	1	NA	FALSE	FALSE	1	OLNEYVILLE SQ	HARTFORD AVE	2012-02-08	Two-Way, Divided, Unprotected (painted>4feet) Medium	Dry	Daylight	Clear	Not a Collision Between Two Motor Vehicles in Transport	No	No Controls	2	0	No Injury	NA	41.81681	-71.44372	FALSE	FALSE	Olneyville Sq and Hartford Ave, Providence, RI, USA	Med	Raw	NA	FALSE	41.81681	-71.44372	2012	February	Olneyville	15	440070019003009
3228	2012-02-09	115943	17:50:00	Bicycle	NA	1	FALSE	FALSE	1	ROGER WILLIAMS AVE	ELMWOOD AVE	2012-02-09	Two-Way, Divided, Positive Median Barrier	Dry	Dark - Lighted	Clear	Angle (Front - to - Side) Right Angle (Includes Broadside)	No	Traffic Control Signal	3	1	Pain Reported	NA	41.78851	-71.42102	FALSE	FALSE	Roger Williams Ave and Elmwood Ave, Providence, RI, USA	Med High	Raw	NA	FALSE	41.78851	-71.42102	2012	February	Elmwood	8	440070002005035
3229	2012-02-09	117024	10:56:00	Pedestrian	1	NA	FALSE	FALSE	1	CRANSTON ST	ANTHONY AVE	2012-02-15	Two-Way, Divided, Unprotected (painted>4feet) Medium	Dry	Daylight	Clear	Sideswipe, Same Direction	Yes	No Controls	2	1	Pain Reported	NA	41.80423	-71.43868	FALSE	FALSE	Cranston Street and Anthony Ave, Providence, RI, USA	Med High	Raw	NA	FALSE	41.80423	-71.43868	2012	February	West End	8	440070014005001
3224	2012-02-10	116086	07:33:00	Pedestrian	1	NA	FALSE	FALSE	1	HARTFORD AVE	OPHELIA ST	2012-02-10	Two-Way , Not Divided	Dry	Daylight	Clear	Other	No	Stop Signs	3	1	Pain Reported	2	41.81934	-71.4641	FALSE	FALSE	Hartford Ave and Ophelia Street, Providence, RI, USA	Med High	Raw	NA	FALSE	41.81934	-71.4641	2012	February	Hartford	7	440070018001015
3225	2012-02-10	116228	14:06:00	Pedestrian	1	NA	FALSE	FALSE	1	WESTMINSTER ST	DEAN ST	2012-02-11	Two-Way , Not Divided	Dry	Daylight	Clear	Not a Collision Between Two Motor Vehicles in Transport	No	Traffic Control Signal	3	1	Pain Reported	NA	41.81822	-71.42018	FALSE	FALSE	Westminster Street and Dean Street, Providence, RI, USA	Med High	Raw	NA	FALSE	41.81822	-71.42018	2012	February	Federal Hill	13	440070011002018
3226	2012-02-10	116263	19:22:00	Bicycle	NA	NA	FALSE	FALSE	2	BERNON ST	CANDACE ST	2012-02-10	Two-Way , Not Divided	Dry	Dark - Lighted	Clear	Angle (Front - to - Side) Right Angle (Includes Broadside)	No	Stop Signs	4	1	Pain Reported	NA	41.83511	-71.4223	FALSE	FALSE	Bernon Street and Candace Street, Providence, RI, USA	Med High	Raw	NA	FALSE	41.83511	-71.4223	2012	February	Smith Hill	12	440070026001004
3227	2012-02-10	116524	22:15:00	Pedestrian	1	NA	FALSE	FALSE	1	WASHINGTON ST	EMPIRE ST	2012-02-12	Two-Way , Not Divided	Wet	Dark - Lighted	Rain	Other	Yes	Traffic Control Signal	3	1	Non-Incapacitating	NA	41.82182	-71.41645	FALSE	FALSE	Washington Street and Empire Street, Providence, RI, USA	Med	Raw	NA	FALSE	41.82182	-71.41645	2012	February	Downtown	1	440070008001072
3223	2012-02-13	116852	15:38:00	Pedestrian	1	NA	FALSE	FALSE	1	BENEDICT ST	CRANSTON ST	2012-02-13	Two-Way , Not Divided	Dry	Daylight	Clear	Not a Collision Between Two Motor Vehicles in Transport	Yes	No Controls	4	1	Pain Reported	NA	41.80576	-71.43816	FALSE	FALSE	Benedict Street and Cranston Street, Providence, RI, USA	Med High	Raw	NA	FALSE	41.80576	-71.43816	2012	February	West End	8	440070014005014
3220	2012-02-20	117769	12:26:00	Bicycle	NA	1	FALSE	FALSE	1	THAYER ST	CUSHING ST	2012-02-20	One-Way Trafficway	Dry	Daylight	Clear	Not a Collision Between Two Motor Vehicles in Transport	No	No Controls	3	0	No Injury	NA	41.83003	-71.4009	FALSE	FALSE	Thayer Street and Cushing Street, Providence, RI, USA	Med High	Raw	NA	FALSE	41.83003	-71.4009	2012	February	College Hill	2	440070036011009
3221	2012-02-20	117795	15:13:00	Bicycle	NA	1	FALSE	FALSE	1	Knight Street	ATWELLS AVE	2012-02-20	Two-Way, Divided, Positive Median Barrier	Dry	Daylight	Clear	Other	No	Stop Signs	2	1	Pain Reported	NA	41.82398	-71.43234	FALSE	FALSE	Knight Street and Atwells Ave, Providence, RI, USA	Med High	Raw	NA	FALSE	41.82398	-71.43234	2012	February	Federal Hill	13	440070009001009
3222	2012-02-20	117931	18:21:00	Pedestrian	1	NA	FALSE	FALSE	1	FALLON AVE	CHALKSTONE AVE	2012-02-20	Two-Way , Not Divided	Dry	Dark - Lighted	Clear	Not a Collision Between Two Motor Vehicles in Transport	No	No Controls	2	1	Pain Reported	NA	41.83235	-71.44335	FALSE	FALSE	Fallon Ave and Chalkstone Ave, Providence, RI, USA	Med High	Raw	NA	FALSE	41.83235	-71.44335	2012	February	Valley	5	440070023003005
3219	2012-02-22	117961	07:25:00	Bicycle	NA	1	FALSE	FALSE	1	US HWY 6 W EXIT	DEAN ST	2012-02-22	One-Way Trafficway	Wet	Daylight	Clear	Not a Collision Between Two Motor Vehicles in Transport	No	No Controls	3	1	Non-Incapacitating	NA	41.82657	-71.42605	FALSE	FALSE	Us Hwy 6 W Exit and Dean Street, Providence, RI, USA	Med	Raw	distance greater than 100m	TRUE	41.82657	-71.42605	2012	February	Smith Hill	13	440070025003024
3217	2012-02-24	118197	10:54:00	Pedestrian	1	NA	FALSE	FALSE	1	DELAINE STREET	MANTON AVE	2012-02-24	Two-Way , Not Divided	Wet	Daylight	Rain	Sideswipe, Same Direction	No	Traffic Control Signal	2	1	Pain Reported	2	41.818	-71.44458	FALSE	FALSE	Delaine Street and Manton Ave, Providence, RI, USA	Med High	Raw	NA	FALSE	41.818	-71.44458	2012	February	Olneyville	15	440070019002008
3218	2012-02-24	118347	18:24:00	Pedestrian	1	NA	FALSE	FALSE	1	WESTMINSTER ST	DEXTER ST	2012-02-25	Two-Way , Not Divided	Wet	Dark - Lighted	Rain	Not a Collision Between Two Motor Vehicles in Transport	No	No Controls	3	1	Pain Reported	NA	41.81659	-71.43134	FALSE	FALSE	Westminster Street and Dexter Street, Providence, RI, USA	Med High	Raw	NA	FALSE	41.81659	-71.43134	2012	February	West End	13	440070010001017