row_number	crash_date	crash_report_id	crash_time	collision_type	count_pedestrian	count_bicycle	scooter	wheel_chair	number_of_vehicles	street_or_highway	nearest_intersection	report_date	type_of_roadway	road_surface_condition	light_condition	weather_condition	manner_of_impact	hit_and_run	traffic_control	person_count	injury_count	most_serious_injury	number_of_lanes	lat_raw	lon_raw	has_st_number	is_intersection_null	address_sent_to_geocoder	api_coord_conf	best_coordinate_set	reason_for_qa	manually_qaed_record	final_lat	final_lon	year	month	pvd_nhood	pvd_wards	geoid20
3156	2012-05-26	132047	22:24:00	Pedestrian	1	NA	FALSE	FALSE	1	FRANCIS ST	AMERICAN EXPRESS PLZ	2012-05-27	Two-Way, Divided, Unprotected (painted>4feet) Medium	Dry	Dark - Lighted	Clear	Not a Collision Between Two Motor Vehicles in Transport	No	No Controls	3	1	Pain Reported	NA	41.82798	-71.41533	FALSE	FALSE	Francis Street and American Express Plz, Providence, RI, USA	Med	Raw	distance greater than 100m	TRUE	41.82798	-71.41533	2012	May	Downtown	12	440070008001011
3154	2012-05-28	131981	08:56:00	Bicycle	NA	1	FALSE	FALSE	1	387 CHARLES ST	SILVER SPRING ST	2012-05-29	Two-Way , Not Divided	Dry	Daylight	Clear	Angle (Front - to - Side) Right Angle (Includes Broadside)	No	Traffic Control Signal	3	1	Pain Reported	2	41.8437	-71.41835	TRUE	FALSE	387 Charles Street, Providence, RI, USA	High	Raw	NA	FALSE	41.8437	-71.41835	2012	May	Charles	4	440070029004011
3153	2012-05-29	132068	14:50:00	Pedestrian	1	NA	FALSE	FALSE	1	PRAIRIE AVE	THURBERS AVE	2012-05-29	Two-Way , Not Divided	Dry	Daylight	Clear	Head-On (Front - to - Front)	Yes	No Controls	2	1	Pain Reported	NA	41.79869	-71.41189	FALSE	FALSE	Prairie Ave and Thurbers Ave, Providence, RI, USA	Med High	Raw	NA	FALSE	41.79869	-71.41189	2012	May	Lower South Providence	10	440070005001018
3152	2012-05-30	132358	10:05:00	Bicycle	NA	1	FALSE	FALSE	1	BROADWAY	DEAN ST	2012-05-31	Two-Way , Not Divided	Dry	Daylight	Cloudy	Angle (Front - to - Side) Right Angle (Includes Broadside)	No	Traffic Control Signal	3	1	Pain Reported	NA	41.8214	-71.42253	FALSE	FALSE	Broadway and Dean Street, Providence, RI, USA	Med	Raw	NA	FALSE	41.8214	-71.42253	2012	May	Federal Hill	13	440070011001002
3150	2012-05-31	132461	15:01:00	Bicycle	NA	1	FALSE	FALSE	1	John Street	Governor Street	2012-05-31	Two-Way , Not Divided	Dry	Daylight	Clear	Not a Collision Between Two Motor Vehicles in Transport	No	No Controls	2	1	Incapacitating	2	41.82253	-71.39402	FALSE	FALSE	John Street and Governor Street, Providence, RI, USA	Med	Raw	NA	FALSE	41.82253	-71.39402	2012	May	Fox Point	1	440070037001004
3151	2012-05-31	132497	18:49:00	Pedestrian	1	NA	FALSE	FALSE	1	VIOLET ST	CHALKSTONE AVE	2012-05-31	Two-Way , Not Divided	Dry	Daylight	Clear	Not a Collision Between Two Motor Vehicles in Transport	No	No Controls	3	0	No Injury	NA	41.83464	-71.42661	FALSE	FALSE	Violet Street and Chalkstone Ave, Providence, RI, USA	Med High	Raw	NA	FALSE	41.83464	-71.42661	2012	May	Smith Hill	12	440070025001008
3149	2012-06-01	132553	18:30:00	Bicycle	NA	1	FALSE	FALSE	1	LEAH ST	FAIRMOUNT AVE	2012-06-01	Two-Way , Not Divided	Dry	Daylight	Clear	Head-On (Front - to - Front)	No	No Controls	2	1	Incapacitating	NA	41.82591	-71.45146	FALSE	FALSE	Leah Street and Fairmount Ave, Providence, RI, USA	Med High	Raw	NA	FALSE	41.82591	-71.45146	2012	June	Mount Pleasant	6	440070021024016
3145	2012-06-03	132814	03:02:00	Pedestrian	1	NA	FALSE	FALSE	1	SERVICE ROAD 7	BROAD ST.	2012-06-03	One-Way Trafficway	Dry	Dark - Lighted	Clear	Not a Collision Between Two Motor Vehicles in Transport	No	Traffic Control Signal	5	1	Incapacitating	2	41.81736	-71.41696	FALSE	FALSE	Service Road 7 and Broad St., Providence, RI, USA	Med High	Raw	NA	FALSE	41.81736	-71.41696	2012	June	Upper South Providence	11	440070007003001
3146	2012-06-03	132866	17:20:00	Bicycle	NA	1	FALSE	FALSE	1	Manton Ave	Riverdale St	2012-06-03	Two-Way , Not Divided	Dry	Daylight	Clear	Not a Collision Between Two Motor Vehicles in Transport	No	No Controls	7	1	Incapacitating	2	41.82628	-71.45977	FALSE	FALSE	Manton Ave and Riverdale Street, Providence, RI, USA	Med High	Raw	NA	FALSE	41.82628	-71.45977	2012	June	Manton	6	440070020002039
3147	2012-06-03	132868	18:41:00	Pedestrian	1	NA	FALSE	FALSE	1	PLAINFIELD ST	DUXBURY ST	2012-06-03	Two-Way, Divided, Positive Median Barrier	Dry	Daylight	Clear	Other	No	No Controls	2	1	Pain Reported	NA	41.81216	-71.46155	FALSE	FALSE	Plainfield Street and Duxbury Street, Providence, RI, USA	Med High	Raw	NA	FALSE	41.81216	-71.46155	2012	June	Silver Lake	7	440070018005007
3148	2012-06-03	132877	16:31:00	Pedestrian	1	NA	FALSE	FALSE	1	SORRENTO ST	LINWOOD AVENUE	2012-06-03	Two-Way , Not Divided	Dry	Daylight	Clear	Not a Collision Between Two Motor Vehicles in Transport	No	No Controls	4	1	Pain Reported	2	41.80829	-71.437	FALSE	FALSE	Sorrento Street and Linwood Avenue, Providence, RI, USA	Med High	Raw	NA	FALSE	41.80829	-71.437	2012	June	West End	8	440070014003005
3143	2012-06-05	133026	17:41:00	Pedestrian	1	NA	FALSE	FALSE	1	711 Broad Street	BROAD ST	2012-06-05	Unknown	Dry	Daylight	Cloudy	Unknown	No	No Controls	4	1	Pain Reported	NA	41.80483	-71.4195	TRUE	FALSE	711 Broad Street, Providence, RI, USA	High	Raw	NA	FALSE	41.80483	-71.4195	2012	June	Elmwood	9	440070004002006
3142	2012-06-06	133931	12:23:00	Pedestrian	1	NA	FALSE	FALSE	1	PUTNAM ST	AMHERST ST	2012-06-06	Two-Way , Not Divided	Dry	Daylight	Cloudy	Angle (Front - to - Side) Right Angle (Includes Broadside)	No	Stop Signs	3	1	Pain Reported	NA	41.82338	-71.44394	FALSE	FALSE	Putnam Street and Amherst Street, Providence, RI, USA	Med High	Raw	NA	FALSE	41.82338	-71.44394	2012	June	Olneyville	15	440070019006006
3141	2012-06-09	133748	23:23:00	Pedestrian	1	NA	FALSE	FALSE	1	SASSAFRAS ST	SAVINGS ST	2012-06-11	Two-Way , Not Divided	Dry	Dark - Unknown Lighting	Clear	Not a Collision Between Two Motor Vehicles in Transport	No	No Controls	3	1	Pain Reported	NA	41.7939	-71.41379	FALSE	FALSE	Sassafras Street and Savings Street, Providence, RI, USA	Med High	Raw	NA	FALSE	41.7939	-71.41379	2012	June	Elmwood	9	440070002005036
3140	2012-06-10	133549	08:16:00	Bicycle	NA	1	FALSE	FALSE	1	LESTER ST	GILMORE ST	2012-06-10	Two-Way , Not Divided	Dry	Daylight	Clear	Angle (Front - to - Side) Right Angle (Includes Broadside)	No	Stop Signs	3	0	No Injury	NA	41.81312	-71.42722	FALSE	FALSE	Lester Street and Gilmore Street, Providence, RI, USA	Med High	Raw	NA	FALSE	41.81312	-71.42722	2012	June	West End	11	440070012002012
3138	2012-06-11	133806	15:02:00	Bicycle	NA	1	FALSE	FALSE	1	ELMWOOD AVE	WHITMARSH ST	2012-06-11	Two-Way , Not Divided	Dry	Daylight	Cloudy	Not a Collision Between Two Motor Vehicles in Transport	No	No Controls	2	1	Pain Reported	NA	41.80604	-71.42504	FALSE	FALSE	Elmwood Ave and Whitmarsh Street, Providence, RI, USA	Med High	Raw	NA	FALSE	41.80604	-71.42504	2012	June	West End	9	440070003023000
3139	2012-06-11	133820	15:26:00	Pedestrian	1	NA	FALSE	FALSE	1	NEWARK ST	VALLEY ST	2012-06-11	Two-Way , Not Divided	Dry	Daylight	Clear	Head-On (Front - to - Front)	No	Stop Signs	3	1	Pain Reported	NA	41.82521	-71.43931	FALSE	FALSE	Newark Street and Valley Street, Providence, RI, USA	Med High	Raw	NA	FALSE	41.82521	-71.43931	2012	June	Valley	12	440070025003031
3137	2012-06-13	134209	16:11:00	Pedestrian	1	NA	FALSE	FALSE	1	Chalkstone Avenue	Fallon Street	2012-06-13	Two-Way , Not Divided	Wet	Daylight	Rain	Angle (Front - to - Side) Right Angle (Includes Broadside)	No	No Controls	3	1	Pain Reported	2	41.81512	-71.43972	FALSE	FALSE	Chalkstone Avenue and Fallon Street, Providence, RI, USA	Med High	Geocoded	distance greater than 100m	TRUE	41.832336	-71.443344	2012	June	Valley	5	440070023003005
3136	2012-06-14	134257	14:24:00	Pedestrian	1	NA	FALSE	FALSE	1	KENNEDY PLZ	DORRANCE ST	2012-06-14	One-Way Trafficway	Dry	Daylight	Clear	Not a Collision Between Two Motor Vehicles in Transport	No	No Controls	4	1	Pain Reported	NA	41.82437	-71.41206	FALSE	FALSE	Kennedy Plz and Dorrance Street, Providence, RI, USA	Med High	Raw	NA	FALSE	41.82437	-71.41206	2012	June	Downtown	1	440070008003016
3135	2012-06-16	134686	21:24:00	Pedestrian	1	NA	FALSE	FALSE	1	DORRANCE STREET	PINE ST	2012-06-17	Unknown	Dry	Daylight	Clear	Not a Collision Between Two Motor Vehicles in Transport	No	No Controls	8	1	Pain Reported	NA	41.82252	-71.41028	FALSE	FALSE	Dorrance Street and Pine Street, Providence, RI, USA	Med High	Raw	NA	FALSE	41.82252	-71.41028	2012	June	Downtown	1	440070008003026
3133	2012-06-17	134482	00:50:00	Bicycle	NA	1	FALSE	FALSE	1	POTTERS AVE	HAMILTON ST	2012-06-17	Two-Way , Not Divided	Dry	Dark - Lighted	Clear	Not a Collision Between Two Motor Vehicles in Transport	Yes	No Controls	3	1	Pain Reported	NA	41.80188	-71.42265	FALSE	FALSE	Potters Ave and Hamilton Street, Providence, RI, USA	Med High	Raw	NA	FALSE	41.80188	-71.42265	2012	June	Elmwood	9	440070003022007
3134	2012-06-17	134523	11:00:00	Bicycle	NA	1	FALSE	FALSE	1	ELMWOOD AVE	WEST FRIENDSHIP STREET	2012-06-17	Two-Way , Not Divided	Dry	Daylight	Clear	Angle (Front - to - Side) Right Angle (Includes Broadside)	No	Traffic Control Signal	4	1	Pain Reported	NA	41.80983	-71.42409	FALSE	FALSE	Elmwood Ave and West Friendship Street, Providence, RI, USA	Med High	Raw	NA	FALSE	41.80983	-71.42409	2012	June	West End	11	440070012003010
3131	2012-06-18	134787	20:00:00	Bicycle	NA	1	FALSE	FALSE	1	Westminster St	Library Ct	2012-06-18	Two-Way, Divided, Unprotected (painted>4feet) Medium	Dry	Daylight	Clear	Angle (Front - to - Side) Right Angle (Includes Broadside)	No	Traffic Control Signal	3	1	Pain Reported	NA	41.81675	-71.44355	FALSE	FALSE	Westminster Street and Library Ct, Providence, RI, USA	Med High	Raw	NA	FALSE	41.81675	-71.44355	2012	June	Olneyville	15	440070019002013
3132	2012-06-18	134819	19:54:00	Pedestrian	1	NA	FALSE	FALSE	1	F C GREENE MEMORIAL BLVD	F C GREENE MEMORIAL BLVD	2012-06-18	Two-Way , Not Divided	Dry	Daylight	Clear	Not a Collision Between Two Motor Vehicles in Transport	No	No Controls	4	1	Pain Reported	NA	41.77944	-71.41418	FALSE	FALSE	F C Greene Memorial Blvd and F C Greene Memorial Blvd, Providence, RI, USA	Med High	Raw	distance greater than 100m	TRUE	41.77944	-71.41418	2012	June	South Elmwood	9	440070001022036
3130	2012-06-19	134928	11:22:00	Pedestrian	1	NA	FALSE	FALSE	1	WESTERLY AVE	POCASSET AVE	2012-06-19	Two-Way , Not Divided	Dry	Daylight	Clear	Other	Yes	No Controls	1	1	Pain Reported	NA	41.80883	-71.45525	FALSE	FALSE	Westerly Ave and Pocasset Ave, Providence, RI, USA	Med High	Raw	NA	FALSE	41.80883	-71.45525	2012	June	Silver Lake	7	440070017001000
3128	2012-06-20	135039	11:18:00	Bicycle	NA	1	FALSE	FALSE	1	HUNTINGTON AVENUE	PLYMOUTH AVENUE	2012-06-20	Two-Way , Not Divided	Dry	Daylight	Clear	Angle (Front - to - Side) Right Angle (Includes Broadside)	No	Stop Signs	3	1	Pain Reported	4	41.83763	-71.43363	FALSE	FALSE	Huntington Avenue and Plymouth Avenue, Providence, RI, USA	Med High	Geocoded	distance greater than 100m	TRUE	41.801147	-71.432198	2012	June	West End	8	440070014004022
3129	2012-06-20	135784	10:14:00	Bicycle	NA	1	FALSE	FALSE	1	1229 WESTMINSTER ST	HAMMOND ST	2012-06-26	Two-Way , Not Divided	Dry	Daylight	Clear	Angle (Front - to - Side) Right Angle (Includes Broadside)	No	No Controls	2	1	Pain Reported	2	41.81683	-71.42915	TRUE	FALSE	1229 Westminster Street, Providence, RI, USA	High	Raw	NA	FALSE	41.81683	-71.42915	2012	June	West End	13	440070011002028
3126	2012-06-23	135423	11:25:00	Bicycle	NA	1	FALSE	FALSE	1	ATWELLS AVE	CUTLER ST	2012-06-23	Two-Way , Not Divided	Dry	Daylight	Clear	Angle (Front - to - Side) Same Direction	No	No Controls	3	1	Pain Reported	NA	41.82468	-71.44157	FALSE	FALSE	Atwells Ave and Cutler Street, Providence, RI, USA	Med High	Raw	NA	FALSE	41.82468	-71.44157	2012	June	Olneyville	15	440070022002021
3127	2012-06-23	135438	19:08:00	Bicycle	NA	1	FALSE	FALSE	1	Morning Star Row	PINE ST	2012-06-23	Unknown	Dry	Daylight	Clear	Angle (Front - to - Side) Right Angle (Includes Broadside)	No	No Controls	7	1	Pain Reported	NA	41.81157	-71.42005	FALSE	FALSE	Morning Star Row and Pine Street, Providence, RI, USA	Med	Raw	NA	FALSE	41.81157	-71.42005	2012	June	Upper South Providence	11	440070007002023
3123	2012-06-24	135526	10:47:00	Pedestrian	2	NA	FALSE	TRUE	1	PLAINFIELD ST	744 PLAINFIELD ST - INDOORS	2012-06-24	Unknown	Dry	Daylight	Clear	Rear End(Front-to-Rear)	No	No Controls	3	1	Pain Reported	NA	41.81043	-71.4623	FALSE	FALSE	Plainfield Street and 744 Plainfield St - Indoors, Providence, RI, USA	Med High	Raw	NA	FALSE	41.81043	-71.4623	2012	June	Silver Lake	7	440070017003006
3124	2012-06-24	135562	19:10:00	Bicycle	NA	1	FALSE	FALSE	1	PROMENADE ST	DEAN ST	2012-06-24	One-Way Trafficway	Dry	Daylight	Clear	Not a Collision Between Two Motor Vehicles in Transport	No	Yield Signs	7	0	No Injury	NA	41.82941	-71.42624	FALSE	FALSE	Promenade Street and Dean Street, Providence, RI, USA	Med High	Raw	NA	FALSE	41.82941	-71.42624	2012	June	Smith Hill	12	440070025002016
3125	2012-06-24	135839	18:26:00	Bicycle	NA	1	FALSE	FALSE	1	Gallup Street	BROAD ST	2012-06-26	Two-Way , Not Divided	Dry	Daylight	Clear	Angle (Front - to - Side) Right Angle (Includes Broadside)	No	Stop Signs	2	1	Pain Reported	NA	41.79932	-71.41591	FALSE	FALSE	Gallup Street and Broad Street, Providence, RI, USA	Med High	Raw	NA	FALSE	41.79932	-71.41591	2012	June	Elmwood	10	440070005002006
3120	2012-06-26	135791	10:41:00	Bicycle	NA	1	FALSE	FALSE	1	WASHINGTON ST	CLEMENCE ST	2012-06-26	Two-Way , Not Divided	Dry	Daylight	Clear	Other	No	No Controls	4	1	Pain Reported	2	41.82334	-71.41438	FALSE	FALSE	Washington Street and Clemence Street, Providence, RI, USA	Med High	Raw	NA	FALSE	41.82334	-71.41438	2012	June	Downtown	1	440070008001056
3121	2012-06-26	135826	15:27:00	Bicycle	NA	1	FALSE	FALSE	1	MEMORIAL BLVD	STEEPLE ST	2012-06-26	One-Way Trafficway	Dry	Daylight	Clear	Angle - Direction Not Specified	No	Traffic Control Signal	4	1	Pain Reported	2	41.82677	-71.41063	FALSE	FALSE	Memorial Blvd and Steeple Street, Providence, RI, USA	Med	Raw	distance greater than 100m	TRUE	41.82677	-71.41063	2012	June	Downtown	1	440070008001033
3119	2012-06-28	135994	12:32:00	Bicycle	NA	1	FALSE	FALSE	1	CHALKSTONE AVE	FALLON AVE	2012-06-28	Two-Way , Not Divided	Dry	Daylight	Clear	Rear End(Front-to-Rear)	No	No Controls	4	1	Non-Incapacitating	2	41.83234	-71.44337	FALSE	FALSE	Chalkstone Ave and Fallon Ave, Providence, RI, USA	Med High	Raw	NA	FALSE	41.83234	-71.44337	2012	June	Valley	5	440070023003005
3117	2012-06-29	136370	21:46:00	Bicycle	NA	1	FALSE	FALSE	1	Knight St	WASHINGTON ST	2012-07-01	Two-Way , Not Divided	Dry	Dark - Lighted	Clear	Angle (Front - to - Side) Right Angle (Includes Broadside)	Yes	No Controls	2	0	No Injury	2	41.81775	-71.42688	FALSE	FALSE	Knight Street and Washington Street, Providence, RI, USA	Med High	Raw	NA	FALSE	41.81775	-71.42688	2012	June	Federal Hill	13	440070011002021
3118	2012-06-29	136409	16:25:00	Pedestrian	1	NA	FALSE	FALSE	1	F C GREENE MEMORIAL BLVD	MARION AVE	2012-07-01	Two-Way , Not Divided	Dry	Daylight	Clear	Unknown	Yes	No Controls	1	0	No Injury	NA	41.78669	-71.40754	FALSE	FALSE	F C Greene Memorial Blvd and Marion Ave, Providence, RI, USA	Med High	Raw	NA	FALSE	41.78669	-71.40754	2012	June	South Elmwood	10	440070001022002
3116	2012-06-30	136225	00:40:00	Bicycle	NA	1	FALSE	FALSE	1	SACRAMENTO ST	GLENBRIDGE AVE	2012-06-30	Two-Way , Not Divided	Dry	Dark - Lighted	Clear	Not a Collision Between Two Motor Vehicles in Transport	Yes	No Controls	1	1	Pain Reported	NA	41.82402	-71.45977	FALSE	FALSE	Sacramento Street and Glenbridge Ave, Providence, RI, USA	Med High	Raw	NA	FALSE	41.82402	-71.45977	2012	June	Manton	6	440070020002046
3115	2012-07-01	136694	11:06:00	Bicycle	NA	1	FALSE	FALSE	1	ACADEMY AVE	NEWARK ST	2012-07-05	Two-Way , Not Divided	Dry	Daylight	Clear	Not a Collision Between Two Motor Vehicles in Transport	No	Stop Signs	2	1	Pain Reported	2	41.82544	-71.4434	FALSE	FALSE	Academy Ave and Newark Street, Providence, RI, USA	Med High	Raw	NA	FALSE	41.82544	-71.4434	2012	July	Mount Pleasant	6	440070022003012
3114	2012-07-04	136616	12:32:00	Bicycle	NA	1	FALSE	FALSE	1	MOUNT PLEASANT AVENUE	CHALKSTONE AVENUE	2012-07-04	Two-Way , Not Divided	Dry	Daylight	Clear	Angle (Front - to - Side) Right Angle (Includes Broadside)	No	Traffic Control Signal	3	1	Pain Reported	2	41.81499	-71.37472	FALSE	FALSE	Mount Pleasant Avenue and Chalkstone Avenue, Providence, RI, USA	Med High	Geocoded	distance greater than 100m	TRUE	41.83271	-71.4497544	2012	July	Mount Pleasant	5	440070021013006
3112	2012-07-08	137099	16:37:00	Pedestrian	1	NA	FALSE	FALSE	1	BANCROFT ST	KELLEY ST	2012-07-09	Unknown	Dry	Daylight	Clear	Not a Collision Between Two Motor Vehicles in Transport	Yes	No Controls	1	1	Pain Reported	NA	41.81299	-71.44798	FALSE	FALSE	Bancroft Street and Kelley Street, Providence, RI, USA	Med High	Raw	NA	FALSE	41.81299	-71.44798	2012	July	Silver Lake	15	440070016012017
3109	2012-07-09	137117	16:44:00	Bicycle	NA	1	FALSE	FALSE	1	ALLSTON ST	RIVER AVE	2012-07-09	Two-Way , Not Divided	Dry	Daylight	Clear	Angle (Front - to - Side) Right Angle (Includes Broadside)	No	Stop Signs	3	1	Pain Reported	NA	41.8298	-71.43651	FALSE	FALSE	Allston Street and River Ave, Providence, RI, USA	Med High	Raw	NA	FALSE	41.8298	-71.43651	2012	July	Valley	12	440070022002001
3110	2012-07-09	137136	17:04:00	Pedestrian	1	NA	FALSE	FALSE	1	Hannah st	AMSTERDAM ST	2012-07-09	Two-Way , Not Divided	Dry	Daylight	Clear	Not a Collision Between Two Motor Vehicles in Transport	Yes	No Controls	1	1	Pain Reported	2	41.82435	-71.4487	FALSE	FALSE	Hannah Street and Amsterdam Street, Providence, RI, USA	Med High	Raw	NA	FALSE	41.82435	-71.4487	2012	July	Olneyville	6	440070019005003
3111	2012-07-09	137173	22:24:00	Pedestrian	1	NA	FALSE	FALSE	1	KINSLEY AVE	PARK ST	2012-07-09	One-Way Trafficway	Dry	Dark - Lighted	Clear	Not a Collision Between Two Motor Vehicles in Transport	No	No Controls	4	1	Pain Reported	NA	41.82754	-71.41768	FALSE	FALSE	Kinsley Ave and Park Street, Providence, RI, USA	Med	Raw	distance greater than 100m	TRUE	41.82754	-71.41768	2012	July	Downtown	12	440070008001046
3107	2012-07-13	137573	08:33:00	Pedestrian	1	NA	FALSE	FALSE	1	DORRANCE STREET	WEYBOSSET STREET	2012-07-13	Two-Way , Not Divided	Dry	Daylight	Clear	Other	No	Traffic Control Signal	4	1	Pain Reported	2	41.82241	-71.41013	FALSE	FALSE	Dorrance Street and Weybosset Street, Providence, RI, USA	Med High	Geocoded	distance greater than 100m	TRUE	41.8230796	-71.4109933	2012	July	Downtown	1	440070008003027
3108	2012-07-13	137628	17:07:00	Pedestrian	1	NA	TRUE	FALSE	1	JEWETT ST	CALAIS ST	2012-07-13	Two-Way , Not Divided	Dry	Daylight	Clear	Other	No	No Controls	2	1	Pain Reported	NA	41.83224	-71.42005	FALSE	FALSE	Jewett Street and Calais Street, Providence, RI, USA	Med High	Raw	NA	FALSE	41.83224	-71.42005	2012	July	Smith Hill	12	440070025002002
3106	2012-07-14	137724	21:19:00	Bicycle	NA	1	FALSE	FALSE	1	HOPE ST	GLENDALE AVE	2012-07-14	Two-Way , Not Divided	Sand	Dark - Lighted	Clear	Not a Collision Between Two Motor Vehicles in Transport	No	No Controls	2	1	Non-Incapacitating	NA	41.84739	-71.39582	FALSE	FALSE	Hope Street and Glendale Ave, Providence, RI, USA	Med High	Raw	NA	FALSE	41.84739	-71.39582	2012	July	Hope	3	440070033003016
3105	2012-07-16	137891	15:12:00	Bicycle	NA	1	FALSE	FALSE	1	MANTON AVE	ORTOLEVA DR	2012-07-16	Two-Way , Not Divided	Dry	Daylight	Clear	Not a Collision Between Two Motor Vehicles in Transport	No	Traffic Control Signal	2	0	No Injury	2	41.82589	-71.45777	FALSE	FALSE	Manton Ave and Ortoleva Dr, Providence, RI, USA	Med High	Raw	NA	FALSE	41.82589	-71.45777	2012	July	Olneyville	6	440070020001019
3104	2012-07-17	138035	14:33:00	Pedestrian	1	NA	FALSE	FALSE	1	WHITEHALL ST	21-23 WHITEHALL ST	2012-07-17	Two-Way , Not Divided	Dry	Daylight	Clear	Head-On (Front - to - Front)	No	No Controls	4	1	Pain Reported	NA	41.81222	-71.446	FALSE	FALSE	Whitehall Street and 21-23 Whitehall Street, Providence, RI, USA	Med High	Raw	NA	FALSE	41.81222	-71.446	2012	July	Silver Lake	15	440070016012019
3103	2012-07-18	138164	11:44:00	Bicycle	NA	1	FALSE	FALSE	1	POINT ST	EDDY ST	2012-07-18	Two-Way, Divided, Positive Median Barrier	Dry	Daylight	Clear	Angle (Front - to - Side) Right Angle (Includes Broadside)	No	Traffic Control Signal	7	1	Incapacitating	4	41.81687	-71.40648	FALSE	FALSE	Point Street and Eddy Street, Providence, RI, USA	Med High	Raw	NA	FALSE	41.81687	-71.40648	2012	July	Downtown	1	440070006001025
3102	2012-07-19	138370	22:26:00	Bicycle	NA	1	FALSE	FALSE	1	KILLINGLY ST	HARTFORD AVE	2012-07-19	Two-Way , Not Divided	Dry	Dark - Lighted	Clear	Angle (Front - to - Side) Opposite Direction	No	Traffic Control Signal	4	1	Non-Incapacitating	NA	41.81998	-71.46893	FALSE	FALSE	Killingly Street and Hartford Ave, Providence, RI, USA	Med High	Raw	NA	FALSE	41.81998	-71.46893	2012	July	Hartford	7	440070018001003
3100	2012-07-20	138388	09:08:00	Pedestrian	1	NA	FALSE	FALSE	1	NORTH MAIN STREET	5TH STREET	2012-07-20	Two-Way , Not Divided	Dry	Daylight	Cloudy	Other	No	Stop Signs	6	0	No Injury	4	41.8338	-71.41646	FALSE	FALSE	North Main Street and 5th Street, Providence, RI, USA	Med	Geocoded	distance greater than 100m	TRUE	41.8523836	-71.4015871	2012	July	Hope	3	440070033004025
3101	2012-07-20	138398	12:23:00	Pedestrian	1	NA	FALSE	FALSE	1	622 ELMWOOD AVE	ELMWOOD AVE	2012-07-20	Two-Way, Divided, Positive Median Barrier	Wet	Daylight	Cloudy	Other	Yes	No Controls	2	0	No Injury	4	41.81023	-71.42382	TRUE	FALSE	622 Elmwood Ave, Providence, RI, USA	High	Geocoded	distance greater than 100m	TRUE	41.7951421	-71.4243352	2012	July	Elmwood	9	440070002002001
3099	2012-07-22	138580	02:45:00	Pedestrian	1	NA	FALSE	FALSE	1	HUXLEY AVE	VENTURA ST	2012-07-22	Two-Way , Not Divided	Dry	Dark - Lighted	Clear	Not a Collision Between Two Motor Vehicles in Transport	Yes	No Controls	4	1	Incapacitating	NA	41.84473	-71.433	FALSE	FALSE	Huxley Ave and Ventura Street, Providence, RI, USA	Med High	Raw	NA	FALSE	41.84473	-71.433	2012	July	Elmhurst	14	440070027004004
3096	2012-07-25	139202	15:03:00	Bicycle	NA	1	FALSE	FALSE	1	Morning Star Row	NA	2012-07-25	Two-Way , Not Divided	Dry	Daylight	Clear	Not a Collision Between Two Motor Vehicles in Transport	No	No Controls	3	1	Non-Incapacitating	NA	41.82998	-71.41106	FALSE	TRUE	Morning Star Row, Providence, RI, USA	Inaccurate	Geocoded	distance greater than 100m	TRUE	41.8117092	-71.4203048	2012	July	Upper South Providence	11	440070007003022
3097	2012-07-25	139251	22:32:00	Bicycle	NA	1	FALSE	FALSE	1	COLLEGE ST	S MAIN ST	2012-07-26	One-Way Trafficway	Dry	Dark - Lighted	Clear	Angle (Front - to - Side) Right Angle (Includes Broadside)	No	Traffic Control Signal	5	0	No Injury	NA	41.82564	-71.40784	FALSE	FALSE	College Street and S Main Street, Providence, RI, USA	Med	Raw	NA	FALSE	41.82564	-71.40784	2012	July	Downtown	1	440070036023022
3098	2012-07-25	139252	23:00:00	Pedestrian	1	NA	FALSE	FALSE	1	754 Plainfield Street	DUXBURY ST	2012-07-26	Two-Way , Not Divided	Dry	Dark - Lighted	Clear	Not a Collision Between Two Motor Vehicles in Transport	No	No Controls	2	1	Pain Reported	NA	41.8102	-71.4624	TRUE	FALSE	754 Plainfield Street, Providence, RI, USA	High	Raw	NA	FALSE	41.8102	-71.4624	2012	July	Silver Lake	7	440070017003006
3094	2012-07-28	139498	12:38:00	Bicycle	NA	NA	FALSE	FALSE	2	649 NORTH MAIN STREET	DOYLE AVENUE	2012-07-28	Two-Way , Not Divided	Dry	Daylight	Clear	Rear End(Front-to-Rear)	Yes	No Controls	2	0	No Injury	2	41.83618	-71.41545	TRUE	FALSE	649 North Main Street, Providence, RI, USA	High	Geocoded	distance greater than 100m	TRUE	41.8381141	-71.4088231	2012	July	College Hill	3	440070031004002
3095	2012-07-28	139534	16:29:00	Bicycle	NA	1	FALSE	FALSE	1	189 Canal St	PARK ROW	2012-07-28	Two-Way , Not Divided	Wet	Daylight	Cloudy	Sideswipe, Same Direction	No	No Controls	3	1	Pain Reported	3	41.82805	-71.41048	TRUE	FALSE	189 Canal Street, Providence, RI, USA	High	Raw	NA	FALSE	41.82805	-71.41048	2012	July	Downtown	1	440070008001020
3093	2012-07-30	139861	13:57:00	Bicycle	NA	1	FALSE	FALSE	1	LABAN ST	WEBSTER AVE	2012-08-01	Two-Way , Not Divided	Dry	Daylight	Clear	Sidwswipe, Opposite Direction	No	No Controls	6	1	Pain Reported	2	41.81502	-71.45109	FALSE	FALSE	Laban Street and Webster Ave, Providence, RI, USA	Med High	Raw	NA	FALSE	41.81502	-71.45109	2012	July	Silver Lake	7	440070016011013
3092	2012-07-31	139794	11:49:00	Bicycle	NA	1	FALSE	FALSE	1	MANTON AVENUE	PELHAM STREET	2012-07-31	Two-Way , Not Divided	Dry	Daylight	Clear	Other	No	No Controls	2	0	No Injury	2	41.83201	-71.41745	FALSE	FALSE	Manton Avenue and Pelham Street, Providence, RI, USA	Med High	Geocoded	distance greater than 100m	TRUE	41.8209354	-71.4477932	2012	July	Olneyville	15	440070019005010