row_number	crash_date	crash_report_id	crash_time	collision_type	count_pedestrian	count_bicycle	scooter	wheel_chair	number_of_vehicles	street_or_highway	nearest_intersection	report_date	type_of_roadway	road_surface_condition	light_condition	weather_condition	manner_of_impact	hit_and_run	traffic_control	person_count	injury_count	most_serious_injury	number_of_lanes	lat_raw	lon_raw	has_st_number	is_intersection_null	address_sent_to_geocoder	api_coord_conf	best_coordinate_set	reason_for_qa	manually_qaed_record	final_lat	final_lon	year	month	pvd_nhood	pvd_wards	geoid20
3091	2012-08-02	139998	16:11:00	Bicycle	NA	1	FALSE	FALSE	1	97 RUGGLES ST	NA	2012-08-02	Two-Way , Not Divided	Dry	Daylight	Clear	Head-On (Front - to - Front)	No	No Controls	7	1	Pain Reported	2	41.83744	-71.42832	TRUE	TRUE	97 Ruggles Street, Providence, RI, USA	High	Raw	NA	FALSE	41.83744	-71.42832	2012	August	Smith Hill	12	440070026003011
3090	2012-08-03	140289	20:15:00	Bicycle	NA	1	FALSE	FALSE	1	SAYLES ST	HARRIET ST	2012-08-04	Two-Way , Not Divided	Dry	Dark - Not Lighted	Clear	Unknown	Yes	No Controls	2	1	Pain Reported	NA	41.80279	-71.41287	FALSE	FALSE	Sayles Street and Harriet Street, Providence, RI, USA	Med High	Raw	NA	FALSE	41.80279	-71.41287	2012	August	Lower South Providence	11	440070004003005
3089	2012-08-06	140625	20:36:00	Bicycle	NA	1	FALSE	FALSE	1	Lenox Ave	MELROSE ST	2012-08-07	Two-Way , Not Divided	Dry	Dark - Lighted	Clear	Angle (Front - to - Side) Right Angle (Includes Broadside)	No	Stop Signs	2	1	Pain Reported	NA	41.79617	-71.42165	FALSE	FALSE	Lenox Ave and Melrose Street, Providence, RI, USA	Med High	Raw	NA	FALSE	41.79617	-71.42165	2012	August	Elmwood	9	440070002003002
3084	2012-08-09	141034	15:35:00	Bicycle	NA	1	FALSE	FALSE	1	29 Nebraska St	MILLARD ST	2012-08-09	Two-Way , Not Divided	Dry	Daylight	Clear	Not a Collision Between Two Motor Vehicles in Transport	No	No Controls	4	1	Pain Reported	2	41.79813	-71.40641	TRUE	FALSE	29 Nebraska Street, Providence, RI, USA	High	Raw	NA	FALSE	41.79813	-71.40641	2012	August	Lower South Providence	10	440070005003011
3085	2012-08-09	141082	20:11:00	Pedestrian	1	NA	FALSE	FALSE	1	BROAD ST	CALLA ST	2012-08-09	Two-Way , Not Divided	Dry	Dark - Lighted	Clear	Head-On (Front - to - Front)	Yes	No Controls	1	1	Pain Reported	NA	41.78994	-71.40495	FALSE	FALSE	Broad Street and Calla Street, Providence, RI, USA	Med	Raw	NA	FALSE	41.78994	-71.40495	2012	August	Washington Park	10	440070001021012
3086	2012-08-09	141086	15:15:00	Pedestrian	1	NA	FALSE	FALSE	1	BERKSHIRE ST	ADMIRAL ST	2012-08-09	Two-Way , Not Divided	Dry	Daylight	Clear	Not a Collision Between Two Motor Vehicles in Transport	Yes	No Controls	2	1	Pain Reported	NA	41.84386	-71.42419	FALSE	FALSE	Berkshire Street and Admiral Street, Providence, RI, USA	Med High	Raw	NA	FALSE	41.84386	-71.42419	2012	August	Wanskuck	4	440070027001017
3087	2012-08-09	141094	22:24:00	Bicycle	NA	1	FALSE	FALSE	1	Randall St	Charles St	2012-08-10	Two-Way , Not Divided	Dry	Dark - Lighted	Clear	Other	No	No Controls	2	1	Non-Incapacitating	3	41.83617	-71.41213	FALSE	FALSE	Randall Street and Charles Street, Providence, RI, USA	Med	Raw	NA	FALSE	41.83617	-71.41213	2012	August	Mount Hope	3	440070031003005
3088	2012-08-09	141095	23:08:00	Pedestrian	1	NA	FALSE	FALSE	1	Manton Ave	AMHERST ST	2012-08-10	Two-Way , Not Divided	Dry	Dark - Lighted	Clear	Not a Collision Between Two Motor Vehicles in Transport	No	No Controls	3	0	No Injury	NA	41.823480000000004	-71.45127	FALSE	FALSE	Manton Ave and Amherst Street, Providence, RI, USA	Med High	Raw	NA	FALSE	41.823480000000004	-71.45127	2012	August	Olneyville	6	440070019004003
3082	2012-08-10	141145	10:02:00	Bicycle	NA	1	FALSE	FALSE	1	Broad Street	Public ST	2012-08-10	Two-Way , Not Divided	Dry	Daylight	Cloudy	Not a Collision Between Two Motor Vehicles in Transport	No	Traffic Control Signal	2	1	Pain Reported	NA	41.80632	-71.41148	FALSE	FALSE	Broad Street and Public Street, Providence, RI, USA	Med	Geocoded	distance greater than 100m	TRUE	41.804449	-71.4193596	2012	August	Elmwood	11	440070004002006
3083	2012-08-10	141197	11:00:00	Bicycle	NA	1	FALSE	FALSE	1	WASHINGTON ST	DORRANCE ST	2012-08-10	One-Way Trafficway	Dry	Daylight	Clear	Not a Collision Between Two Motor Vehicles in Transport	No	No Controls	3	1	Pain Reported	NA	41.8245	-71.4127	FALSE	FALSE	Washington Street and Dorrance Street, Providence, RI, USA	Med High	Raw	NA	FALSE	41.8245	-71.4127	2012	August	Downtown	1	440070008001050
3081	2012-08-11	141356	12:30:00	Pedestrian	1	NA	FALSE	FALSE	1	15 Whelan Rd	BODELL AVE	2012-08-11	Two-Way , Not Divided	Dry	Daylight	Clear	Other	Yes	No Controls	1	1	Non-Incapacitating	NA	41.81828	-71.45431	TRUE	FALSE	15 Whelan Rd, Providence, RI, USA	High	Raw	distance greater than 100m	TRUE	41.81828	-71.45431	2012	August	Hartford	7	440070018002008
3078	2012-08-15	142147	19:53:00	Bicycle	NA	1	FALSE	FALSE	1	BLACKSTONE BLVD	BUTLER DR	2012-08-15	Two-Way, Divided, Positive Median Barrier	Dry	Dark - Lighted	Clear	Angle (Front - to - Side) Right Angle (Includes Broadside)	No	No Controls	3	1	Pain Reported	NA	41.8463	-71.38677	FALSE	FALSE	Blackstone Blvd and Butler Dr, Providence, RI, USA	Med	Raw	distance greater than 100m	TRUE	41.8463	-71.38677	2012	August	Blackstone	2	440070034002000
3079	2012-08-15	142161	20:09:00	Bicycle	NA	1	FALSE	FALSE	1	Williams st	ROGER ST	2012-08-15	Two-Way , Not Divided	Dry	Daylight	Clear	Unknown	Yes	No Controls	1	1	Pain Reported	2	41.82309	-71.39093	FALSE	FALSE	Williams Street and Roger Street, Providence, RI, USA	Med	Raw	NA	FALSE	41.82309	-71.39093	2012	August	Fox Point	1	440070035002018
3080	2012-08-15	142172	19:30:00	Pedestrian	1	NA	FALSE	FALSE	1	Bowdoin St	AMHERST ST	2012-08-15	Two-Way , Not Divided	Dry	Dusk	Cloudy	Not a Collision Between Two Motor Vehicles in Transport	No	No Controls	3	1	Pain Reported	NA	41.82323	-71.44306	FALSE	FALSE	Bowdoin Street and Amherst Street, Providence, RI, USA	Med High	Raw	NA	FALSE	41.82323	-71.44306	2012	August	Olneyville	15	440070019006011
3077	2012-08-16	142258	09:12:00	Pedestrian	1	NA	FALSE	FALSE	1	206 ELMWOOD AVE	ELMWOOD AVE	2012-08-16	Two-Way, Divided, Unprotected (painted>4feet) Medium	Dry	Daylight	Clear	Head-On (Front - to - Front)	No	No Controls	2	2	Pain Reported	NA	41.80744	-71.42482	TRUE	FALSE	206 Elmwood Ave, Providence, RI, USA	High	Raw	NA	FALSE	41.80744	-71.42482	2012	August	West End	11	440070003021003
3076	2012-08-17	142431	10:07:00	Bicycle	NA	1	FALSE	FALSE	1	PARK ROW	Canal Street	2012-08-17	One-Way Trafficway	Dry	Daylight	Clear	Angle (Front - to - Side) Opposite Direction	Yes	No Controls	2	1	Pain Reported	NA	41.82865	-71.40965	FALSE	FALSE	Park Row and Canal Street, Providence, RI, USA	Med High	Raw	NA	FALSE	41.82865	-71.40965	2012	August	College Hill	1	440070036023015
3075	2012-08-19	142855	22:42:00	Pedestrian	1	NA	FALSE	FALSE	1	POCASSET AVE	ALTO ST	2012-08-20	Two-Way , Not Divided	Dry	Dark - Lighted	Clear	Not a Collision Between Two Motor Vehicles in Transport	No	No Controls	3	0	No Injury	2	41.8058	-71.45754	FALSE	FALSE	Pocasset Ave and Alto Street, Providence, RI, USA	Med High	Raw	NA	FALSE	41.8058	-71.45754	2012	August	Silver Lake	7	440070017002011
3073	2012-08-24	143546	16:14:00	Pedestrian	1	NA	FALSE	FALSE	1	HUMES ST	ALGONQUIN ST	2012-08-24	Two-Way , Not Divided	Dry	Daylight	Clear	Head-On (Front - to - Front)	Yes	No Controls	5	1	Pain Reported	2	41.79327	-71.42808	FALSE	FALSE	Humes Street and Algonquin Street, Providence, RI, USA	Med High	Raw	NA	FALSE	41.79327	-71.42808	2012	August	Reservoir	8	440070015001011
3074	2012-08-24	145107	14:35:00	Bicycle	NA	1	FALSE	FALSE	1	VALLEY ST	DELAINE ST	2012-09-03	Unknown	Dry	Daylight	Clear	Other	No	No Controls	4	1	Pain Reported	NA	41.81975	-71.44046	FALSE	FALSE	Valley Street and Delaine Street, Providence, RI, USA	Med High	Raw	NA	FALSE	41.81975	-71.44046	2012	August	Olneyville	15	440070019001012
3072	2012-08-25	143693	16:15:00	Bicycle	NA	1	FALSE	FALSE	1	BERGEN STREET	ANDEM STREET	2012-08-25	Two-Way , Not Divided	Dry	Daylight	Clear	Angle (Front - to - Side) Right Angle (Includes Broadside)	No	No Controls	4	1	Non-Incapacitating	2	41.81534	-71.44597	FALSE	FALSE	Bergen Street and Andem Street, Providence, RI, USA	Med High	Geocoded	distance greater than 100m	TRUE	41.83078	-71.439842	2012	August	Valley	12	440070022004000
3071	2012-08-26	144251	21:46:00	Bicycle	NA	1	FALSE	FALSE	1	58 June Street	SUFFOLK ST	2012-08-26	Two-Way , Not Divided	Dry	Dark - Not Lighted	Clear	Unknown	Yes	No Controls	2	1	Non-Incapacitating	NA	41.84264	-71.42403	TRUE	FALSE	58 June Street, Providence, RI, USA	High	Raw	NA	FALSE	41.84264	-71.42403	2012	August	Wanskuck	4	440070027003003
3070	2012-08-27	143950	14:15:00	Bicycle	NA	1	FALSE	FALSE	1	POCASSET AVE	HILLHURST AVE	2012-08-27	Two-Way , Not Divided	Dry	Daylight	Clear	Sideswipe, Same Direction	Yes	No Controls	3	1	Pain Reported	2	41.80742	-71.4564	FALSE	FALSE	Pocasset Ave and Hillhurst Ave, Providence, RI, USA	Med High	Raw	NA	FALSE	41.80742	-71.4564	2012	August	Silver Lake	7	440070017002000
3069	2012-08-29	144360	18:27:00	Pedestrian	1	NA	FALSE	FALSE	1	887 atwells ave	CARLETON ST	2012-08-29	Two-Way , Not Divided	Dry	Daylight	Clear	Not a Collision Between Two Motor Vehicles in Transport	No	No Controls	3	1	Pain Reported	2	41.82497	-71.44683	TRUE	FALSE	887 Atwells Ave, Providence, RI, USA	High	Raw	NA	FALSE	41.82497	-71.44683	2012	August	Olneyville	6	440070021023021
3068	2012-08-30	144438	09:59:00	Bicycle	NA	1	FALSE	FALSE	1	COLLEGE STREET	MEMORIAL BLVD	2012-08-30	Two-Way , Not Divided	Dry	Daylight	Clear	Other	No	Traffic Control Signal	5	0	No Injury	4	41.82955	-71.41802	FALSE	FALSE	College Street and Memorial Blvd, Providence, RI, USA	Med	Geocoded	distance greater than 100m	TRUE	41.8253077	-71.4088081	2012	August	Downtown	1	440070008003005
3065	2012-08-31	144535	01:21:00	Pedestrian	1	NA	FALSE	FALSE	1	STANWOOD ST	NIAGARA ST	2012-08-31	Two-Way , Not Divided	Dry	Dark - Lighted	Clear	Not a Collision Between Two Motor Vehicles in Transport	Yes	No Controls	2	1	Incapacitating	NA	41.80303	-71.42116	FALSE	FALSE	Stanwood Street and Niagara Street, Providence, RI, USA	Med High	Raw	NA	FALSE	41.80303	-71.42116	2012	August	Elmwood	9	440070003022005
3066	2012-08-31	144903	23:00:00	Pedestrian	1	NA	FALSE	FALSE	1	UNION AVE	LINWOOD AVE	2012-09-01	Two-Way , Not Divided	Dry	Dark - Lighted	Clear	Not a Collision Between Two Motor Vehicles in Transport	No	No Controls	3	1	Pain Reported	NA	41.80906	-71.43919	FALSE	FALSE	Union Ave and Linwood Ave, Providence, RI, USA	Med	Raw	NA	FALSE	41.80906	-71.43919	2012	August	West End	8	440070013003008
3067	2012-08-31	145470	15:00:00	Pedestrian	1	NA	FALSE	FALSE	1	ACADEMY AVE	SALTER ST	2012-09-04	Two-Way , Not Divided	Dry	Daylight	Clear	Not a Collision Between Two Motor Vehicles in Transport	Yes	No Controls	2	1	Non-Incapacitating	NA	41.84465	-71.44529	FALSE	FALSE	Academy Ave and Salter Street, Providence, RI, USA	Med High	Raw	NA	FALSE	41.84465	-71.44529	2012	August	Elmhurst	14	440070024005012
3062	2012-09-02	144954	00:09:00	Pedestrian	1	NA	FALSE	FALSE	1	WESTMINSTER ST	SERVICE ROAD 7	2012-09-02	One-Way Trafficway	Dry	Dark - Lighted	Clear	Not a Collision Between Two Motor Vehicles in Transport	Yes	No Controls	1	1	Pain Reported	NA	41.81881	-71.41883	FALSE	FALSE	Westminster Street and Service Road 7, Providence, RI, USA	Med High	Raw	NA	FALSE	41.81881	-71.41883	2012	September	Federal Hill	11	440070011002014
3063	2012-09-02	145036	20:09:00	Pedestrian	1	NA	FALSE	FALSE	1	31 EDGEMERE AVE	MANTON AVE	2012-09-02	Two-Way , Not Divided	Dry	Dark - Unknown Lighting	Clear	Not a Collision Between Two Motor Vehicles in Transport	No	No Controls	2	1	Pain Reported	1	41.82504	-71.4579	TRUE	FALSE	31 Edgemere Ave, Providence, RI, USA	High	Raw	NA	FALSE	41.82504	-71.4579	2012	September	Olneyville	6	440070020001021
3064	2012-09-02	145141	22:25:00	Pedestrian	1	NA	FALSE	FALSE	1	1000 Elmwood Avenue	NA	2012-09-03	One-Way Trafficway	Dry	Dark - Lighted	Clear	Unknown	Yes	No Controls	1	1	Pain Reported	NA	41.78544	-71.41674	TRUE	TRUE	1000 Elmwood Avenue, Providence, RI, USA	High	Neither	distance greater than 100m	TRUE	41.784287	-71.41877	2012	September	South Elmwood	9	440070001024008
3061	2012-09-03	145210	19:38:00	Pedestrian	1	NA	FALSE	FALSE	1	Broad St	Calla St	2012-09-03	Two-Way, Not Divided With a Continuous Left Turn Lane	Dry	Dusk	Clear	Not a Collision Between Two Motor Vehicles in Transport	No	No Controls	4	1	Pain Reported	3	41.79001	-71.40501	FALSE	FALSE	Broad Street and Calla Street, Providence, RI, USA	Med	Raw	NA	FALSE	41.79001	-71.40501	2012	September	Washington Park	10	440070001021012
3060	2012-09-04	145414	16:05:00	Pedestrian	1	NA	FALSE	FALSE	1	LIBRARY RD	RHODE ISLAND COLL	2012-09-04	Two-Way , Not Divided	Wet	Daylight	Rain	Unknown	Yes	No Controls	2	0	No Injury	NA	41.84222	-71.46192	FALSE	FALSE	Library Rd and Rhode Island Coll, Providence, RI, USA	Med	Raw	NA	FALSE	41.84222	-71.46192	2012	September	Mount Pleasant	5	440070024006008
3059	2012-09-05	145704	20:18:00	Bicycle	NA	1	FALSE	FALSE	1	UNION AVE	TERRACE AVE	2012-09-05	Two-Way , Not Divided	Wet	Dark - Lighted	Clear	Not a Collision Between Two Motor Vehicles in Transport	No	Flashing Traffic Control Signal	2	0	No Injury	NA	41.80622	-71.45009	FALSE	FALSE	Union Ave and Terrace Ave, Providence, RI, USA	Med	Raw	raw coords fall outside of city boundary	TRUE	41.80622	-71.45009	2012	September	NA	NA	440070141001004
3057	2012-09-08	146141	11:08:00	Bicycle	NA	1	FALSE	FALSE	1	BROADWAY	DEPASQUALE AVENUE	2012-09-08	Two-Way , Not Divided	Dry	Daylight	Clear	Angle (Front - to - Side) Right Angle (Includes Broadside)	No	Traffic Control Signal	3	1	Pain Reported	2	41.83578	-71.4154	FALSE	FALSE	Broadway and Depasquale Avenue, Providence, RI, USA	Med	Neither	distance greater than 100m	TRUE	41.820821	-71.425286	2012	September	Federal Hill	13	440070011001006
3058	2012-09-08	146216	20:07:00	Pedestrian	1	NA	FALSE	FALSE	1	354 Admiral St	HAWKINS ST	2012-09-08	Two-Way , Not Divided	Wet	Dark - Lighted	Rain	Not a Collision Between Two Motor Vehicles in Transport	No	Traffic Control Signal	3	1	Pain Reported	2	41.84591	-71.42834	TRUE	FALSE	354 Admiral Street, Providence, RI, USA	High	Raw	NA	FALSE	41.84591	-71.42834	2012	September	Wanskuck	4	440070027001010
3056	2012-09-09	146345	19:05:00	Pedestrian	1	NA	FALSE	FALSE	1	Thayer Street	WATERMAN ST	2012-09-09	One-Way Trafficway	Dry	Dark - Lighted	Clear	Not a Collision Between Two Motor Vehicles in Transport	No	No Controls	4	1	Pain Reported	1	41.82721	-71.40053	FALSE	FALSE	Thayer Street and Waterman Street, Providence, RI, USA	Med High	Raw	NA	FALSE	41.82721	-71.40053	2012	September	College Hill	2	440070036011022
3055	2012-09-10	146509	16:19:00	Pedestrian	1	NA	FALSE	FALSE	1	MANTON AVE	WESTCOTT AVE	2012-09-10	Two-Way, Not Divided With a Continuous Left Turn Lane	Dry	Daylight	Clear	Other	No	No Controls	4	1	Pain Reported	3	41.83372	-71.46853	FALSE	FALSE	Manton Ave and Westcott Ave, Providence, RI, USA	Med High	Raw	NA	FALSE	41.83372	-71.46853	2012	September	Manton	6	440070020002017
3054	2012-09-14	147120	16:13:00	Pedestrian	1	NA	FALSE	FALSE	1	CHARLES ST	BRANCH AVE	2012-09-14	Two-Way , Not Divided	Dry	Daylight	Clear	Not a Collision Between Two Motor Vehicles in Transport	No	No Controls	2	1	Pain Reported	NA	41.84959	-71.41987	FALSE	FALSE	Charles Street and Branch Ave, Providence, RI, USA	Med	Raw	NA	FALSE	41.84959	-71.41987	2012	September	Charles	4	440070029004008
3052	2012-09-15	147255	16:46:00	Bicycle	NA	1	FALSE	FALSE	1	CAHIR ST	BROAD ST	2012-09-15	Two-Way, Divided, Positive Median Barrier	Dry	Daylight	Clear	Head-On (Front - to - Front)	No	No Controls	2	1	Pain Reported	NA	41.8171	-71.41806	FALSE	FALSE	Cahir Street and Broad Street, Providence, RI, USA	Med High	Raw	NA	FALSE	41.8171	-71.41806	2012	September	Upper South Providence	11	440070007003002
3053	2012-09-15	147262	17:16:00	Pedestrian	1	NA	FALSE	FALSE	1	101 Academy ave	WEALTH AVE	2012-09-15	Two-Way , Not Divided	Dry	Daylight	Clear	Not a Collision Between Two Motor Vehicles in Transport	No	Pavement Markings	4	1	Pain Reported	2	41.8272	-71.4437	TRUE	FALSE	101 Academy Ave, Providence, RI, USA	High	Raw	NA	FALSE	41.8272	-71.4437	2012	September	Mount Pleasant	6	440070022003008
3051	2012-09-16	147332	00:26:00	Bicycle	NA	1	FALSE	FALSE	1	CALVERLY ST	SMITH ST	2012-09-16	Two-Way , Not Divided	Dry	Dark - Lighted	Clear	Head-On (Front - to - Front)	Yes	School Zone Signs	7	2	Incapacitating	NA	41.8332	-71.42056	FALSE	FALSE	Calverly Street and Smith Street, Providence, RI, USA	Med High	Raw	NA	FALSE	41.8332	-71.42056	2012	September	Smith Hill	12	440070026001012
3050	2012-09-17	147673	20:04:00	Pedestrian	1	NA	FALSE	FALSE	1	Waterman St	Brown St	2012-09-17	One-Way Trafficway	Dry	Dark - Lighted	Clear	Not a Collision Between Two Motor Vehicles in Transport	No	Pavement Markings	2	1	Pain Reported	NA	41.82706	-71.40296	FALSE	FALSE	Waterman Street and Brown Street, Providence, RI, USA	Med High	Raw	NA	FALSE	41.82706	-71.40296	2012	September	College Hill	2	440070036023031
3048	2012-09-18	147740	12:10:00	Bicycle	NA	1	FALSE	FALSE	1	BROOK ST	CHARLESFIELD ST	2012-09-18	Two-Way , Not Divided	Dry	Daylight	Clear	Sideswipe, Same Direction	No	No Controls	2	1	Pain Reported	NA	41.82431	-71.39889	FALSE	FALSE	Brook Street and Charlesfield Street, Providence, RI, USA	Med	Raw	NA	FALSE	41.82431	-71.39889	2012	September	College Hill	1	440070036011027
3049	2012-09-18	148135	22:28:00	Bicycle	NA	1	FALSE	FALSE	1	BROAD ST	PARKIS AVE	2012-09-21	Two-Way, Divided, Unprotected (painted>4feet) Medium	Wet	Dark - Lighted	Rain	Not a Collision Between Two Motor Vehicles in Transport	No	Traffic Control Signal	4	1	Pain Reported	NA	41.80929	-71.42088	FALSE	FALSE	Broad Street and Parkis Ave, Providence, RI, USA	Med	Raw	NA	FALSE	41.80929	-71.42088	2012	September	Elmwood	11	440070004001003
3045	2012-09-22	148519	16:43:00	Bicycle	NA	1	FALSE	FALSE	1	Atlantic ave	NIAGARA ST	2012-09-22	Two-Way , Not Divided	Dry	Daylight	Clear	Not a Collision Between Two Motor Vehicles in Transport	Yes	No Controls	2	1	Pain Reported	2	41.79939	-71.41615	FALSE	FALSE	Atlantic Ave and Niagara Street, Providence, RI, USA	Med High	Geocoded	distance greater than 100m	TRUE	41.7986319	-71.4186449	2012	September	Elmwood	9	440070002001002
3046	2012-09-22	148686	11:30:00	Bicycle	NA	1	FALSE	FALSE	1	10TH ST	HIGHLAND AVE	2012-09-23	Two-Way , Not Divided	Dry	Dark - Not Lighted	Clear	Angle (Front - to - Side) Right Angle (Includes Broadside)	Yes	Stop Signs	3	1	Pain Reported	NA	41.85476	-71.39793	FALSE	FALSE	10th Street and Highland Ave, Providence, RI, USA	Med	Raw	NA	FALSE	41.85476	-71.39793	2012	September	Hope	3	440070033001006
3047	2012-09-22	149129	16:23:00	Bicycle	NA	1	FALSE	FALSE	1	BROADWAY	RINGGOLD ST	2012-09-25	Two-Way , Not Divided	Dry	Daylight	Clear	Angle (Front - to - Side) Right Angle (Includes Broadside)	No	No Controls	3	1	Pain Reported	NA	41.82121	-71.42335	FALSE	FALSE	Broadway and Ringgold Street, Providence, RI, USA	Med	Raw	NA	FALSE	41.82121	-71.42335	2012	September	Federal Hill	13	440070011001003
3043	2012-09-23	148592	01:40:00	Pedestrian	1	NA	FALSE	FALSE	1	HUXLEY AVE	EATON ST	2012-09-23	Two-Way , Not Divided	Wet	Dark - Lighted	Rain	Other	No	No Controls	5	1	Pain Reported	NA	41.84348	-71.43322	FALSE	FALSE	Huxley Ave and Eaton Street, Providence, RI, USA	Med High	Geocoded	distance greater than 100m	TRUE	41.8415128	-71.433591	2012	September	Elmhurst	14	440070024003000
3044	2012-09-23	148768	15:25:00	Pedestrian	1	NA	FALSE	FALSE	1	SMITH ST	SMITH ST	2012-09-23	Two-Way , Not Divided	Dry	Daylight	Clear	Not a Collision Between Two Motor Vehicles in Transport	Yes	No Controls	2	1	Pain Reported	NA	41.84164	-71.44294	FALSE	FALSE	Smith Street and Smith Street, Providence, RI, USA	Med	Raw	NA	FALSE	41.84164	-71.44294	2012	September	Elmhurst	5	440070024005015
3040	2012-09-24	148846	08:36:00	Bicycle	NA	1	FALSE	FALSE	1	CADY ST	BENEFIT ST	2012-09-24	Two-Way , Not Divided	Dry	Daylight	Clear	Unknown	No	No Controls	2	1	Incapacitating	NA	41.82986	-71.40868	FALSE	FALSE	Cady Street and Benefit Street, Providence, RI, USA	Med High	Raw	NA	FALSE	41.82986	-71.40868	2012	September	College Hill	3	440070031004025
3041	2012-09-24	148968	18:09:00	Bicycle	NA	1	FALSE	FALSE	1	UNION AVE EXIT	UNION AVE	2012-09-24	One-Way Trafficway	Dry	Daylight	Clear	Not a Collision Between Two Motor Vehicles in Transport	No	Traffic Control Signal	3	1	Pain Reported	NA	41.80886	-71.43993	FALSE	FALSE	Union Ave Exit and Union Ave, Providence, RI, USA	Med	Raw	distance greater than 100m	TRUE	41.80886	-71.43993	2012	September	West End	13	440070013003008
3042	2012-09-24	148985	20:21:00	Bicycle	NA	1	FALSE	FALSE	1	CRANSTON ST	HOLLIS ST	2012-09-24	Two-Way , Not Divided	Dry	Dark - Lighted	Clear	Not a Collision Between Two Motor Vehicles in Transport	Yes	No Controls	3	1	Non-Incapacitating	NA	41.81094	-71.43211	FALSE	FALSE	Cranston Street and Hollis Street, Providence, RI, USA	Med High	Raw	NA	FALSE	41.81094	-71.43211	2012	September	West End	8	440070013002005
3038	2012-09-25	149039	09:40:00	Bicycle	NA	1	FALSE	FALSE	1	CRANSTON ST	BRIDGHAM ST	2012-09-25	Two-Way, Divided, Unprotected (painted>4feet) Medium	Dry	Daylight	Clear	Angle - Direction Not Specified	No	Traffic Control Signal	2	1	Pain Reported	NA	41.81396	-71.42694	FALSE	FALSE	Cranston Street and Bridgham Street, Providence, RI, USA	Med High	Raw	NA	FALSE	41.81396	-71.42694	2012	September	West End	13	440070012001001
3039	2012-09-25	149086	11:18:00	Bicycle	NA	1	FALSE	FALSE	1	400 WEST FOUNTAIN STREET	NA	2012-09-25	Two-Way , Not Divided	Dry	Daylight	Clear	Sideswipe, Same Direction	No	No Controls	3	0	Unknown	2	41.82602	-71.41884	TRUE	TRUE	400 West Fountain Street, Providence, RI, USA	High	Geocoded	distance greater than 100m	TRUE	41.8185595	-71.4231577	2012	September	Federal Hill	13	440070011002011
3036	2012-09-26	149344	17:40:00	Bicycle	NA	1	FALSE	FALSE	1	253 elmwood ave	WHITMARSH ST	2012-09-26	Two-Way , Not Divided	Dry	Daylight	Cloudy	Not a Collision Between Two Motor Vehicles in Transport	Yes	No Controls	1	1	Pain Reported	2	41.80579	-71.42511	TRUE	FALSE	253 Elmwood Ave, Providence, RI, USA	High	Raw	NA	FALSE	41.80579	-71.42511	2012	September	West End	9	440070003023001
3037	2012-09-26	149375	19:26:00	Bicycle	NA	1	FALSE	FALSE	1	N Main St	Duncan St	2012-09-26	Two-Way, Divided, Positive Median Barrier	Dry	Dark - Lighted	Cloudy	Not a Collision Between Two Motor Vehicles in Transport	No	No Controls	4	1	Pain Reported	NA	41.84127	-71.40818	FALSE	FALSE	N Main Street and Duncan Street, Providence, RI, USA	Med	Raw	distance greater than 100m	TRUE	41.84127	-71.40818	2012	September	Mount Hope	3	440070031002001
3035	2012-09-29	149983	20:38:00	Pedestrian	1	NA	FALSE	FALSE	1	UNION AVE	WHITEHALL ST	2012-09-30	Two-Way , Not Divided	Wet	Dark - Not Lighted	Rain	Not a Collision Between Two Motor Vehicles in Transport	No	No Controls	2	1	Pain Reported	NA	41.80778	-71.4439	FALSE	FALSE	Union Ave and Whitehall Street, Providence, RI, USA	Med	Raw	NA	FALSE	41.80778	-71.4439	2012	September	Silver Lake	15	440070016021009
3034	2012-09-30	151255	16:15:00	Bicycle	NA	1	FALSE	FALSE	1	500 Broad Street	PINE ST	2012-10-07	Two-Way , Not Divided	Dry	Daylight	Clear	Not a Collision Between Two Motor Vehicles in Transport	No	No Controls	2	1	Non-Incapacitating	NA	41.81125	-71.4214	TRUE	FALSE	500 Broad Street, Providence, RI, USA	High	Raw	NA	FALSE	41.81125	-71.4214	2012	September	Elmwood	11	440070007003024
3033	2012-10-04	150761	13:41:00	Bicycle	NA	1	FALSE	FALSE	1	PRAIRIE AVE	POINT ST	2012-10-04	Two-Way, Divided, Unprotected (painted>4feet) Medium	Dry	Daylight	Cloudy	Other	No	Stop Signs	5	1	Pain Reported	NA	41.81451	-71.41531	FALSE	FALSE	Prairie Ave and Point Street, Providence, RI, USA	Med High	Raw	NA	FALSE	41.81451	-71.41531	2012	October	Upper South Providence	11	440070007001010
3029	2012-10-10	151663	16:27:00	Bicycle	NA	1	FALSE	FALSE	1	DEXTER ST	CRANSTON ST	2012-10-10	Two-Way , Not Divided	Wet	Daylight	Clear	Not a Collision Between Two Motor Vehicles in Transport	No	Traffic Control Signal	2	1	Pain Reported	2	41.81265	-71.42961	FALSE	FALSE	Dexter Street and Cranston Street, Providence, RI, USA	Med High	Raw	NA	FALSE	41.81265	-71.42961	2012	October	West End	13	440070012002009