row_number	crash_date	crash_report_id	crash_time	collision_type	count_pedestrian	count_bicycle	scooter	wheel_chair	number_of_vehicles	street_or_highway	nearest_intersection	report_date	type_of_roadway	road_surface_condition	light_condition	weather_condition	manner_of_impact	hit_and_run	traffic_control	person_count	injury_count	most_serious_injury	number_of_lanes	lat_raw	lon_raw	has_st_number	is_intersection_null	address_sent_to_geocoder	api_coord_conf	best_coordinate_set	reason_for_qa	manually_qaed_record	final_lat	final_lon	year	month	pvd_nhood	pvd_wards	geoid20
2968	2012-12-10	161746	18:18:00	Pedestrian	1	NA	FALSE	FALSE	1	CHALKSTONE AVENUE	ACADEMY AVENUE	2012-12-10	Two-Way , Not Divided	Wet	Dark - Lighted	Rain	Angle (Front - to - Side) Opposite Direction	No	Traffic Control Signal	3	1	Pain Reported	2	41.82632	-71.42219	FALSE	FALSE	Chalkstone Avenue and Academy Avenue, Providence, RI, USA	Med High	Geocoded	distance greater than 100m	TRUE	41.8324538	-71.4445249	2012	December	Mount Pleasant	5	440070023003006
2969	2012-12-10	161908	19:41:00	Pedestrian	1	NA	FALSE	FALSE	1	CHALKSTONE AVENUE	FALLON AVENUE	2012-12-11	Two-Way , Not Divided	Wet	Dark - Lighted	Cloudy	Rear - to - Side	Yes	No Controls	1	1	Pain Reported	2	41.82489	-71.41943	FALSE	FALSE	Chalkstone Avenue and Fallon Avenue, Providence, RI, USA	Med High	Geocoded	distance greater than 100m	TRUE	41.832336	-71.443344	2012	December	Valley	5	440070023003005
2965	2012-12-11	161968	17:28:00	Pedestrian	1	NA	FALSE	FALSE	1	Admiral Street	Gentian Avenue	2012-12-11	Two-Way , Not Divided	Dry	Dark - Lighted	Clear	Other	No	No Controls	2	1	Non-Incapacitating	NA	41.85401	-71.44666	FALSE	FALSE	Admiral Street and Gentian Avenue, Providence, RI, USA	Med	Raw	distance greater than 100m	TRUE	41.85401	-71.44666	2012	December	NA	5	440070028011009
2963	2012-12-12	162123	21:06:00	Bicycle	NA	1	FALSE	FALSE	1	MEMORIAL BLVD	COLLEGE ST	2012-12-12	Two-Way, Not Divided With a Continuous Left Turn Lane	Dry	Dark - Lighted	Clear	Head-On (Front - to - Front)	No	Traffic Control Signal	3	1	Pain Reported	4	41.8253	-71.40882	FALSE	FALSE	Memorial Blvd and College Street, Providence, RI, USA	Med High	Raw	NA	FALSE	41.8253	-71.40882	2012	December	Downtown	1	440070008003005
2964	2012-12-12	162054	17:46:00	Bicycle	NA	1	FALSE	FALSE	1	Waterman st	BUTLER AVE	2012-12-12	Two-Way , Not Divided	Dry	Dark - Lighted	Clear	Not a Collision Between Two Motor Vehicles in Transport	No	Traffic Control Signal	3	1	Pain Reported	2	41.82808	-71.3855	FALSE	FALSE	Waterman Street and Butler Ave, Providence, RI, USA	Med High	Raw	NA	FALSE	41.82808	-71.3855	2012	December	Wayland	1	440070035004023
2962	2012-12-13	162139	00:44:00	Pedestrian	1	NA	FALSE	FALSE	1	PLAINFIELD ST	POCASSET AVE	2012-12-13	Two-Way , Not Divided	Dry	Dark - Lighted	Clear	Other	Yes	Traffic Control Signal	1	1	Incapacitating	NA	41.81382	-71.44779	FALSE	FALSE	Plainfield Street and Pocasset Ave, Providence, RI, USA	Med High	Raw	NA	FALSE	41.81382	-71.44779	2012	December	Silver Lake	15	440070016012013
2961	2012-12-15	162403	22:54:00	Pedestrian	1	NA	FALSE	FALSE	1	MEETING ST	BENEFIT ST	2012-12-16	Unknown	Dry	Dark - Not Lighted	Clear	Not a Collision Between Two Motor Vehicles in Transport	No	No Controls	3	1	Pain Reported	NA	41.82862	-71.40807	FALSE	FALSE	Meeting Street and Benefit Street, Providence, RI, USA	Med High	Raw	NA	FALSE	41.82862	-71.40807	2012	December	College Hill	2	440070036023014
2960	2012-12-17	162516	10:17:00	Bicycle	NA	1	FALSE	FALSE	1	WASHINGTON ST	EMPIRE ST	2012-12-17	Two-Way , Not Divided	Wet	Daylight	Rain	Not a Collision Between Two Motor Vehicles in Transport	No	Traffic Control Signal	2	1	Pain Reported	NA	41.82182	-71.41645	FALSE	FALSE	Washington Street and Empire Street, Providence, RI, USA	Med	Raw	NA	FALSE	41.82182	-71.41645	2012	December	Downtown	1	440070008001072
2959	2012-12-19	162757	11:53:00	Pedestrian	2	NA	FALSE	FALSE	1	WASHINGTON ST	GREENE ST	2012-12-19	Two-Way, Divided, Unprotected (painted>4feet) Medium	Dry	Daylight	Clear	Other	No	Traffic Control Signal	5	2	Pain Reported	NA	41.82125	-71.41721	FALSE	FALSE	Washington Street and Greene Street, Providence, RI, USA	Med	Raw	NA	FALSE	41.82125	-71.41721	2012	December	Downtown	1	440070008001074
2958	2012-12-22	163094	15:02:00	Bicycle	NA	2	FALSE	FALSE	1	PINEHURST AVE	CHAD BROWN ST	2012-12-22	Two-Way , Not Divided	Dry	Daylight	Clear	Not a Collision Between Two Motor Vehicles in Transport	No	No Controls	3	2	Non-Incapacitating	NA	41.83953	-71.4322	FALSE	FALSE	Pinehurst Ave and Chad Brown Street, Providence, RI, USA	Med High	Raw	NA	FALSE	41.83953	-71.4322	2012	December	Elmhurst	14	440070023001003
2957	2012-12-24	163219	13:10:00	Pedestrian	1	NA	FALSE	FALSE	1	PARK ST	HAYES ST	2012-12-24	One-Way Trafficway	Dry	Daylight	Clear	Other	Yes	Other	1	0	No Injury	2	41.82896	-71.41748	FALSE	FALSE	Park Street and Hayes Street, Providence, RI, USA	Med	Raw	NA	FALSE	41.82896	-71.41748	2012	December	Smith Hill	12	440070008001031
2956	2012-12-26	163371	20:16:00	Pedestrian	1	NA	FALSE	FALSE	1	SERVICE ROAD 8	BROAD ST	2012-12-26	One-Way Trafficway	Wet	Dark - Lighted	Snow	Not a Collision Between Two Motor Vehicles in Transport	No	Pavement Markings	3	1	Non-Incapacitating	NA	41.81802	-71.41641	FALSE	FALSE	Service Road 8 and Broad Street, Providence, RI, USA	Med High	Raw	distance greater than 100m	TRUE	41.81802	-71.41641	2012	December	Downtown	1	440070008002011
2954	2012-12-27	163415	10:13:00	Pedestrian	1	NA	FALSE	FALSE	1	4TH ST	SUMMIT AVE	2012-12-27	Two-Way , Not Divided	Wet	Daylight	Rain	Other	No	Stop Signs	4	1	Pain Reported	NA	41.85052	-71.39823	FALSE	FALSE	4th Street and Summit Ave, Providence, RI, USA	Med	Raw	NA	FALSE	41.85052	-71.39823	2012	December	Hope	3	440070033004032
2955	2012-12-27	163477	12:11:00	Pedestrian	1	NA	FALSE	FALSE	1	Allens Ave	Chapman St	2012-12-27	Two-Way , Not Divided	Wet	Daylight	Sleet, Hail (Freezing Rain or Drizzle)	Not a Collision Between Two Motor Vehicles in Transport	No	No Controls	3	1	Pain Reported	2	41.79323	-71.39739	FALSE	FALSE	Allens Ave and Chapman Street, Providence, RI, USA	Med High	Raw	NA	FALSE	41.79323	-71.39739	2012	December	Washington Park	10	440070001011010
2952	2012-12-28	163569	15:06:00	Pedestrian	1	NA	FALSE	FALSE	1	GLENBRIDGE AVE	MANTON AVE	2012-12-28	Two-Way , Not Divided	Dry	Daylight	Clear	Not a Collision Between Two Motor Vehicles in Transport	No	Traffic Control Signal	2	1	Pain Reported	NA	41.82597	-71.45822	FALSE	FALSE	Glenbridge Ave and Manton Ave, Providence, RI, USA	Med High	Raw	NA	FALSE	41.82597	-71.45822	2012	December	Manton	6	440070020001020
2953	2012-12-28	163829	06:34:00	Pedestrian	1	NA	FALSE	FALSE	1	Thackery St	ELMWOOD AVE	2012-12-29	Two-Way , Not Divided	Dry	Dawn	Clear	Not a Collision Between Two Motor Vehicles in Transport	No	No Controls	2	1	Incapacitating	2	41.79218	-71.42255	FALSE	FALSE	Thackery Street and Elmwood Ave, Providence, RI, USA	Med High	Raw	NA	FALSE	41.79218	-71.42255	2012	December	Elmwood	9	440070002005026
2951	2013-01-01	163984	06:01:00	Pedestrian	1	NA	FALSE	FALSE	1	VALLEY ST	JEWETT ST	2013-01-01	Two-Way , Not Divided	Wet	Dark - Lighted	Clear	Other	Yes	No Controls	1	1	Pain Reported	NA	41.83221	-71.42769	FALSE	FALSE	Valley Street and Jewett Street, Providence, RI, USA	Med High	Raw	NA	FALSE	41.83221	-71.42769	2013	January	Smith Hill	12	440070025001010
2949	2013-01-03	164302	19:36:00	Pedestrian	1	NA	FALSE	FALSE	1	731 Eddy st.	NA	2013-01-03	Unknown	Dry	Dark - Lighted	Clear	Not a Collision Between Two Motor Vehicles in Transport	Yes	No Controls	1	1	Pain Reported	NA	41.82849	-71.40959	TRUE	TRUE	731 Eddy St., Providence, RI, USA	High	Geocoded	distance greater than 100m	TRUE	41.8078196	-71.4075635	2013	January	Upper South Providence	11	440070006002008
2948	2013-01-07	164565	18:25:00	Pedestrian	1	NA	FALSE	FALSE	1	MANTON AVE	CHALKSTONE AVE	2013-01-07	Two-Way , Not Divided	Dry	Dark - Lighted	Clear	Not a Collision Between Two Motor Vehicles in Transport	Yes	No Controls	1	1	Pain Reported	2	41.83391	-71.46733	FALSE	FALSE	Manton Ave and Chalkstone Ave, Providence, RI, USA	Med High	Raw	NA	FALSE	41.83391	-71.46733	2013	January	Manton	6	440070020002027
2946	2013-01-08	164684	11:35:00	Pedestrian	1	NA	FALSE	FALSE	1	1075 CHALKSTONE AVE	GENEVA ST	2013-01-08	Unknown	Dry	Daylight	Clear	Other	No	No Controls	2	1	Pain Reported	NA	41.83228	-71.44072	TRUE	FALSE	1075 Chalkstone Ave, Providence, RI, USA	High	Raw	distance greater than 100m	TRUE	41.83228	-71.44072	2013	January	Valley	6	440070023003002
2947	2013-01-08	164685	13:17:00	Pedestrian	1	NA	FALSE	FALSE	1	617 HARTFORD AVE	KING PHILIP ST	2013-01-08	Unknown	Dry	Daylight	Clear	Other	No	No Controls	3	1	Pain Reported	NA	41.81954	-71.46551	TRUE	FALSE	617 Hartford Ave, Providence, RI, USA	High	Raw	NA	FALSE	41.81954	-71.46551	2013	January	Hartford	7	440070018001010
2945	2013-01-10	165885	10:41:00	Pedestrian	1	NA	FALSE	FALSE	1	FRANCIS ST	AMERICAN EXPRESS PLZ	2013-01-17	Two-Way, Divided, Unprotected (painted>4feet) Medium	Dry	Dark - Lighted	Clear	Other	No	Traffic Control Signal	3	1	Pain Reported	NA	41.82745	-71.41541	FALSE	FALSE	Francis Street and American Express Plz, Providence, RI, USA	Med	Raw	distance greater than 100m	TRUE	41.82745	-71.41541	2013	January	Downtown	12	440070008001013
2943	2013-01-12	165201	07:38:00	Pedestrian	1	NA	FALSE	FALSE	1	FRANCIS STREET	GASPEE STREET	2013-01-12	Two-Way, Divided, Positive Median Barrier	Wet	Daylight	Rain	Head-On (Front - to - Front)	No	Traffic Control Signal	3	1	Pain Reported	4	41.82678	-71.41875	FALSE	FALSE	Francis Street and Gaspee Street, Providence, RI, USA	Med	Neither	distance greater than 100m	TRUE	41.829167	-71.415167	2013	January	Downtown	12	440070008001006
2944	2013-01-12	165286	22:57:00	Pedestrian	1	NA	FALSE	FALSE	1	Parade St.	CHAPIN AVE	2013-01-13	Two-Way , Not Divided	Wet	Dark - Lighted	Sleet, Hail (Freezing Rain or Drizzle)	Not a Collision Between Two Motor Vehicles in Transport	No	Stop Signs	2	1	Pain Reported	2	41.81192	-71.43118	FALSE	FALSE	Parade St. and Chapin Ave, Providence, RI, USA	Med High	Raw	NA	FALSE	41.81192	-71.43118	2013	January	West End	13	440070013001006
2942	2013-01-13	165282	14:56:00	Bicycle	NA	1	FALSE	FALSE	1	CUMERFORD ST	DORA ST	2013-01-13	Two-Way , Not Divided	Dry	Daylight	Clear	Not a Collision Between Two Motor Vehicles in Transport	No	Stop Signs	4	1	Pain Reported	2	41.80928	-71.44364	FALSE	FALSE	Cumerford Street and Dora Street, Providence, RI, USA	Med High	Raw	NA	FALSE	41.80928	-71.44364	2013	January	Silver Lake	15	440070016021007
2940	2013-01-19	166047	18:16:00	Bicycle	NA	1	FALSE	FALSE	1	IVES ST	PRESTON ST	2013-01-19	Two-Way , Not Divided	Dry	Dark - Lighted	Clear	Angle - Direction Not Specified	No	No Controls	4	1	Pain Reported	NA	41.82438	-71.39242	FALSE	FALSE	Ives Street and Preston Street, Providence, RI, USA	Med High	Raw	NA	FALSE	41.82438	-71.39242	2013	January	Fox Point	1	440070035002013
2941	2013-01-19	166075	22:02:00	Pedestrian	1	NA	FALSE	FALSE	1	Empire St.	Westminster St.	2013-01-19	Two-Way , Not Divided	Dry	Dark - Lighted	Clear	Not a Collision Between Two Motor Vehicles in Transport	No	Traffic Control Signal	5	1	Pain Reported	3	41.82092	-71.41525	FALSE	FALSE	Empire St. and Westminster St., Providence, RI, USA	Med High	Raw	NA	FALSE	41.82092	-71.41525	2013	January	Downtown	1	440070008003069
2939	2013-01-20	166079	04:42:00	Pedestrian	1	NA	FALSE	FALSE	1	EDDY ST	VERMONT AVE	2013-01-20	Two-Way , Not Divided	Dry	Dark - Lighted	Clear	Not a Collision Between Two Motor Vehicles in Transport	Yes	Stop Signs	2	1	Pain Reported	NA	41.78756	-71.40242	FALSE	FALSE	Eddy Street and Vermont Ave, Providence, RI, USA	Med High	Raw	NA	FALSE	41.78756	-71.40242	2013	January	Washington Park	10	440070001014008
2938	2013-01-22	166276	10:11:00	Pedestrian	1	NA	FALSE	FALSE	1	425 DEXTER ST	WALDO ST	2013-01-22	Two-Way , Not Divided	Slush	Daylight	Clear	Not a Collision Between Two Motor Vehicles in Transport	Yes	No Controls	1	1	Pain Reported	NA	41.80458	-71.42994	TRUE	FALSE	425 Dexter Street, Providence, RI, USA	High	Raw	NA	FALSE	41.80458	-71.42994	2013	January	West End	8	440070003011007
2937	2013-01-23	166548	14:46:00	Pedestrian	1	NA	FALSE	FALSE	1	LENOX AVE	NIAGARA ST	2013-01-23	Two-Way , Not Divided	Dry	Daylight	Clear	Other	Yes	No Controls	1	1	Pain Reported	2	41.79732	-71.41794	FALSE	FALSE	Lenox Ave and Niagara Street, Providence, RI, USA	Med High	Raw	NA	FALSE	41.79732	-71.41794	2013	January	Elmwood	9	440070002004001
2936	2013-01-25	166932	22:58:00	Pedestrian	1	NA	FALSE	FALSE	1	WESTMINSTER ST	MEMORIAL BLVD	2013-01-27	Two-Way , Not Divided	Wet	Dark - Lighted	Cloudy	Not a Collision Between Two Motor Vehicles in Transport	No	Traffic Control Signal	3	1	Pain Reported	NA	41.82529	-71.40898	FALSE	FALSE	Westminster Street and Memorial Blvd, Providence, RI, USA	Med High	Raw	NA	FALSE	41.82529	-71.40898	2013	January	Downtown	1	440070008003004
2935	2013-01-27	166959	19:14:00	Pedestrian	1	NA	FALSE	FALSE	1	CHALKSTONE AVE	RUGGLES ST	2013-01-27	Two-Way , Not Divided	Dry	Dark - Lighted	Clear	Head-On (Front - to - Front)	Yes	No Controls	2	1	Pain Reported	2	41.83461	-71.42819	FALSE	FALSE	Chalkstone Ave and Ruggles Street, Providence, RI, USA	Med High	Raw	NA	FALSE	41.83461	-71.42819	2013	January	Smith Hill	12	440070025001004
2933	2013-01-28	167091	12:43:00	Pedestrian	1	NA	FALSE	FALSE	1	356 SMITH STREET	NA	2013-01-28	Two-Way , Not Divided	Dry	Daylight	Clear	Other	No	No Controls	2	1	Pain Reported	2	41.82678	-71.41875	TRUE	TRUE	356 Smith Street, Providence, RI, USA	High	Neither	distance greater than 100m	TRUE	41.834417	-71.423611	2013	January	Smith Hill	12	440070026001013
2934	2013-01-28	167092	18:32:00	Pedestrian	1	NA	FALSE	FALSE	1	FRANCIS ST	MEMORIAL BLVD	2013-01-28	Two-Way , Not Divided	Dry	Dark - Lighted	Rain	Not a Collision Between Two Motor Vehicles in Transport	Yes	No Controls	1	0	No Injury	NA	41.82691	-71.41548	FALSE	FALSE	Francis Street and Memorial Blvd, Providence, RI, USA	Med	Raw	distance greater than 100m	TRUE	41.82691	-71.41548	2013	January	Downtown	12	440070008001035
2931	2013-01-30	167471	21:25:00	Pedestrian	1	NA	FALSE	FALSE	1	Washington St.	Exchange St.	2013-01-30	One-Way Trafficway	Wet	Dark - Lighted	Cloudy	Not a Collision Between Two Motor Vehicles in Transport	No	Flashing Traffic Control Signal	3	1	Pain Reported	2	41.82565	-71.41111	FALSE	FALSE	Washington St. and Exchange St., Providence, RI, USA	Med	Raw	NA	FALSE	41.82565	-71.41111	2013	January	Downtown	1	440070008001050
2932	2013-01-30	167581	12:53:00	Bicycle	1	NA	FALSE	FALSE	1	ATWOOD ST	PLAINFIELD ST	2013-02-02	One-Way Trafficway	Dry	Daylight	Clear	Not a Collision Between Two Motor Vehicles in Transport	No	Traffic Control Signal	3	0	No Injury	NA	41.81596	-71.44507	FALSE	FALSE	Atwood Street and Plainfield Street, Providence, RI, USA	Med High	Raw	NA	FALSE	41.81596	-71.44507	2013	January	Olneyville	15	440070016011000
2930	2013-02-02	167619	19:00:00	Pedestrian	1	NA	FALSE	FALSE	1	CHALKSTONE AVENUE	BILTMORE AVENUE	2013-02-02	Two-Way , Not Divided	Dry	Dark - Lighted	Clear	Not a Collision Between Two Motor Vehicles in Transport	No	No Controls	3	1	Pain Reported	2	41.8217	-71.45485	FALSE	FALSE	Chalkstone Avenue and Biltmore Avenue, Providence, RI, USA	Med High	Geocoded	distance greater than 100m	TRUE	41.8328452	-71.4378466	2013	February	Elmhurst	5	440070023002012
2929	2013-02-03	167689	00:51:00	Pedestrian	1	NA	FALSE	FALSE	1	BROAD ST	SERVICE ROAD 7	2013-02-03	One-Way Trafficway	Dry	Dark - Lighted	Clear	Not a Collision Between Two Motor Vehicles in Transport	Yes	No Controls	1	1	Incapacitating	NA	41.81736	-71.41696	FALSE	FALSE	Broad Street and Service Road 7, Providence, RI, USA	Med	Raw	NA	FALSE	41.81736	-71.41696	2013	February	Upper South Providence	11	440070007003001
2927	2013-02-09	168319	15:57:00	Pedestrian	1	NA	FALSE	FALSE	1	650 SMITH ST	NA	2013-02-09	Two-Way , Not Divided	Snow	Daylight	Clear	Head-On (Front - to - Front)	No	No Controls	2	1	Pain Reported	2	41.83694	-71.43209	TRUE	TRUE	650 Smith Street, Providence, RI, USA	High	Raw	NA	FALSE	41.83694	-71.43209	2013	February	Elmhurst	12	440070023001005
2928	2013-02-09	170067	08:53:00	Pedestrian	1	NA	FALSE	FALSE	1	BROADWAY	ALMY ST	2013-02-20	Two-Way , Not Divided	Snow	Daylight	Blowing Snow	Not a Collision Between Two Motor Vehicles in Transport	Yes	Traffic Control Signal	1	1	Pain Reported	2	41.81896	-71.43294	FALSE	FALSE	Broadway and Almy Street, Providence, RI, USA	Med	Raw	NA	FALSE	41.81896	-71.43294	2013	February	Federal Hill	13	440070010001004
2926	2013-02-12	168576	13:45:00	Pedestrian	1	NA	FALSE	FALSE	1	HAYES ST	Providence Place	2013-02-12	One-Way Trafficway	Wet	Dark - Lighted	Clear	Other	Yes	No Controls	3	1	Pain Reported	1	41.82932	-71.41733	FALSE	FALSE	Hayes Street and Providence Place, Providence, RI, USA	Med	Raw	distance greater than 100m	TRUE	41.82932	-71.41733	2013	February	Downtown	12	440070008001007
2925	2013-02-13	168711	16:42:00	Bicycle	NA	1	FALSE	FALSE	1	W RIVER ST	BRANCH AVE	2013-02-13	Two-Way , Not Divided	Wet	Daylight	Clear	Not a Collision Between Two Motor Vehicles in Transport	No	Pavement Markings	2	1	Pain Reported	2	41.84688	-71.4127	FALSE	FALSE	W River Street and Branch Ave, Providence, RI, USA	Med High	Raw	NA	FALSE	41.84688	-71.4127	2013	February	Mount Hope	4	440070029001036
2924	2013-02-15	169019	22:58:00	Bicycle	NA	1	FALSE	FALSE	1	Washington Street	MATHEWSON ST	2013-02-15	Two-Way , Not Divided	Wet	Dark - Lighted	Clear	Not a Collision Between Two Motor Vehicles in Transport	Yes	Traffic Control Signal	1	1	Pain Reported	NA	41.82305	-71.4148	FALSE	FALSE	Washington Street and Mathewson Street, Providence, RI, USA	Med High	Raw	NA	FALSE	41.82305	-71.4148	2013	February	Downtown	1	440070008001054
2922	2013-02-16	169020	01:55:00	Pedestrian	1	NA	FALSE	FALSE	1	ABORN ST	WASHINGTON ST	2013-02-16	One-Way Trafficway	Snow	Dark - Lighted	Cloudy	Rear End(Front-to-Rear)	No	No Controls	3	1	Pain Reported	NA	41.82185	-71.41544	FALSE	FALSE	Aborn Street and Washington Street, Providence, RI, USA	Med High	Raw	NA	FALSE	41.82185	-71.41544	2013	February	Downtown	1	440070008003070
2923	2013-02-16	169206	13:50:00	Pedestrian	1	NA	FALSE	FALSE	1	99 KENNEDY PLAZA	NA	2013-02-17	One-Way Trafficway	Wet	Daylight	Snow	Other	No	No Controls	4	1	Pain Reported	1	41.82602	-71.41884	TRUE	TRUE	99 Kennedy Plaza, Providence, RI, USA	High	Neither	distance greater than 100m	TRUE	41.824611	-71.412556	2013	February	Downtown	1	440070008001050
2921	2013-02-22	170973	14:30:00	Pedestrian	1	NA	FALSE	FALSE	1	N MAIN ST	N MAIN ST	2013-03-04	Two-Way , Not Divided	Dry	Daylight	Clear	Other	Yes	Stop Signs	1	1	Pain Reported	NA	41.83646	-71.40963	FALSE	FALSE	N Main Street and N Main Street, Providence, RI, USA	Med	Raw	distance greater than 100m	TRUE	41.83646	-71.40963	2013	February	College Hill	3	440070031004002
2918	2013-02-23	170086	10:59:00	Pedestrian	1	NA	FALSE	FALSE	1	1070 HOPE STREET	BLACKSTONE BLVD	2013-02-23	Two-Way , Not Divided	Dry	Daylight	Clear	Other	No	No Controls	3	1	Non-Incapacitating	2	41.83349	-71.41682	TRUE	FALSE	1070 Hope Street, Providence, RI, USA	High	Geocoded	distance greater than 100m	TRUE	41.8564793	-71.3915134	2013	February	Hope	3	440070033001000
2919	2013-02-23	170141	02:45:00	Pedestrian	1	NA	FALSE	FALSE	1	UNION ST	WASHINGTON ST	2013-02-24	Two-Way , Not Divided	Dry	Dark - Lighted	Clear	Not a Collision Between Two Motor Vehicles in Transport	Yes	No Controls	1	1	Pain Reported	NA	41.82364	-71.41405	FALSE	FALSE	Union Street and Washington Street, Providence, RI, USA	Med	Raw	NA	FALSE	41.82364	-71.41405	2013	February	Downtown	1	440070008001057
2920	2013-02-23	170280	13:53:00	Other	NA	NA	FALSE	TRUE	1	WESTMINSTER ST	EMPIRE ST	2013-02-26	Two-Way , Not Divided	Dry	Daylight	Cloudy	Not a Collision Between Two Motor Vehicles in Transport	No	Traffic Control Signal	4	1	Non-Incapacitating	NA	41.82097	-71.41532	FALSE	FALSE	Westminster Street and Empire Street, Providence, RI, USA	Med High	Raw	NA	FALSE	41.82097	-71.41532	2013	February	Downtown	1	440070008003071
2916	2013-02-24	170159	16:22:00	Bicycle	NA	1	FALSE	FALSE	1	College St	BENEFIT ST	2013-02-24	Two-Way , Not Divided	Wet	Daylight	Rain	Unknown	No	Stop Signs	2	1	Pain Reported	2	41.82599	-71.40684	FALSE	FALSE	College Street and Benefit Street, Providence, RI, USA	Med	Raw	NA	FALSE	41.82599	-71.40684	2013	February	College Hill	2	440070036023024
2917	2013-02-24	170166	18:43:00	Bicycle	NA	1	FALSE	FALSE	1	BRANCH AVE	CHARLES ST	2013-02-24	Two-Way , Not Divided	Wet	Dark - Lighted	Rain	Not a Collision Between Two Motor Vehicles in Transport	No	Traffic Control Signal	3	1	Pain Reported	2	41.85021	-71.41986	FALSE	FALSE	Branch Ave and Charles Street, Providence, RI, USA	Med High	Raw	NA	FALSE	41.85021	-71.41986	2013	February	Charles	4	440070029003010
2914	2013-02-25	170251	18:55:00	Pedestrian	1	NA	FALSE	FALSE	1	165 Pitman St	BUTLER AVE	2013-02-25	Two-Way , Not Divided	Dry	Dark - Lighted	Clear	Not a Collision Between Two Motor Vehicles in Transport	No	No Controls	2	1	Pain Reported	NA	41.8268	-71.38605	TRUE	FALSE	165 Pitman Street, Providence, RI, USA	High	Raw	distance greater than 100m	TRUE	41.8268	-71.38605	2013	February	Fox Point	1	440070035003008
2915	2013-02-25	170287	12:50:00	Pedestrian	1	NA	FALSE	FALSE	1	601 N MAIN ST	N MAIN ST	2013-02-26	Two-Way, Divided, Unprotected (painted>4feet) Medium	Dry	Daylight	Clear	Other	No	No Controls	3	1	Pain Reported	NA	41.83706	-71.40951	TRUE	FALSE	601 N Main Street, Providence, RI, USA	High	Raw	distance greater than 100m	TRUE	41.83706	-71.40951	2013	February	College Hill	3	440070031004002
2913	2013-02-26	170368	18:58:00	Pedestrian	1	NA	FALSE	FALSE	1	ALLENS AVE	EDDY ST	2013-02-26	Two-Way, Divided, Positive Median Barrier	Dry	Dark - Not Lighted	Clear	Head-On (Front - to - Front)	No	No Controls	3	1	Non-Incapacitating	4	41.81505	-71.4066	FALSE	FALSE	Allens Ave and Eddy Street, Providence, RI, USA	Med High	Raw	NA	FALSE	41.81505	-71.4066	2013	February	Downtown	1	440070006001026
2912	2013-02-28	170600	06:57:00	Bicycle	NA	1	FALSE	FALSE	1	EDDY STREET	RHODES STREET	2013-02-28	Two-Way , Not Divided	Wet	Daylight	Clear	Other	No	No Controls	2	1	Non-Incapacitating	2	41.82672	-71.41981	FALSE	FALSE	Eddy Street and Rhodes Street, Providence, RI, USA	Med High	Geocoded	distance greater than 100m	TRUE	41.808252	-71.4072355	2013	February	Upper South Providence	11	440070006001063
2909	2013-03-01	170751	07:30:00	Pedestrian	2	NA	FALSE	FALSE	1	PETTEYS AVE	GLENBRIDGE AVE	2013-03-01	Two-Way , Not Divided	Dry	Daylight	Clear	Head-On (Front - to - Front)	No	Traffic Control Signal	5	2	Pain Reported	NA	41.81891	-71.46165	FALSE	FALSE	Petteys Ave and Glenbridge Ave, Providence, RI, USA	Med High	Raw	NA	FALSE	41.81891	-71.46165	2013	March	Hartford	7	440070018005002
2910	2013-03-01	170770	12:40:00	Bicycle	NA	1	FALSE	FALSE	1	WASHINGTON ST	CLEMENCE ST	2013-03-01	Two-Way , Not Divided	Dry	Daylight	Clear	Sideswipe, Same Direction	No	No Controls	3	1	Pain Reported	NA	41.82332	-71.4144	FALSE	FALSE	Washington Street and Clemence Street, Providence, RI, USA	Med High	Raw	NA	FALSE	41.82332	-71.4144	2013	March	Downtown	1	440070008001056
2911	2013-03-01	171050	07:44:00	Pedestrian	1	NA	FALSE	FALSE	1	CHARLES ST	CHARLES ST	2013-03-04	Two-Way , Not Divided	Dry	Daylight	Clear	Other	No	No Controls	2	1	Pain Reported	NA	41.84834	-71.41968	FALSE	FALSE	Charles Street and Charles Street, Providence, RI, USA	Med	Raw	NA	FALSE	41.84834	-71.41968	2013	March	Charles	4	440070029004007
2908	2013-03-02	170906	20:05:00	Bicycle	NA	1	FALSE	FALSE	1	BRANCH AVE	LANGDON ST	2013-03-03	Two-Way , Not Divided	Dry	Dark - Lighted	Clear	Not a Collision Between Two Motor Vehicles in Transport	No	Stop Signs	3	1	Pain Reported	NA	41.85221	-71.42447	FALSE	FALSE	Branch Ave and Langdon Street, Providence, RI, USA	Med High	Raw	NA	FALSE	41.85221	-71.42447	2013	March	Charles	4	440070029005015
2906	2013-03-06	171350	18:12:00	Pedestrian	1	NA	FALSE	FALSE	1	82 SMITH ST	NA	2013-03-06	Two-Way , Not Divided	Wet	Dark - Lighted	Rain	Other	No	No Controls	4	1	Pain Reported	4	41.83159	-71.41353	TRUE	TRUE	82 Smith Street, Providence, RI, USA	High	Raw	distance greater than 100m	TRUE	41.83159	-71.41353	2013	March	Downtown	12	440070031003025