row_number	crash_date	crash_report_id	crash_time	collision_type	count_pedestrian	count_bicycle	scooter	wheel_chair	number_of_vehicles	street_or_highway	nearest_intersection	report_date	type_of_roadway	road_surface_condition	light_condition	weather_condition	manner_of_impact	hit_and_run	traffic_control	person_count	injury_count	most_serious_injury	number_of_lanes	lat_raw	lon_raw	has_st_number	is_intersection_null	address_sent_to_geocoder	api_coord_conf	best_coordinate_set	reason_for_qa	manually_qaed_record	final_lat	final_lon	year	month	pvd_nhood	pvd_wards	geoid20
2846	2013-05-30	180771	10:59:00	Pedestrian	1	NA	FALSE	FALSE	1	WASHINGTON STREET	GREENE STREET	2013-05-30	Two-Way , Not Divided	Dry	Daylight	Clear	Other	No	No Controls	2	1	Non-Incapacitating	2	41.82762	-71.41844	FALSE	FALSE	Washington Street and Greene Street, Providence, RI, USA	Med	Geocoded	distance greater than 100m	TRUE	41.8212779	-71.417227	2013	May	Downtown	1	440070008001074
2843	2013-05-31	181003	17:18:00	Pedestrian	1	NA	FALSE	FALSE	1	Smith Street	River Avenue	2013-05-31	Two-Way , Not Divided	Dry	Daylight	Clear	Unknown	No	No Controls	2	0	No Injury	NA	41.84063	-71.44055	FALSE	FALSE	Smith Street and River Avenue, Providence, RI, USA	Med	Raw	NA	FALSE	41.84063	-71.44055	2013	May	Elmhurst	5	440070023005007
2844	2013-05-31	181047	16:34:00	Pedestrian	1	NA	FALSE	FALSE	1	160 Pine St	RICHMOND ST	2013-05-31	One-Way Trafficway	Other	Daylight	Clear	Not a Collision Between Two Motor Vehicles in Transport	No	Flashing Traffic Control Signal	10	2	Pain Reported	1	41.82051	-71.41189	TRUE	FALSE	160 Pine Street, Providence, RI, USA	High	Raw	NA	FALSE	41.82051	-71.41189	2013	May	Downtown	1	440070008003067
2842	2013-06-01	181201	12:46:00	Bicycle	NA	1	FALSE	FALSE	1	BYFIELD ST	BROAD ST	2013-06-02	Two-Way , Not Divided	Dry	Daylight	Clear	Angle (Front - to - Side) Right Angle (Includes Broadside)	No	Stop Signs	3	1	Non-Incapacitating	2	41.79439	-71.40993	FALSE	FALSE	Byfield Street and Broad Street, Providence, RI, USA	Med High	Raw	NA	FALSE	41.79439	-71.40993	2013	June	Elmwood	9	440070005003018
2839	2013-06-03	181335	15:25:00	Pedestrian	1	NA	FALSE	FALSE	1	SILVER SPRING ST	ROYAL LITTLE DR	2013-06-03	Two-Way, Divided, Unprotected (painted>4feet) Medium	Wet	Daylight	Cloudy	Angle (Front - to - Side) Right Angle (Includes Broadside)	No	No Controls	2	1	Pain Reported	NA	41.84669	-71.41621	FALSE	FALSE	Silver Spring Street and Royal Little Dr, Providence, RI, USA	Med High	Raw	NA	FALSE	41.84669	-71.41621	2013	June	Charles	4	440070029004016
2840	2013-06-03	181350	13:10:00	Pedestrian	1	NA	FALSE	FALSE	1	530 NORTH MAIN ST	RANDALL SQ	2013-06-03	Unknown	Dry	Daylight	Cloudy	Unknown	No	No Controls	2	1	Pain Reported	NA	41.83694	-71.40987	TRUE	FALSE	530 North Main Street, Providence, RI, USA	High	Raw	NA	FALSE	41.83694	-71.40987	2013	June	College Hill	3	440070031004004
2838	2013-06-04	181473	13:08:00	Pedestrian	1	NA	FALSE	FALSE	1	FENNER STREET	NA	2013-06-04	Two-Way , Not Divided	Dry	Daylight	Clear	Other	No	No Controls	3	1	Non-Incapacitating	NA	41.82672	-71.41981	FALSE	TRUE	Fenner Street, Providence, RI, USA	Inaccurate	Geocoded	distance greater than 100m	TRUE	41.8185258	-71.4162027	2013	June	Downtown	1	440070008002008
2837	2013-06-05	181663	10:19:00	Pedestrian	1	NA	FALSE	FALSE	1	1023 CHALKSTONE AVENUE	NA	2013-06-05	Two-Way , Not Divided	Dry	Daylight	Clear	Other	Yes	No Controls	1	1	Non-Incapacitating	2	41.82678	-71.41882	TRUE	TRUE	1023 Chalkstone Avenue, Providence, RI, USA	High	Geocoded	distance greater than 100m	TRUE	41.8324965	-71.4415608	2013	June	Elmhurst	5	440070023003003
2836	2013-06-06	181945	14:25:00	Pedestrian	1	NA	FALSE	FALSE	1	WATERMAN ST	BROWN ST	2013-06-07	One-Way Trafficway	Dry	Daylight	Clear	Other	No	Pavement Markings	3	1	Pain Reported	NA	41.82705	-71.40304	FALSE	FALSE	Waterman Street and Brown Street, Providence, RI, USA	Med High	Raw	NA	FALSE	41.82705	-71.40304	2013	June	College Hill	2	440070036023031
2835	2013-06-08	182191	14:08:00	Bicycle	NA	1	FALSE	FALSE	1	102 ALTHEA ST	NA	2013-06-08	Two-Way , Not Divided	Dry	Daylight	Clear	Not a Collision Between Two Motor Vehicles in Transport	No	No Controls	2	1	Pain Reported	2	41.80804	-71.4357	TRUE	TRUE	102 Althea Street, Providence, RI, USA	High	Geocoded	distance greater than 100m	TRUE	41.8069843	-71.4329166	2013	June	West End	8	440070014002003
2834	2013-06-10	183726	12:30:00	Pedestrian	1	NA	FALSE	FALSE	1	Cranston St.	HUNTINGTON AVE	2013-06-18	Two-Way , Not Divided	Dry	Daylight	Clear	Angle (Front - to - Side) Right Angle (Includes Broadside)	No	Traffic Control Signal	2	1	Pain Reported	NA	41.80379	-71.43918	FALSE	FALSE	Cranston St. and Huntington Ave, Providence, RI, USA	Med High	Raw	NA	FALSE	41.80379	-71.43918	2013	June	West End	8	440070014005001
2833	2013-06-12	183059	17:02:00	Pedestrian	1	NA	FALSE	FALSE	1	Chalkstone Ave	Violet St	2013-06-12	Two-Way , Not Divided	Dry	Daylight	Clear	Not a Collision Between Two Motor Vehicles in Transport	Yes	No Controls	1	1	Pain Reported	NA	41.83495	-71.42669	FALSE	FALSE	Chalkstone Ave and Violet Street, Providence, RI, USA	Med High	Raw	NA	FALSE	41.83495	-71.42669	2013	June	Smith Hill	12	440070025001003
2831	2013-06-13	183115	11:36:00	Pedestrian	1	NA	FALSE	FALSE	1	SMITH ST	ACADEMY AVE	2013-06-13	Two-Way , Not Divided	Wet	Daylight	Rain	Not a Collision Between Two Motor Vehicles in Transport	Yes	Traffic Control Signal	3	0	No Injury	2	41.84258	-71.44515	FALSE	FALSE	Smith Street and Academy Ave, Providence, RI, USA	Med High	Raw	NA	FALSE	41.84258	-71.44515	2013	June	Mount Pleasant	5	440070024005017
2832	2013-06-13	183246	22:55:00	Bicycle	NA	1	FALSE	FALSE	1	Friendship	LOCKWOOD ST	2013-06-13	Two-Way , Not Divided	Wet	Dark - Unknown Lighting	Rain	Angle (Front - to - Side) Right Angle (Includes Broadside)	No	Stop Signs	2	1	Pain Reported	1	41.81367	-71.4174	FALSE	FALSE	Friendship and Lockwood Street, Providence, RI, USA	Med	Raw	NA	FALSE	41.81367	-71.4174	2013	June	Upper South Providence	11	440070007002002
2830	2013-06-15	183496	23:00:00	Pedestrian	1	NA	FALSE	FALSE	1	DEAN ST	UNNAMED_38	2013-06-16	One-Way Trafficway	Dry	Dark - Lighted	Clear	Other	Yes	No Controls	1	1	Non-Incapacitating	NA	41.82995	-71.42713	FALSE	FALSE	Dean Street and Unnamed_38, Providence, RI, USA	Med	Raw	distance greater than 100m	TRUE	41.82995	-71.42713	2013	June	Valley	12	440070025002016
2829	2013-06-17	183711	16:10:00	Pedestrian	1	NA	FALSE	FALSE	1	WICKENDEN ST	TRAVERSE ST	2013-06-17	Two-Way , Not Divided	Dry	Daylight	Clear	Not a Collision Between Two Motor Vehicles in Transport	No	No Controls	2	1	Pain Reported	2	41.8193	-71.39969	FALSE	FALSE	Wickenden Street and Traverse Street, Providence, RI, USA	Med High	Raw	NA	FALSE	41.8193	-71.39969	2013	June	Fox Point	1	440070037004017
2828	2013-06-19	183933	20:33:00	Pedestrian	1	NA	FALSE	FALSE	1	unknown	unknown	2013-06-19	Two-Way , Not Divided	Unknown	Dark - Lighted	Cloudy	Not a Collision Between Two Motor Vehicles in Transport	Yes	Unknown	1	1	Pain Reported	2	41.82547	-71.40121	FALSE	FALSE	Unknown and Unknown, Providence, RI, USA	Med	Raw	distance greater than 100m	TRUE	41.82547	-71.40121	2013	June	College Hill	2	440070036023025
2827	2013-06-30	185346	19:07:00	Bicycle	NA	1	FALSE	FALSE	1	CRANSTON ST	WAVERLY ST	2013-06-30	Two-Way , Not Divided	Dry	Daylight	Cloudy	Not a Collision Between Two Motor Vehicles in Transport	No	No Controls	2	1	Pain Reported	NA	41.80832	-71.43454	FALSE	FALSE	Cranston Street and Waverly Street, Providence, RI, USA	Med High	Raw	NA	FALSE	41.80832	-71.43454	2013	June	West End	8	440070014003000
2824	2013-07-01	185417	15:23:00	Bicycle	NA	1	FALSE	FALSE	1	INDUSTRIAL DR	N MAIN ST	2013-07-01	Two-Way, Divided, Unprotected (painted>4feet) Medium	Dry	Daylight	Cloudy	Angle (Front - to - Side) Same Direction	Yes	Flashing Traffic Control Signal	3	1	Pain Reported	NA	41.84063	-71.40872	FALSE	FALSE	Industrial Dr and N Main Street, Providence, RI, USA	Med	Raw	NA	FALSE	41.84063	-71.40872	2013	July	Mount Hope	3	440070031002003
2825	2013-07-01	185467	21:09:00	Pedestrian	1	NA	FALSE	FALSE	1	1022 BROAD STREET	BROAD ST	2013-07-01	Two-Way , Not Divided	Wet	Dark - Not Lighted	Rain	Not a Collision Between Two Motor Vehicles in Transport	Yes	No Controls	2	1	Incapacitating	NA	41.79716	-71.41337	TRUE	FALSE	1022 Broad Street, Providence, RI, USA	High	Raw	NA	FALSE	41.79716	-71.41337	2013	July	Elmwood	10	440070005003008
2826	2013-07-01	186734	17:00:00	Pedestrian	1	NA	FALSE	FALSE	1	ELMWOOD AVE	POTTERS AVE	2013-07-13	Unknown	Dry	Daylight	Clear	Not a Collision Between Two Motor Vehicles in Transport	Yes	No Controls	3	1	Pain Reported	NA	41.80149	-71.42636	FALSE	FALSE	Elmwood Ave and Potters Ave, Providence, RI, USA	Med High	Raw	NA	FALSE	41.80149	-71.42636	2013	July	West End	9	440070003011018
2823	2013-07-03	185656	16:46:00	Pedestrian	1	NA	FALSE	FALSE	1	BROADWAY	KNIGHT ST	2013-07-03	Two-Way , Not Divided	Dry	Daylight	Clear	Not a Collision Between Two Motor Vehicles in Transport	No	Traffic Control Signal	2	1	Pain Reported	NA	41.8198	-71.42936	FALSE	FALSE	Broadway and Knight Street, Providence, RI, USA	Med	Raw	NA	FALSE	41.8198	-71.42936	2013	July	Federal Hill	13	440070011001015
2821	2013-07-05	185796	13:45:00	Pedestrian	1	NA	FALSE	FALSE	1	PUBLIC ST	TEMPLE ST	2013-07-05	Two-Way , Not Divided	Dry	Daylight	Clear	Other	No	No Controls	5	1	Pain Reported	NA	41.80691	-71.40895	FALSE	FALSE	Public Street and Temple Street, Providence, RI, USA	Med High	Raw	NA	FALSE	41.80691	-71.40895	2013	July	Upper South Providence	11	440070006002008
2822	2013-07-05	185863	13:17:00	Bicycle	NA	1	FALSE	FALSE	1	220 NIANTIC AVENUE	NA	2013-07-05	Two-Way , Not Divided	Dry	Daylight	Clear	Rear End(Front-to-Rear)	No	No Controls	2	1	Non-Incapacitating	2	41.84187	-71.41864	TRUE	TRUE	220 Niantic Avenue, Providence, RI, USA	High	Geocoded	distance greater than 100m	TRUE	41.7965615	-71.4379325	2013	July	Reservoir	8	440070015001002
2820	2013-07-06	185986	23:27:00	Bicycle	NA	1	FALSE	FALSE	1	SERVICE ROAD 8	BROADWAY	2013-07-07	Two-Way , Not Divided	Dry	Dark - Lighted	Clear	Not a Collision Between Two Motor Vehicles in Transport	No	Traffic Control Signal	2	1	Pain Reported	4	41.82212	-71.41976	FALSE	FALSE	Service Road 8 and Broadway, Providence, RI, USA	Med High	Raw	distance greater than 100m	TRUE	41.82212	-71.41976	2013	July	Federal Hill	1	440070008001063
2819	2013-07-07	186127	23:23:00	Pedestrian	1	NA	FALSE	FALSE	1	Valley St	Harold St	2013-07-08	Two-Way , Not Divided	Dry	Dark - Lighted	Clear	Not a Collision Between Two Motor Vehicles in Transport	Yes	No Controls	1	1	Pain Reported	NA	41.8269	-71.43756	FALSE	FALSE	Valley Street and Harold Street, Providence, RI, USA	Med High	Raw	NA	FALSE	41.8269	-71.43756	2013	July	Valley	12	440070022002016
2818	2013-07-09	186225	12:19:00	Bicycle	NA	1	FALSE	FALSE	1	WATERMAN STREET	IVES STREET	2013-07-09	One-Way Trafficway	Dry	Daylight	Clear	Angle (Front - to - Side) Opposite Direction	No	Stop Signs	2	1	Non-Incapacitating	NA	41.83199	-71.41746	FALSE	FALSE	Waterman Street and Ives Street, Providence, RI, USA	Med High	Geocoded	distance greater than 100m	TRUE	41.8277996	-71.3929088	2013	July	Wayland	1	440070036012002
2817	2013-07-13	186839	20:34:00	Bicycle	NA	1	FALSE	FALSE	1	185 Glenbridge Ave	NA	2013-07-14	Two-Way , Not Divided	Dry	Dark - Lighted	Clear	Not a Collision Between Two Motor Vehicles in Transport	No	No Controls	4	1	Pain Reported	NA	41.81972	-71.46128	TRUE	TRUE	185 Glenbridge Ave, Providence, RI, USA	High	Raw	NA	FALSE	41.81972	-71.46128	2013	July	Hartford	7	440070018002017
2816	2013-07-14	186787	13:11:00	Pedestrian	1	NA	FALSE	FALSE	1	ADMIRAL STREET	SHARON STREET	2013-07-14	Two-Way , Not Divided	Dry	Daylight	Clear	Other	Yes	Stop Signs	1	1	Pain Reported	2	41.83616	-71.42824	FALSE	FALSE	Admiral Street and Sharon Street, Providence, RI, USA	Med High	Geocoded	distance greater than 100m	TRUE	41.8508064	-71.4432125	2013	July	Elmhurst	14	440070028011034
2814	2013-07-18	187398	19:48:00	Pedestrian	1	NA	FALSE	FALSE	1	45 Victoria St	MANOMET ST	2013-07-18	Two-Way , Not Divided	Dry	Daylight	Clear	Not a Collision Between Two Motor Vehicles in Transport	Yes	No Controls	7	1	Pain Reported	2	41.83348	-71.45462	TRUE	FALSE	45 Victoria Street, Providence, RI, USA	High	Raw	NA	FALSE	41.83348	-71.45462	2013	July	Mount Pleasant	5	440070020001005
2813	2013-07-19	187587	10:48:00	Bicycle	NA	1	FALSE	FALSE	1	ALLENS AVE	TERMINAL RD	2013-07-20	Two-Way , Not Divided	Dry	Daylight	Clear	Angle - Direction Not Specified	No	No Controls	3	1	Pain Reported	NA	41.79567	-71.39821	FALSE	FALSE	Allens Ave and Terminal Rd, Providence, RI, USA	Med High	Raw	NA	FALSE	41.79567	-71.39821	2013	July	Washington Park	10	440070001011001
2812	2013-07-20	187952	17:14:00	Bicycle	NA	1	FALSE	FALSE	1	STANWOOD ST	NIAGARA ST	2013-07-23	Two-Way , Not Divided	Dry	Daylight	Clear	Angle (Front - to - Side) Right Angle (Includes Broadside)	Yes	No Controls	1	0	No Injury	NA	41.80368	-71.41913	FALSE	FALSE	Stanwood Street and Niagara Street, Providence, RI, USA	Med High	Geocoded	distance greater than 100m	TRUE	41.8030662	-71.4211086	2013	July	Elmwood	9	440070003022005
2811	2013-07-21	188308	03:09:00	Pedestrian	1	NA	FALSE	FALSE	1	LENOX AVE	HAMILTON ST	2013-07-27	Two-Way, Divided, Unprotected (painted>4feet) Medium	Dry	Dark - Lighted	Clear	Not a Collision Between Two Motor Vehicles in Transport	Yes	No Controls	1	1	Pain Reported	NA	41.79687	-71.41938	FALSE	FALSE	Lenox Ave and Hamilton Street, Providence, RI, USA	Med High	Raw	NA	FALSE	41.79687	-71.41938	2013	July	Elmwood	9	440070002003000
2809	2013-07-24	187995	16:39:00	Bicycle	NA	1	FALSE	FALSE	1	1029 Broad St	BROAD ST	2013-07-24	Two-Way , Not Divided	Dry	Daylight	Clear	Not a Collision Between Two Motor Vehicles in Transport	No	Pavement Markings	2	1	Pain Reported	2	41.79698	-71.41315	TRUE	FALSE	1029 Broad Street, Providence, RI, USA	High	Raw	NA	FALSE	41.79698	-71.41315	2013	July	Elmwood	9	440070005003008
2810	2013-07-24	188014	19:17:00	Pedestrian	1	NA	FALSE	FALSE	1	Ruggles St.	Smith St.	2013-07-24	Two-Way , Not Divided	Dry	Daylight	Clear	Not a Collision Between Two Motor Vehicles in Transport	No	Stop Signs	3	1	Pain Reported	2	41.83616	-71.42831	FALSE	FALSE	Ruggles St. and Smith St., Providence, RI, USA	Med High	Raw	NA	FALSE	41.83616	-71.42831	2013	July	Smith Hill	12	440070026003013
2808	2013-07-25	188072	16:25:00	Bicycle	NA	2	FALSE	FALSE	1	CAMP ST	DOYLE AVE	2013-07-25	Two-Way , Not Divided	Wet	Daylight	Rain	Not a Collision Between Two Motor Vehicles in Transport	No	No Controls	4	2	Pain Reported	2	41.83878	-71.4042	FALSE	FALSE	Camp Street and Doyle Ave, Providence, RI, USA	Med High	Raw	NA	FALSE	41.83878	-71.4042	2013	July	Mount Hope	3	440070031001004
2805	2013-07-26	188124	01:32:00	Bicycle	NA	1	FALSE	FALSE	1	CRANSTON ST	WALDO ST	2013-07-26	Two-Way , Not Divided	Wet	Dark - Lighted	Rain	Angle (Front - to - Side) Right Angle (Includes Broadside)	No	No Controls	3	1	Non-Incapacitating	NA	41.80665	-71.43602	FALSE	FALSE	Cranston Street and Waldo Street, Providence, RI, USA	Med High	Raw	NA	FALSE	41.80665	-71.43602	2013	July	West End	8	440070014005012
2806	2013-07-26	188203	08:30:00	Pedestrian	1	NA	FALSE	FALSE	1	POINT ST	EDDY ST	2013-07-26	Two-Way , Not Divided	Wet	Daylight	Rain	Not a Collision Between Two Motor Vehicles in Transport	No	No Controls	2	1	Pain Reported	NA	41.81708	-71.40574	FALSE	FALSE	Point Street and Eddy Street, Providence, RI, USA	Med High	Raw	NA	FALSE	41.81708	-71.40574	2013	July	Downtown	1	440070006001026
2807	2013-07-26	188237	18:44:00	Pedestrian	1	NA	FALSE	FALSE	1	Potters Ave	Broad St	2013-07-26	Two-Way , Not Divided	Dry	Daylight	Cloudy	Not a Collision Between Two Motor Vehicles in Transport	Yes	Traffic Control Signal	1	0	No Injury	NA	41.80297	-71.41891	FALSE	FALSE	Potters Ave and Broad Street, Providence, RI, USA	Med High	Raw	NA	FALSE	41.80297	-71.41891	2013	July	Elmwood	9	440070004004007
2804	2013-07-27	188418	23:05:00	Bicycle	NA	1	FALSE	FALSE	1	Broad St	Reynolds Ave	2013-07-28	Two-Way, Not Divided With a Continuous Left Turn Lane	Dry	Dark - Lighted	Clear	Not a Collision Between Two Motor Vehicles in Transport	Yes	No Controls	1	1	Pain Reported	NA	41.80359	-71.4191	FALSE	FALSE	Broad Street and Reynolds Ave, Providence, RI, USA	Med	Raw	NA	FALSE	41.80359	-71.4191	2013	July	Elmwood	9	440070004004003
2803	2013-07-28	188471	13:15:00	Pedestrian	1	NA	FALSE	FALSE	1	Wickenden Street	TRAVERSE ST	2013-07-28	Two-Way , Not Divided	Dry	Daylight	Clear	Head-On (Front - to - Front)	No	No Controls	4	0	No Injury	NA	41.81931	-71.39968	FALSE	FALSE	Wickenden Street and Traverse Street, Providence, RI, USA	Med High	Raw	NA	FALSE	41.81931	-71.39968	2013	July	Fox Point	1	440070037004017
2802	2013-07-29	188830	14:04:00	Pedestrian	1	NA	FALSE	FALSE	1	FULTON STREET	DORRANCE STREET	2013-08-01	Two-Way , Not Divided	Dry	Daylight	Clear	Other	No	No Controls	5	1	Non-Incapacitating	2	41.83578	-71.4154	FALSE	FALSE	Fulton Street and Dorrance Street, Providence, RI, USA	Med	Geocoded	distance greater than 100m	TRUE	41.8241358	-71.4123255	2013	July	Downtown	1	440070008003016
2801	2013-07-30	188662	09:38:00	Pedestrian	1	NA	FALSE	FALSE	1	ADMIRAL ST	TAPPAN ST	2013-07-30	Two-Way , Not Divided	Dry	Daylight	Clear	Sideswipe, Same Direction	No	No Controls	4	1	Pain Reported	2	41.84573	-71.42755	FALSE	FALSE	Admiral Street and Tappan Street, Providence, RI, USA	Med High	Raw	NA	FALSE	41.84573	-71.42755	2013	July	Wanskuck	4	440070027002007
2799	2013-08-01	188872	12:51:00	Bicycle	NA	1	FALSE	FALSE	1	DELAINE ST	MANTON AVE	2013-08-01	Two-Way , Not Divided	Dry	Daylight	Clear	Unknown	Yes	Traffic Control Signal	1	1	Non-Incapacitating	NA	41.81796	-71.44463	FALSE	FALSE	Delaine Street and Manton Ave, Providence, RI, USA	Med High	Raw	NA	FALSE	41.81796	-71.44463	2013	August	Olneyville	15	440070019002008
2800	2013-08-01	188968	22:26:00	Bicycle	NA	1	FALSE	FALSE	1	WESTMINSTER ST	WESTMINSTER ST EXIT	2013-08-02	Two-Way , Not Divided	Wet	Dark - Lighted	Rain	Not a Collision Between Two Motor Vehicles in Transport	No	No Controls	2	1	Pain Reported	NA	41.81576	-71.4387	FALSE	FALSE	Westminster Street and Westminster St Exit, Providence, RI, USA	Med	Raw	distance greater than 100m	TRUE	41.81576	-71.4387	2013	August	West End	13	440070010002009
2797	2013-08-03	188981	00:27:00	Pedestrian	1	NA	FALSE	FALSE	1	DEAN ST	RAYMOND ST	2013-08-03	Two-Way , Not Divided	Dry	Dark - Lighted	Clear	Not a Collision Between Two Motor Vehicles in Transport	Yes	No Controls	1	1	Pain Reported	NA	41.83107	-71.42829	FALSE	FALSE	Dean Street and Raymond Street, Providence, RI, USA	Med	Raw	distance greater than 100m	TRUE	41.83107	-71.42829	2013	August	Valley	12	440070025003011
2798	2013-08-03	189004	15:13:00	Bicycle	NA	1	FALSE	FALSE	1	VALLEY ST	DELAINE ST	2013-08-03	Two-Way, Divided, Unprotected (painted>4feet) Medium	Dry	Daylight	Clear	Not a Collision Between Two Motor Vehicles in Transport	No	Stop Signs	5	1	Pain Reported	NA	41.81951	-71.4405	FALSE	FALSE	Valley Street and Delaine Street, Providence, RI, USA	Med High	Raw	NA	FALSE	41.81951	-71.4405	2013	August	Olneyville	15	440070019001012
2796	2013-08-04	189135	14:54:00	Bicycle	NA	1	FALSE	FALSE	1	BROADWAY	VALLEY ST	2013-08-04	Two-Way, Divided, Unprotected (painted>4feet) Medium	Dry	Daylight	Clear	Angle (Front - to - Side) Right Angle (Includes Broadside)	No	No Controls	3	1	Pain Reported	NA	41.81686	-71.44093	FALSE	FALSE	Broadway and Valley Street, Providence, RI, USA	Med	Raw	NA	FALSE	41.81686	-71.44093	2013	August	Olneyville	15	440070019001018
2795	2013-08-05	189173	01:20:00	Pedestrian	1	NA	FALSE	FALSE	1	RAYMOND ST	RAYMOND ST	2013-08-05	Two-Way , Not Divided	Dry	Dark - Lighted	Clear	Not a Collision Between Two Motor Vehicles in Transport	Yes	No Controls	3	1	Pain Reported	NA	41.83332	-71.42992	FALSE	FALSE	Raymond Street and Raymond Street, Providence, RI, USA	Med	Raw	NA	FALSE	41.83332	-71.42992	2013	August	Valley	12	440070022001000
2794	2013-08-07	189402	20:05:00	Pedestrian	1	NA	FALSE	FALSE	1	48 Gladstone St	Baxter St	2013-08-07	One-Way Trafficway	Dry	Dusk	Clear	Not a Collision Between Two Motor Vehicles in Transport	Yes	Other	4	1	Incapacitating	NA	41.80306	-71.41689	TRUE	FALSE	48 Gladstone Street, Providence, RI, USA	High	Raw	NA	FALSE	41.80306	-71.41689	2013	August	Lower South Providence	10	440070004004005
2792	2013-08-09	189637	11:04:00	Pedestrian	1	NA	FALSE	FALSE	1	PROSPECT STREET	BOWEN AVENUE	2013-08-09	Two-Way , Not Divided	Wet	Daylight	Rain	Head-On (Front - to - Front)	No	Stop Signs	3	1	Pain Reported	2	41.83476	-71.41637	FALSE	FALSE	Prospect Street and Bowen Avenue, Providence, RI, USA	Med	Geocoded	distance greater than 100m	TRUE	41.8305907	-71.4055816	2013	August	College Hill	2	440070036022010
2790	2013-08-14	190180	10:09:00	Bicycle	NA	1	FALSE	FALSE	1	BROAD STREET	OXFORD STREET	2013-08-14	Two-Way , Not Divided	Dry	Daylight	Clear	Other	No	Traffic Control Signal	2	1	Non-Incapacitating	2	41.83201	-71.41745	FALSE	FALSE	Broad Street and Oxford Street, Providence, RI, USA	Med	Geocoded	distance greater than 100m	TRUE	41.8004502	-71.417447	2013	August	Elmwood	9	440070004004011
2791	2013-08-14	190242	13:27:00	Pedestrian	2	NA	FALSE	FALSE	1	325 VALLEY STREET	NA	2013-08-14	Two-Way , Not Divided	Dry	Daylight	Clear	Other	No	No Controls	3	1	Pain Reported	NA	41.83521	-71.41757	TRUE	TRUE	325 Valley Street, Providence, RI, USA	High	Geocoded	distance greater than 100m	TRUE	41.8259072	-71.4379021	2013	August	Valley	12	440070025003031
2789	2013-08-15	190813	19:00:00	Pedestrian	1	NA	FALSE	FALSE	1	Smith Street	Academy	2013-08-16	Two-Way, Not Divided With a Continuous Left Turn Lane	Dry	Daylight	Clear	Angle (Front - to - Side) Opposite Direction	No	No Controls	3	1	Non-Incapacitating	1	41.84258	-71.44515	FALSE	FALSE	Smith Street and Academy, Providence, RI, USA	Med	Raw	NA	FALSE	41.84258	-71.44515	2013	August	Mount Pleasant	5	440070024005017
2788	2013-08-16	190506	23:52:00	Pedestrian	1	NA	FALSE	FALSE	1	ATWELLS AVE	DE PASQUALE AVE	2013-08-17	Two-Way, Divided, Unprotected (painted>4feet) Medium	Dry	Dark - Lighted	Clear	Other	No	Traffic Control Signal	3	1	Pain Reported	NA	41.8236	-71.42698	FALSE	FALSE	Atwells Ave and De Pasquale Ave, Providence, RI, USA	Med High	Raw	NA	FALSE	41.8236	-71.42698	2013	August	Federal Hill	13	440070009001022
2786	2013-08-18	190788	11:57:00	Bicycle	NA	1	FALSE	FALSE	1	WESTMINSTER ST	KNIGHT ST	2013-08-19	Two-Way , Not Divided	Dry	Daylight	Clear	Not a Collision Between Two Motor Vehicles in Transport	No	No Controls	2	0	No Injury	NA	41.81713	-71.42629	FALSE	FALSE	Westminster Street and Knight Street, Providence, RI, USA	Med High	Raw	NA	FALSE	41.81713	-71.42629	2013	August	West End	13	440070011002026
2787	2013-08-18	191431	17:38:00	Bicycle	NA	1	FALSE	FALSE	1	1250 Elmwood Avenue	BISSELL ST	2013-08-24	Two-Way , Not Divided	Dry	Daylight	Clear	Angle (Front - to - Side) Right Angle (Includes Broadside)	No	No Controls	2	0	No Injury	NA	41.77731	-71.42123	TRUE	FALSE	1250 Elmwood Avenue, Providence, RI, USA	High	Raw	NA	FALSE	41.77731	-71.42123	2013	August	South Elmwood	8	440070001024046
2784	2013-08-19	190799	15:13:00	Bicycle	NA	1	FALSE	FALSE	1	PARNELL ST	FOWLER ST	2013-08-19	Two-Way , Not Divided	Dry	Daylight	Clear	Angle (Front - to - Side) Right Angle (Includes Broadside)	No	No Controls	2	1	Pain Reported	NA	41.82748	-71.4538	FALSE	FALSE	Parnell Street and Fowler Street, Providence, RI, USA	Med High	Raw	distance greater than 100m	TRUE	41.82748	-71.4538	2013	August	Mount Pleasant	6	440070021024012
2785	2013-08-19	190833	19:23:00	Bicycle	NA	1	FALSE	FALSE	1	Stewart St	Broad St	2013-08-20	Two-Way , Not Divided	Dry	Dusk	Clear	Not a Collision Between Two Motor Vehicles in Transport	Yes	Traffic Control Signal	3	0	No Injury	NA	41.8169	-71.41794	FALSE	FALSE	Stewart Street and Broad Street, Providence, RI, USA	Med	Raw	NA	FALSE	41.8169	-71.41794	2013	August	Upper South Providence	11	440070007003002
2782	2013-08-20	190851	08:53:00	Bicycle	NA	1	FALSE	FALSE	1	235 PROMENADE STREET	NA	2013-08-20	Two-Way , Not Divided	Dry	Daylight	Clear	Other	Yes	No Controls	1	0	No Injury	NA	41.8347	-71.41607	TRUE	TRUE	235 Promenade Street, Providence, RI, USA	High	Geocoded	distance greater than 100m	TRUE	41.8285767	-71.4193258	2013	August	Smith Hill	12	440070025002018
2783	2013-08-20	192063	14:10:00	Bicycle	NA	NA	FALSE	FALSE	2	SASSAFRAS ST	SAVINGS ST	2013-08-20	Two-Way , Not Divided	Dry	Daylight	Clear	Other	No	No Controls	3	1	Pain Reported	NA	41.79503	-71.41074	FALSE	FALSE	Sassafras Street and Savings Street, Providence, RI, USA	Med High	Geocoded	distance greater than 100m	TRUE	41.7942395	-71.412939	2013	August	Elmwood	9	440070002005005