row_number	crash_date	crash_report_id	crash_time	collision_type	count_pedestrian	count_bicycle	scooter	wheel_chair	number_of_vehicles	street_or_highway	nearest_intersection	report_date	type_of_roadway	road_surface_condition	light_condition	weather_condition	manner_of_impact	hit_and_run	traffic_control	person_count	injury_count	most_serious_injury	number_of_lanes	lat_raw	lon_raw	has_st_number	is_intersection_null	address_sent_to_geocoder	api_coord_conf	best_coordinate_set	reason_for_qa	manually_qaed_record	final_lat	final_lon	year	month	pvd_nhood	pvd_wards	geoid20
2780	2013-08-21	191039	16:22:00	Bicycle	NA	1	FALSE	FALSE	1	133c delaine st	APPLETON ST	2013-08-21	Two-Way , Not Divided	Dry	Daylight	Clear	Not a Collision Between Two Motor Vehicles in Transport	No	Stop Signs	4	1	Pain Reported	2	41.81905	-71.44292	FALSE	FALSE	133c Delaine Street and Appleton Street, Providence, RI, USA	Med High	Raw	NA	FALSE	41.81905	-71.44292	2013	August	Olneyville	15	440070019002009
2781	2013-08-21	191054	17:08:00	Pedestrian	1	NA	FALSE	FALSE	1	FRANCIS ST	AMERICAN EXPRESS PLZ	2013-08-21	Two-Way , Not Divided	Dry	Daylight	Clear	Not a Collision Between Two Motor Vehicles in Transport	No	Pavement Markings	5	1	Pain Reported	4	41.82803	-71.41533	FALSE	FALSE	Francis Street and American Express Plz, Providence, RI, USA	Med	Raw	distance greater than 100m	TRUE	41.82803	-71.41533	2013	August	Downtown	12	440070008001011
2779	2013-08-22	191119	10:28:00	Bicycle	NA	1	FALSE	FALSE	1	95 PLEASANT VALLEY PARKWAY	VALLEY STREET	2013-08-22	Two-Way , Not Divided	Dry	Daylight	Clear	Other	Yes	No Controls	1	1	Non-Incapacitating	4	41.83201	-71.41745	TRUE	FALSE	95 Pleasant Valley Parkway, Providence, RI, USA	High	Geocoded	distance greater than 100m	TRUE	41.8313134	-71.4271619	2013	August	Smith Hill	12	440070025002016
2778	2013-08-23	191309	19:08:00	Bicycle	NA	1	FALSE	FALSE	1	ATWOOD ST	PLAINFIELD ST	2013-08-23	Two-Way , Not Divided	Dry	Daylight	Clear	Not a Collision Between Two Motor Vehicles in Transport	No	Traffic Control Signal	4	1	Pain Reported	2	41.81595	-71.44506	FALSE	FALSE	Atwood Street and Plainfield Street, Providence, RI, USA	Med High	Raw	NA	FALSE	41.81595	-71.44506	2013	August	Olneyville	15	440070016011000
2776	2013-08-28	192398	18:06:00	Bicycle	NA	1	FALSE	FALSE	1	GEORGE STREET	GOVERNOR ST	2013-08-28	Two-Way , Not Divided	Dry	Daylight	Clear	Head-On (Front - to - Front)	No	No Controls	3	1	Non-Incapacitating	NA	41.82586	-71.39389	FALSE	FALSE	George Street and Governor Street, Providence, RI, USA	Med	Raw	NA	FALSE	41.82586	-71.39389	2013	August	College Hill	1	440070036013004
2775	2013-08-30	192396	22:30:00	Bicycle	NA	NA	FALSE	FALSE	2	31 Chapin Ave	PARADE ST	2013-08-30	Two-Way , Not Divided	Dry	Dark - Lighted	Clear	Not a Collision Between Two Motor Vehicles in Transport	No	No Controls	2	1	Non-Incapacitating	NA	41.81188	-71.43237	TRUE	FALSE	31 Chapin Ave, Providence, RI, USA	High	Raw	NA	FALSE	41.81188	-71.43237	2013	August	West End	8	440070013002003
2774	2013-08-31	192491	17:55:00	Pedestrian	1	NA	FALSE	FALSE	1	ATWELLS AVE	VALLEY ST	2013-08-31	Two-Way, Not Divided With a Continuous Left Turn Lane	Dry	Daylight	Clear	Not a Collision Between Two Motor Vehicles in Transport	No	No Controls	5	1	Pain Reported	3	41.82456	-71.43948	FALSE	FALSE	Atwells Ave and Valley Street, Providence, RI, USA	Med High	Raw	NA	FALSE	41.82456	-71.43948	2013	August	Olneyville	15	440070025003031
2772	2013-09-01	192587	13:48:00	Pedestrian	1	NA	FALSE	FALSE	1	BROAD STREET	GLADSTONE STREET	2013-09-01	Two-Way , Not Divided	Dry	Daylight	Clear	Head-On (Front - to - Front)	No	Stop Signs	3	1	Pain Reported	2	41.83079	-71.41786	FALSE	FALSE	Broad Street and Gladstone Street, Providence, RI, USA	Med	Geocoded	distance greater than 100m	TRUE	41.8026305	-71.4188091	2013	September	Elmwood	9	440070004004005
2773	2013-09-01	237524	00:01:00	Bicycle	NA	1	FALSE	FALSE	1	GLENBRIDGE AVE	MANTON AVE	2014-06-16	Unknown	Unknown	Unknown	Clear	Angle (Front - to - Side) Right Angle (Includes Broadside)	No	No Controls	2	0	Unknown	NA	41.82597	-71.45822	FALSE	FALSE	Glenbridge Ave and Manton Ave, Providence, RI, USA	Med High	Raw	NA	FALSE	41.82597	-71.45822	2013	September	Manton	6	440070020001020
2770	2013-09-02	192668	13:01:00	Bicycle	NA	1	FALSE	FALSE	1	Chalkstone Ave	OAKLAND AVE	2013-09-02	Two-Way , Not Divided	Wet	Daylight	Rain	Not a Collision Between Two Motor Vehicles in Transport	No	Traffic Control Signal	3	1	Pain Reported	2	41.83419	-71.43024	FALSE	FALSE	Chalkstone Ave and Oakland Ave, Providence, RI, USA	Med High	Raw	NA	FALSE	41.83419	-71.43024	2013	September	Elmhurst	12	440070025001007
2771	2013-09-02	196772	23:03:00	Pedestrian	1	NA	FALSE	FALSE	1	ATWELLS AVE	MCAVOY ST	2013-10-04	Two-Way , Not Divided	Dry	Dark - Lighted	Clear	Not a Collision Between Two Motor Vehicles in Transport	No	No Controls	2	1	Pain Reported	2	41.82379	-71.42976	FALSE	FALSE	Atwells Ave and Mcavoy Street, Providence, RI, USA	Med High	Raw	NA	FALSE	41.82379	-71.42976	2013	September	Federal Hill	13	440070009001014
2769	2013-09-06	193267	17:39:00	Pedestrian	1	NA	FALSE	FALSE	1	EXCHANGE TER	EXCHANGE ST	2013-09-06	One-Way Trafficway	Dry	Daylight	Clear	Not a Collision Between Two Motor Vehicles in Transport	No	No Controls	4	1	Pain Reported	NA	41.82568	-71.41281	FALSE	FALSE	Exchange Ter and Exchange Street, Providence, RI, USA	Med High	Geocoded	distance greater than 100m	TRUE	41.8250247	-71.4148047	2013	September	Downtown	1	440070008001042
2768	2013-09-07	193496	14:37:00	Pedestrian	1	NA	FALSE	FALSE	1	135 MANTON AVE	NA	2013-09-07	Two-Way , Not Divided	Dry	Daylight	Clear	Not a Collision Between Two Motor Vehicles in Transport	No	No Controls	4	1	Pain Reported	NA	41.81955	-71.44636	TRUE	TRUE	135 Manton Ave, Providence, RI, USA	High	Raw	NA	FALSE	41.81955	-71.44636	2013	September	Olneyville	15	440070019002003
2767	2013-09-09	193944	14:26:00	Bicycle	NA	1	FALSE	FALSE	1	WATERMAN ST	BROOK ST	2013-09-12	One-Way Trafficway	Dry	Daylight	Clear	Sideswipe, Same Direction	No	No Controls	3	1	Pain Reported	NA	41.82738	-71.39959	FALSE	FALSE	Waterman Street and Brook Street, Providence, RI, USA	Med High	Raw	NA	FALSE	41.82738	-71.39959	2013	September	College Hill	2	440070036011021
2766	2013-09-10	193844	15:29:00	Pedestrian	1	NA	FALSE	FALSE	1	COOKE ST	ANGELL ST	2013-09-10	One-Way Trafficway	Dry	Daylight	Cloudy	Not a Collision Between Two Motor Vehicles in Transport	No	Stop Signs	2	1	Non-Incapacitating	NA	41.82875	-71.39548	FALSE	FALSE	Cooke Street and Angell Street, Providence, RI, USA	Med High	Raw	NA	FALSE	41.82875	-71.39548	2013	September	College Hill	1	440070036011012
2765	2013-09-11	196023	16:58:00	Bicycle	1	NA	FALSE	FALSE	1	MOORE ST	UPDIKE ST	2013-09-27	Two-Way , Not Divided	Dry	Daylight	Clear	Other	Yes	No Controls	1	1	Pain Reported	2	41.80484	-71.42136	FALSE	FALSE	Moore Street and Updike Street, Providence, RI, USA	Med High	Raw	NA	FALSE	41.80484	-71.42136	2013	September	Elmwood	9	440070003022002
2763	2013-09-17	194537	14:58:00	Bicycle	NA	1	FALSE	FALSE	1	VALLEY ST	SCHOOL ST	2013-09-17	Two-Way , Not Divided	Dry	Daylight	Clear	Angle (Front - to - Side) Right Angle (Includes Broadside)	No	No Controls	3	1	Pain Reported	NA	41.81852	-71.44067	FALSE	FALSE	Valley Street and School Street, Providence, RI, USA	Med High	Raw	NA	FALSE	41.81852	-71.44067	2013	September	Olneyville	15	440070019001018
2760	2013-09-19	194775	11:05:00	Pedestrian	1	NA	FALSE	FALSE	1	321 HARBORSIDE BLVD.	NA	2013-09-19	Two-Way , Not Divided	Dry	Daylight	Clear	Other	No	No Controls	3	1	Pain Reported	2	41.83504	-71.41592	TRUE	TRUE	321 Harborside Blvd., Providence, RI, USA	High	Geocoded	distance greater than 100m	TRUE	41.7861645	-71.391657	2013	September	NA	NA	440070135001003
2761	2013-09-19	194783	11:03:00	Pedestrian	1	NA	FALSE	FALSE	1	BORINQUEN ST	PLAIN ST	2013-09-19	Two-Way , Not Divided	Dry	Daylight	Clear	Head-On (Front - to - Front)	No	No Controls	2	2	Pain Reported	NA	41.80801	-71.41041	FALSE	FALSE	Borinquen Street and Plain Street, Providence, RI, USA	Med High	Raw	NA	FALSE	41.80801	-71.41041	2013	September	Upper South Providence	11	440070006002006
2762	2013-09-19	196335	09:40:00	Bicycle	NA	1	FALSE	FALSE	1	TORONTO AVE	TENNESSEE AVE	2013-10-01	Two-Way , Not Divided	Dry	Daylight	Clear	Angle (Front - to - Side) Right Angle (Includes Broadside)	No	Stop Signs	3	1	Pain Reported	NA	41.79308	-71.39514	FALSE	FALSE	Toronto Ave and Tennessee Ave, Providence, RI, USA	Med High	Raw	NA	FALSE	41.79308	-71.39514	2013	September	Washington Park	10	440070001011013
2757	2013-09-20	195069	16:40:00	Bicycle	NA	1	FALSE	FALSE	1	51 DORCHESTER AVE	NA	2013-09-20	Two-Way , Not Divided	Dry	Daylight	Clear	Not a Collision Between Two Motor Vehicles in Transport	No	No Controls	3	1	Pain Reported	2	41.81197	-71.45235	TRUE	TRUE	51 Dorchester Ave, Providence, RI, USA	High	Raw	NA	FALSE	41.81197	-71.45235	2013	September	Silver Lake	15	440070016024002
2758	2013-09-20	195093	22:15:00	Bicycle	NA	1	FALSE	FALSE	1	LENOX AVE	EMERSON ST	2013-09-20	Two-Way , Not Divided	Dry	Dark - Lighted	Clear	Not a Collision Between Two Motor Vehicles in Transport	No	Traffic Control Signal	4	1	Pain Reported	NA	41.79828	-71.41478	FALSE	FALSE	Lenox Ave and Emerson Street, Providence, RI, USA	Med High	Geocoded	distance greater than 100m	TRUE	41.7979139	-71.4160635	2013	September	Elmwood	9	440070002004000
2759	2013-09-20	195094	19:52:00	Pedestrian	1	NA	FALSE	FALSE	1	Broad St	STANWOOD ST	2013-09-20	Two-Way, Not Divided With a Continuous Left Turn Lane	Dry	Dark - Lighted	Clear	Not a Collision Between Two Motor Vehicles in Transport	Yes	No Controls	4	1	Incapacitating	3	41.80376	-71.41915	FALSE	FALSE	Broad Street and Stanwood Street, Providence, RI, USA	Med	Raw	NA	FALSE	41.80376	-71.41915	2013	September	Elmwood	9	440070004004003
2756	2013-09-21	196035	15:56:00	Bicycle	NA	1	FALSE	FALSE	1	BRIDGHAM ST	ELMWOOD AVE	2013-09-29	Two-Way , Not Divided	Dry	Daylight	Clear	Not a Collision Between Two Motor Vehicles in Transport	No	Traffic Control Signal	3	1	Pain Reported	2	41.81277	-71.42218	FALSE	FALSE	Bridgham Street and Elmwood Ave, Providence, RI, USA	Med High	Raw	NA	FALSE	41.81277	-71.42218	2013	September	West End	11	440070012001006
2753	2013-09-22	195254	02:39:00	Pedestrian	1	NA	FALSE	FALSE	1	BROADWAY	ALMY ST	2013-09-22	Two-Way , Not Divided	Dry	Dark - Lighted	Clear	Unknown	Yes	No Controls	1	0	Unknown	NA	41.81899	-71.43279	FALSE	FALSE	Broadway and Almy Street, Providence, RI, USA	Med	Raw	NA	FALSE	41.81899	-71.43279	2013	September	Federal Hill	13	440070010001004
2754	2013-09-22	195283	02:35:00	Pedestrian	2	NA	FALSE	FALSE	1	South Water St	DYER ST	2013-09-22	One-Way Trafficway	Wet	Dark - Lighted	Cloudy	Not a Collision Between Two Motor Vehicles in Transport	Yes	Pavement Markings	6	3	Pain Reported	2	41.82425	-71.4076	FALSE	FALSE	South Water Street and Dyer Street, Providence, RI, USA	Med High	Raw	NA	FALSE	41.82425	-71.4076	2013	September	Downtown	1	440070008003013
2755	2013-09-22	196273	04:00:00	Pedestrian	1	NA	FALSE	FALSE	1	EXIT 25	I 95	2013-09-22	One-Way Trafficway	Wet	Dark - Lighted	Rain	Not a Collision Between Two Motor Vehicles in Transport	Yes	No Controls	1	1	Non-Incapacitating	NA	41.85322	-71.40834	FALSE	FALSE	Exit 25 and I 95, Providence, RI, USA	Med High	Geocoded	distance greater than 100m	TRUE	43.4075026	-70.5624753	2013	September	NA	NA	NA
2752	2013-09-23	195345	17:29:00	Pedestrian	1	NA	FALSE	FALSE	1	HANDY ST	AMHERST ST	2013-09-23	Two-Way , Not Divided	Dry	Daylight	Clear	Head-On (Front - to - Front)	Yes	No Controls	1	1	Pain Reported	NA	41.82347	-71.44813	FALSE	FALSE	Handy Street and Amherst Street, Providence, RI, USA	Med High	Raw	NA	FALSE	41.82347	-71.44813	2013	September	Olneyville	6	440070019005003
2751	2013-09-24	195562	17:27:00	Pedestrian	1	NA	FALSE	FALSE	1	325 PUBLIC ST	NA	2013-09-24	Two-Way , Not Divided	Dry	Daylight	Clear	Not a Collision Between Two Motor Vehicles in Transport	No	No Controls	3	1	Pain Reported	2	41.80542	-71.41536	TRUE	TRUE	325 Public Street, Providence, RI, USA	High	Geocoded	distance greater than 100m	TRUE	41.8071025	-71.4105943	2013	September	Upper South Providence	11	440070006002009
2748	2013-09-25	195659	08:11:00	Bicycle	NA	1	FALSE	FALSE	1	LAUREL HILL AVENUE	STERLING AVENUE	2013-09-25	Two-Way , Not Divided	Dry	Daylight	Clear	Other	No	Stop Signs	4	1	Pain Reported	2	41.83201	-71.41745	FALSE	FALSE	Laurel Hill Avenue and Sterling Avenue, Providence, RI, USA	Med High	Geocoded	distance greater than 100m	TRUE	41.8095959	-71.4532996	2013	September	Silver Lake	15	440070016024007
2749	2013-09-25	195688	18:12:00	Pedestrian	1	NA	FALSE	FALSE	1	WICKENDEN STREET	EAST ST	2013-09-25	Two-Way , Not Divided	Dry	Dusk	Clear	Not a Collision Between Two Motor Vehicles in Transport	Yes	Stop Signs	3	1	Pain Reported	NA	41.82006	-71.39458	FALSE	FALSE	Wickenden Street and East Street, Providence, RI, USA	Med High	Raw	NA	FALSE	41.82006	-71.39458	2013	September	Fox Point	1	440070037003015
2746	2013-09-27	195894	11:48:00	Bicycle	NA	1	FALSE	FALSE	2	WESTMINISTER STREET	NA	2013-09-27	Two-Way , Not Divided	Dry	Daylight	Clear	Sideswipe, Same Direction	No	No Controls	3	0	No Injury	2	41.82527	-71.41912	FALSE	TRUE	Westminister Street, Providence, RI, USA	Inaccurate	Geocoded	distance greater than 100m	TRUE	41.8171825	-71.4257801	2013	September	West End	13	440070011002026
2747	2013-09-27	195900	13:57:00	Pedestrian	1	NA	FALSE	FALSE	1	BROAD STREET	DAVE GAVITT WAY	2013-09-27	Two-Way , Not Divided	Dry	Daylight	Clear	Other	No	Traffic Control Signal	3	0	No Injury	2	41.82955	-71.41802	FALSE	FALSE	Broad Street and Dave Gavitt Way, Providence, RI, USA	Med	Geocoded	distance greater than 100m	TRUE	41.8179551	-71.4162673	2013	September	Downtown	1	440070008002011
2745	2013-09-28	195944	00:35:00	Pedestrian	2	NA	FALSE	FALSE	1	Atwells Ave	WEEDEN ST	2013-09-28	Two-Way , Not Divided	Dry	Dark - Lighted	Clear	Not a Collision Between Two Motor Vehicles in Transport	Yes	Traffic Control Signal	2	2	Pain Reported	2	41.82342	-71.42456	FALSE	FALSE	Atwells Ave and Weeden Street, Providence, RI, USA	Med High	Raw	NA	FALSE	41.82342	-71.42456	2013	September	Federal Hill	13	440070009001020
2744	2013-09-29	196729	11:43:00	Pedestrian	1	NA	FALSE	FALSE	1	ELMWOOD AVE	WEST FRIENDSHIP ST	2013-10-02	Two-Way , Not Divided	Dry	Daylight	Clear	Other	No	No Controls	2	0	No Injury	NA	41.80989	-71.42405	FALSE	FALSE	Elmwood Ave and West Friendship Street, Providence, RI, USA	Med High	Raw	NA	FALSE	41.80989	-71.42405	2013	September	West End	11	440070012003010
2743	2013-09-30	196174	13:13:00	Pedestrian	1	NA	FALSE	FALSE	1	BRANCH AVENUE	NORTH MAIN STREET	2013-09-30	Two-Way , Not Divided	Dry	Daylight	Clear	Other	No	No Controls	3	1	Pain Reported	2	41.82602	-71.41884	FALSE	FALSE	Branch Avenue and North Main Street, Providence, RI, USA	Med	Geocoded	distance greater than 100m	TRUE	41.8420469	-71.4079105	2013	September	Mount Hope	3	440070032004006
2741	2013-10-01	196341	11:36:00	Pedestrian	1	NA	FALSE	FALSE	1	KENNEDY PLZ	EXCHANGE ST	2013-10-01	One-Way Trafficway	Dry	Daylight	Clear	Not a Collision Between Two Motor Vehicles in Transport	No	No Controls	3	1	Incapacitating	1	41.82537	-71.41058	FALSE	FALSE	Kennedy Plz and Exchange Street, Providence, RI, USA	Med High	Raw	NA	FALSE	41.82537	-71.41058	2013	October	Downtown	1	440070008003012
2742	2013-10-01	196462	16:54:00	Pedestrian	1	NA	FALSE	FALSE	1	MANTON AVE	ORTOLEVA DR	2013-10-01	Two-Way , Not Divided	Dry	Daylight	Clear	Not a Collision Between Two Motor Vehicles in Transport	Yes	No Controls	1	1	Pain Reported	NA	41.82589	-71.45777	FALSE	FALSE	Manton Ave and Ortoleva Dr, Providence, RI, USA	Med High	Raw	NA	FALSE	41.82589	-71.45777	2013	October	Olneyville	6	440070020001019
2740	2013-10-03	196794	21:14:00	Pedestrian	1	NA	FALSE	FALSE	1	100 Harborside Blvd	HARBORSIDE BLVD	2013-10-04	Two-Way , Not Divided	Dry	Dark - Lighted	Clear	Not a Collision Between Two Motor Vehicles in Transport	No	No Controls	6	1	Incapacitating	2	41.78639	-71.39141	TRUE	FALSE	100 Harborside Blvd, Providence, RI, USA	High	Raw	NA	FALSE	41.78639	-71.39141	2013	October	Washington Park	10	440070001011007
2738	2013-10-04	196832	08:15:00	Pedestrian	1	NA	FALSE	FALSE	1	PETTEYS AVE	GLENBRIDGE AVE	2013-10-04	Two-Way , Not Divided	Dry	Daylight	Cloudy	Not a Collision Between Two Motor Vehicles in Transport	Yes	Traffic Control Signal	3	1	Pain Reported	NA	41.81897	-71.46159	FALSE	FALSE	Petteys Ave and Glenbridge Ave, Providence, RI, USA	Med High	Raw	NA	FALSE	41.81897	-71.46159	2013	October	Hartford	7	440070018001017
2739	2013-10-04	196850	11:55:00	Bicycle	NA	1	FALSE	FALSE	1	BLACKSTONE BLVD	BUTLER DR	2013-10-04	Two-Way, Divided, Unprotected (painted>4feet) Medium	Wet	Daylight	Rain	Angle (Front - to - Side) Right Angle (Includes Broadside)	No	No Controls	3	0	No Injury	NA	41.84616	-71.38677	FALSE	FALSE	Blackstone Blvd and Butler Dr, Providence, RI, USA	Med	Raw	distance greater than 100m	TRUE	41.84616	-71.38677	2013	October	Blackstone	2	440070034002002
2737	2013-10-05	196963	07:25:00	Bicycle	NA	1	FALSE	FALSE	1	1880 WESTMINSTER ST	TROY ST	2013-10-05	Two-Way , Not Divided	Dry	Daylight	Cloudy	Not a Collision Between Two Motor Vehicles in Transport	No	No Controls	3	0	No Injury	NA	41.81649	-71.44118	TRUE	FALSE	1880 Westminster Street, Providence, RI, USA	High	Raw	NA	FALSE	41.81649	-71.44118	2013	October	Olneyville	15	440070019001021
2735	2013-10-06	197120	16:20:00	Pedestrian	1	NA	FALSE	FALSE	1	MESSER ST	NA	2013-10-06	Two-Way , Not Divided	Unknown	Unknown	Clear	Unknown	Yes	No Controls	1	1	Pain Reported	2	41.8109	-71.4354	FALSE	TRUE	Messer Street, Providence, RI, USA	Inaccurate	Raw	distance greater than 100m	TRUE	41.8109	-71.4354	2013	October	West End	8	440070013002007
2736	2013-10-06	197725	22:02:00	Pedestrian	1	NA	FALSE	FALSE	1	365 Atwells Ave	NA	2013-10-07	Two-Way , Not Divided	Wet	Dark - Lighted	Rain	Not a Collision Between Two Motor Vehicles in Transport	No	No Controls	3	1	Pain Reported	NA	41.82379	-71.42978	TRUE	TRUE	365 Atwells Ave, Providence, RI, USA	High	Raw	NA	FALSE	41.82379	-71.42978	2013	October	Federal Hill	13	440070009001014
2734	2013-10-07	197272	18:09:00	Pedestrian	1	1	FALSE	FALSE	1	ACADEMY AVENUE	WHITFORD AVENUE	2013-10-07	Two-Way , Not Divided	Dry	Daylight	Clear	Not a Collision Between Two Motor Vehicles in Transport	No	Stop Signs	5	2	Incapacitating	2	41.82351	-71.43477	FALSE	FALSE	Academy Avenue and Whitford Avenue, Providence, RI, USA	Med High	Geocoded	distance greater than 100m	TRUE	41.8389717	-71.4448616	2013	October	Mount Pleasant	5	440070023006006
2730	2013-10-08	197313	00:16:00	Bicycle	NA	1	FALSE	FALSE	1	WHITMARSH ST	ELMWOOD AVE	2013-10-08	Two-Way , Not Divided	Dry	Dark - Lighted	Cloudy	Not a Collision Between Two Motor Vehicles in Transport	Yes	Stop Signs	1	1	Pain Reported	2	41.80596	-71.42507	FALSE	FALSE	Whitmarsh Street and Elmwood Ave, Providence, RI, USA	Med High	Raw	NA	FALSE	41.80596	-71.42507	2013	October	West End	9	440070003023000
2731	2013-10-08	197348	06:56:00	Bicycle	NA	1	FALSE	FALSE	1	530 NORTH MAIN STREET	NA	2013-10-08	Two-Way , Not Divided	Dry	Daylight	Clear	Other	No	No Controls	2	0	No Injury	2	41.83294	-71.41683	TRUE	TRUE	530 North Main Street, Providence, RI, USA	High	Geocoded	distance greater than 100m	TRUE	41.8363567	-71.4100844	2013	October	College Hill	3	440070031003031
2732	2013-10-08	197390	13:04:00	Bicycle	NA	1	FALSE	FALSE	1	BROOK STREET	TRANSIT STREET	2013-10-08	Two-Way , Not Divided	Dry	Daylight	Clear	Other	No	Stop Signs	4	1	Pain Reported	NA	41.83286	-71.41687	FALSE	FALSE	Brook Street and Transit Street, Providence, RI, USA	Med High	Geocoded	distance greater than 100m	TRUE	41.820544	-71.3983698	2013	October	Fox Point	1	440070037003010
2733	2013-10-08	197438	19:03:00	Pedestrian	1	NA	FALSE	FALSE	1	REGENT AVE	HAROLD ST	2013-10-08	Two-Way , Not Divided	Dry	Daylight	Clear	Not a Collision Between Two Motor Vehicles in Transport	Yes	No Controls	3	1	Pain Reported	NA	41.82971	-71.43876	FALSE	FALSE	Regent Ave and Harold Street, Providence, RI, USA	Med High	Raw	NA	FALSE	41.82971	-71.43876	2013	October	Valley	12	440070022004000
2729	2013-10-09	197542	22:45:00	Bicycle	NA	1	FALSE	FALSE	1	Dean St.	West Exchange St.	2013-10-09	Two-Way, Divided, Positive Median Barrier	Dry	Dark - Lighted	Clear	Not a Collision Between Two Motor Vehicles in Transport	No	Traffic Control Signal	3	1	Pain Reported	4	41.82543	-71.42583	FALSE	FALSE	Dean St. and West Exchange St., Providence, RI, USA	Med High	Raw	NA	FALSE	41.82543	-71.42583	2013	October	Federal Hill	13	440070009001001
2727	2013-10-10	197572	00:45:00	Bicycle	NA	1	FALSE	FALSE	1	Promenade St	ACORN ST	2013-10-10	One-Way Trafficway	Dry	Dark - Not Lighted	Clear	Not a Collision Between Two Motor Vehicles in Transport	No	No Controls	2	1	Pain Reported	NA	41.82886	-71.42864	FALSE	FALSE	Promenade Street and Acorn Street, Providence, RI, USA	Med High	Raw	NA	FALSE	41.82886	-71.42864	2013	October	Valley	12	440070025003013
2728	2013-10-10	198226	16:05:00	Pedestrian	1	NA	FALSE	FALSE	1	FISK ST	BERNARD ST	2013-10-16	Unknown	Dry	Daylight	Clear	Other	No	No Controls	5	1	Pain Reported	NA	41.7906	-71.40594	FALSE	FALSE	Fisk Street and Bernard Street, Providence, RI, USA	Med High	Geocoded	distance greater than 100m	TRUE	41.79003	-71.4075022	2013	October	Washington Park	10	440070001023009
2726	2013-10-11	197680	13:00:00	Bicycle	NA	1	FALSE	FALSE	1	CHURCH ST	BENEFIT ST	2013-10-11	Two-Way , Not Divided	Dry	Daylight	Clear	Sidwswipe, Opposite Direction	No	No Controls	2	1	Non-Incapacitating	NA	41.83099	-71.40908	FALSE	FALSE	Church Street and Benefit Street, Providence, RI, USA	Med	Raw	NA	FALSE	41.83099	-71.40908	2013	October	College Hill	3	440070031004021
2723	2013-10-12	197735	02:45:00	Pedestrian	1	NA	FALSE	FALSE	1	DOUGLAS AVE	EATON ST	2013-10-12	Two-Way , Not Divided	Dry	Dark - Lighted	Clear	Not a Collision Between Two Motor Vehicles in Transport	Yes	No Controls	1	1	Incapacitating	NA	41.84093	-71.42727	FALSE	FALSE	Douglas Ave and Eaton Street, Providence, RI, USA	Med High	Raw	NA	FALSE	41.84093	-71.42727	2013	October	Smith Hill	14	440070027003007
2724	2013-10-12	197831	20:11:00	Bicycle	NA	1	FALSE	FALSE	1	WATERMAN ST	BROWN ST	2013-10-12	One-Way Trafficway	Dry	Dark - Lighted	Clear	Not a Collision Between Two Motor Vehicles in Transport	No	Stop Signs	2	1	Pain Reported	NA	41.82705	-71.40304	FALSE	FALSE	Waterman Street and Brown Street, Providence, RI, USA	Med High	Raw	NA	FALSE	41.82705	-71.40304	2013	October	College Hill	2	440070036023031
2725	2013-10-12	198912	14:57:00	Bicycle	NA	1	FALSE	FALSE	1	S MAIN ST	COLLEGE ST	2013-10-21	One-Way Trafficway	Dry	Daylight	Clear	Unknown	No	No Controls	1	1	Pain Reported	NA	41.82547	-71.40771	FALSE	FALSE	S Main Street and College Street, Providence, RI, USA	Med High	Raw	NA	FALSE	41.82547	-71.40771	2013	October	Downtown	1	440070036023033
2721	2013-10-14	198016	14:52:00	Pedestrian	1	NA	FALSE	FALSE	1	POCASSET AVE	BANCROFT ST	2013-10-14	Two-Way , Not Divided	Dry	Daylight	Clear	Not a Collision Between Two Motor Vehicles in Transport	No	Pavement Markings	4	1	Pain Reported	2	41.81334	-71.44837	FALSE	FALSE	Pocasset Ave and Bancroft Street, Providence, RI, USA	Med High	Raw	NA	FALSE	41.81334	-71.44837	2013	October	Silver Lake	15	440070016012014
2722	2013-10-14	198054	19:01:00	Bicycle	NA	1	FALSE	FALSE	1	Berlin St	Chalkstone Ave.	2013-10-14	Two-Way , Not Divided	Dry	Dark - Lighted	Clear	Not a Collision Between Two Motor Vehicles in Transport	No	Stop Signs	6	1	Pain Reported	2	41.83228	-71.44173	FALSE	FALSE	Berlin Street and Chalkstone Ave., Providence, RI, USA	Med High	Raw	NA	FALSE	41.83228	-71.44173	2013	October	Valley	5	440070023003003
2719	2013-10-15	198110	18:34:00	Bicycle	NA	1	FALSE	FALSE	1	WATERMAN STREET	IVES ST	2013-10-15	One-Way Trafficway	Dry	Dark - Lighted	Clear	Not a Collision Between Two Motor Vehicles in Transport	No	Stop Signs	4	1	Non-Incapacitating	2	41.82778	-71.39291	FALSE	FALSE	Waterman Street and Ives Street, Providence, RI, USA	Med High	Raw	NA	FALSE	41.82778	-71.39291	2013	October	Wayland	1	440070036012002
2718	2013-10-16	198165	09:00:00	Pedestrian	1	NA	FALSE	FALSE	1	JULIAN ST	KOSSUTH ST	2013-10-16	Unknown	Dry	Daylight	Cloudy	Other	No	No Controls	3	1	Pain Reported	NA	41.82269	-71.44492	FALSE	FALSE	Julian Street and Kossuth Street, Providence, RI, USA	Med High	Raw	NA	FALSE	41.82269	-71.44492	2013	October	Olneyville	15	440070019006008