row_number	crash_date	crash_report_id	crash_time	collision_type	count_pedestrian	count_bicycle	scooter	wheel_chair	number_of_vehicles	street_or_highway	nearest_intersection	report_date	type_of_roadway	road_surface_condition	light_condition	weather_condition	manner_of_impact	hit_and_run	traffic_control	person_count	injury_count	most_serious_injury	number_of_lanes	lat_raw	lon_raw	has_st_number	is_intersection_null	address_sent_to_geocoder	api_coord_conf	best_coordinate_set	reason_for_qa	manually_qaed_record	final_lat	final_lon	year	month	pvd_nhood	pvd_wards	geoid20
2596	2014-05-03	229731	11:23:00	Bicycle	NA	1	FALSE	FALSE	1	BRANCH AVENUE	WEST RIVER STREET	2014-05-03	Two-Way , Not Divided	Dry	Daylight	Clear	Other	No	Traffic Control Signal	5	0	No Injury	2	41.83612	-71.42897	FALSE	FALSE	Branch Avenue and West River Street, Providence, RI, USA	Med High	Geocoded	distance greater than 100m	TRUE	41.8468987	-71.4126689	2014	May	Mount Hope	4	440070029001036
2592	2014-05-06	230204	07:06:00	Pedestrian	1	NA	FALSE	FALSE	1	HARTFORD AVENUE	KILLINGLY STREET	2014-05-06	Two-Way , Not Divided	Dry	Daylight	Clear	Other	No	Traffic Control Signal	4	1	Pain Reported	2	41.83571	-71.41579	FALSE	FALSE	Hartford Avenue and Killingly Street, Providence, RI, USA	Med High	Geocoded	distance greater than 100m	TRUE	41.8200273	-71.4689352	2014	May	Hartford	7	440070018001003
2593	2014-05-06	230225	09:51:00	Pedestrian	1	NA	FALSE	FALSE	1	HUNTINGTON AVENUE	NA	2014-05-06	Two-Way , Not Divided	Dry	Daylight	Clear	Other	No	No Controls	4	1	Non-Incapacitating	2	41.83569	-71.4158	FALSE	TRUE	Huntington Avenue, Providence, RI, USA	Inaccurate	Geocoded	distance greater than 100m	TRUE	41.8025522	-71.4361117	2014	May	West End	8	440070014004017
2594	2014-05-06	230308	18:10:00	Bicycle	NA	1	FALSE	FALSE	1	HAROLD ST	REGENT AVE	2014-05-06	Two-Way , Not Divided	Dry	Daylight	Clear	Not a Collision Between Two Motor Vehicles in Transport	No	Stop Signs	4	1	Pain Reported	2	41.8297	-71.4387	FALSE	FALSE	Harold Street and Regent Ave, Providence, RI, USA	Med High	Raw	NA	FALSE	41.8297	-71.4387	2014	May	Valley	12	440070022001010
2591	2014-05-09	230897	14:13:00	Pedestrian	1	NA	FALSE	FALSE	1	VIRGINIA AVE	VERMONT AVE	2014-05-10	Two-Way , Not Divided	Dry	Daylight	Cloudy	Not a Collision Between Two Motor Vehicles in Transport	No	No Controls	2	0	No Injury	NA	41.78826	-71.39899	FALSE	FALSE	Virginia Ave and Vermont Ave, Providence, RI, USA	Med	Raw	NA	FALSE	41.78826	-71.39899	2014	May	Washington Park	10	440070001013015
2588	2014-05-10	230866	00:45:00	Pedestrian	1	NA	FALSE	FALSE	1	ATWELLS AVE	BOND ST	2014-05-10	Two-Way , Not Divided	Wet	Dark - Lighted	Cloudy	Not a Collision Between Two Motor Vehicles in Transport	Yes	No Controls	1	1	Pain Reported	NA	41.82333	-71.42318	FALSE	FALSE	Atwells Ave and Bond Street, Providence, RI, USA	Med High	Raw	NA	FALSE	41.82333	-71.42318	2014	May	Federal Hill	13	440070009001048
2589	2014-05-10	230939	13:43:00	Bicycle	NA	1	FALSE	FALSE	1	STAR ST	BENEFIT ST	2014-05-10	Two-Way , Not Divided	Dry	Daylight	Clear	Not a Collision Between Two Motor Vehicles in Transport	Yes	Stop Signs	1	1	Pain Reported	2	41.83206	-71.40947	FALSE	FALSE	Star Street and Benefit Street, Providence, RI, USA	Med High	Raw	NA	FALSE	41.83206	-71.40947	2014	May	College Hill	3	440070031004021
2590	2014-05-10	230954	09:21:00	Pedestrian	1	NA	FALSE	FALSE	1	N MAIN ST	7TH ST	2014-05-10	Unknown	Dry	Daylight	Cloudy	Other	No	No Controls	5	1	Pain Reported	NA	41.85387	-71.40071	FALSE	FALSE	N Main Street and 7th Street, Providence, RI, USA	Med	Raw	NA	FALSE	41.85387	-71.40071	2014	May	Hope	3	440070033004022
2587	2014-05-12	231321	15:51:00	Pedestrian	1	1	FALSE	FALSE	1	ELIZABETH ST	N MAIN ST	2014-05-12	One-Way Trafficway	Dry	Daylight	Clear	Not a Collision Between Two Motor Vehicles in Transport	Unknown	No Controls	2	2	Pain Reported	NA	41.82786	-71.40929	FALSE	FALSE	Elizabeth Street and N Main Street, Providence, RI, USA	Med	Raw	NA	FALSE	41.82786	-71.40929	2014	May	Downtown	1	440070036023016
2585	2014-05-14	231754	14:47:00	Pedestrian	1	NA	FALSE	FALSE	1	S MAIN ST	COLLEGE ST	2014-05-14	One-Way Trafficway	Dry	Daylight	Clear	Not a Collision Between Two Motor Vehicles in Transport	No	Pavement Markings	4	1	Pain Reported	2	41.82625	-71.40831	FALSE	FALSE	S Main Street and College Street, Providence, RI, USA	Med High	Raw	NA	FALSE	41.82625	-71.40831	2014	May	Downtown	1	440070036023022
2586	2014-05-14	232710	14:14:00	Bicycle	NA	NA	FALSE	FALSE	2	CANDACE ST	CHALKSTONE AVE	2014-05-15	One-Way Trafficway	Dry	Daylight	Clear	Sidwswipe, Opposite Direction	Yes	No Controls	3	0	No Injury	1	41.83596	-71.4226	FALSE	FALSE	Candace Street and Chalkstone Ave, Providence, RI, USA	Med High	Raw	NA	FALSE	41.83596	-71.4226	2014	May	Smith Hill	12	440070026001005
2583	2014-05-15	231977	16:52:00	Pedestrian	2	NA	FALSE	FALSE	1	Fountain St	Sabin St	2014-05-15	One-Way Trafficway	Dry	Daylight	Cloudy	Not a Collision Between Two Motor Vehicles in Transport	No	No Controls	5	2	Pain Reported	1	41.82503	-71.4148	FALSE	FALSE	Fountain Street and Sabin Street, Providence, RI, USA	Med	Raw	distance greater than 100m	TRUE	41.82503	-71.4148	2014	May	Downtown	1	440070008001042
2584	2014-05-15	232707	09:52:00	Pedestrian	1	NA	FALSE	FALSE	1	Roger Williams Avenue	Elmwood Avenue	2014-05-20	Two-Way , Not Divided	Dry	Daylight	Clear	Other	No	Traffic Control Signal	2	1	Non-Incapacitating	NA	41.80247	-71.40375	FALSE	FALSE	Roger Williams Avenue and Elmwood Avenue, Providence, RI, USA	Med High	Geocoded	distance greater than 100m	TRUE	41.7885278	-71.4209033	2014	May	Elmwood	8	440070002005011
2580	2014-05-20	232705	07:56:00	Pedestrian	1	NA	FALSE	FALSE	1	PRAIRIE AVE	THURBERS AVE	2014-05-20	Two-Way, Divided, Unprotected (painted>4feet) Medium	Dry	Daylight	Clear	Angle (Front - to - Side) Right Angle (Includes Broadside)	No	No Controls	3	2	Incapacitating	NA	41.79855	-71.41183	FALSE	FALSE	Prairie Ave and Thurbers Ave, Providence, RI, USA	Med High	Raw	NA	FALSE	41.79855	-71.41183	2014	May	Lower South Providence	10	440070005003002
2581	2014-05-20	232791	14:51:00	Pedestrian	1	NA	FALSE	FALSE	1	100 Atwells Ave	Enterprise Row	2014-05-20	Two-Way , Not Divided	Dry	Daylight	Clear	Not a Collision Between Two Motor Vehicles in Transport	No	No Controls	6	1	Pain Reported	2	41.82318	-71.42099	TRUE	FALSE	100 Atwells Ave, Providence, RI, USA	High	Raw	NA	FALSE	41.82318	-71.42099	2014	May	Federal Hill	13	440070009001034
2582	2014-05-20	234136	19:05:00	Bicycle	NA	1	FALSE	FALSE	1	CHAMBERS ST	HUNTINGTON AVE	2014-05-27	Two-Way , Not Divided	Dry	Daylight	Clear	Not a Collision Between Two Motor Vehicles in Transport	No	No Controls	2	1	Pain Reported	2	41.80234	-71.4339	FALSE	FALSE	Chambers Street and Huntington Ave, Providence, RI, USA	Med	Raw	NA	FALSE	41.80234	-71.4339	2014	May	West End	8	440070014004013
2577	2014-05-23	233269	13:35:00	Pedestrian	1	NA	FALSE	FALSE	1	HAYWARD STREET	PORTLAND ST	2014-05-23	Two-Way , Not Divided	Dry	Daylight	Cloudy	Other	Yes	No Controls	2	1	Pain Reported	NA	41.81359	-71.42049	FALSE	FALSE	Hayward Street and Portland Street, Providence, RI, USA	Med High	Raw	NA	FALSE	41.81359	-71.42049	2014	May	Upper South Providence	11	440070007003019
2578	2014-05-23	233285	13:30:00	Pedestrian	1	NA	FALSE	FALSE	1	BROADWAY	ATWELLS AVE	2014-05-23	Two-Way , Not Divided	Dry	Daylight	Cloudy	Other	No	Traffic Control Signal	5	1	Pain Reported	NA	41.82248	-71.41856	FALSE	FALSE	Broadway and Atwells Ave, Providence, RI, USA	Med	Raw	NA	FALSE	41.82248	-71.41856	2014	May	Downtown	1	440070008001061
2579	2014-05-23	233382	13:00:00	Pedestrian	1	NA	FALSE	FALSE	1	186 FOUNTAIN STREET	EMPIRE STREET	2014-05-23	One-Way Trafficway	Dry	Daylight	Cloudy	Other	No	Traffic Control Signal	5	1	Non-Incapacitating	3	41.8358	-71.41573	TRUE	FALSE	186 Fountain Street, Providence, RI, USA	High	Raw	distance greater than 100m	TRUE	41.8358	-71.41573	2014	May	Smith Hill	4	440070026002000
2576	2014-05-25	233694	12:46:00	Pedestrian	1	NA	TRUE	FALSE	2	MANTON AVE	GREENWOOD ST	2014-05-25	Two-Way, Divided, Unprotected (painted>4feet) Medium	Dry	Daylight	Clear	Not a Collision Between Two Motor Vehicles in Transport	No	Stop Signs	4	0	No Injury	2	41.82378	-71.45169	FALSE	FALSE	Manton Ave and Greenwood Street, Providence, RI, USA	Med High	Raw	NA	FALSE	41.82378	-71.45169	2014	May	Olneyville	15	440070019004003
2575	2014-05-26	233936	13:11:00	Bicycle	NA	1	FALSE	FALSE	1	NEWARK ST	VALLEY ST	2014-05-26	Two-Way , Not Divided	Wet	Daylight	Clear	Not a Collision Between Two Motor Vehicles in Transport	No	No Controls	3	1	Pain Reported	2	41.82521	-71.43932	FALSE	FALSE	Newark Street and Valley Street, Providence, RI, USA	Med High	Raw	NA	FALSE	41.82521	-71.43932	2014	May	Valley	12	440070022002019
2572	2014-05-28	234184	13:28:00	Pedestrian	1	NA	FALSE	FALSE	1	WASHINGTON STREET	EXCHANGE STREET	2014-05-28	One-Way Trafficway	Dry	Daylight	Cloudy	Other	No	Traffic Control Signal	4	1	Fatal	2	41.83601	-71.41599	FALSE	FALSE	Washington Street and Exchange Street, Providence, RI, USA	Med	Raw	distance greater than 100m	TRUE	41.83601	-71.41599	2014	May	Smith Hill	4	440070026002000
2573	2014-05-28	234192	19:30:00	Pedestrian	1	NA	FALSE	FALSE	1	Chalkstone Ave	Young Ave	2014-05-29	Two-Way , Not Divided	Dry	Dusk	Cloudy	Not a Collision Between Two Motor Vehicles in Transport	No	No Controls	5	1	Pain Reported	NA	41.83481	-71.42731	FALSE	FALSE	Chalkstone Ave and Young Ave, Providence, RI, USA	Med High	Raw	NA	FALSE	41.83481	-71.42731	2014	May	Smith Hill	12	440070025001003
2571	2014-05-29	234336	10:47:00	Pedestrian	1	NA	FALSE	FALSE	1	RT. 146 NORTH ON RAMP	BRANCH AVENUE	2014-05-29	One-Way Trafficway	Dry	Daylight	Clear	Other	Yes	No Controls	4	0	No Injury	NA	41.83618	-71.41545	FALSE	FALSE	Rt. 146 North On Ramp and Branch Avenue, Providence, RI, USA	Med	Neither	distance greater than 100m	TRUE	41.84543598788781	-71.41053780339767	2014	May	Mount Hope	3	440070033004014
2570	2014-06-03	235437	21:00:00	Bicycle	NA	1	FALSE	FALSE	1	Elmwood Ave	Sprague St	2014-06-04	Two-Way , Not Divided	Dry	Dark - Lighted	Clear	Not a Collision Between Two Motor Vehicles in Transport	No	No Controls	4	1	Pain Reported	NA	41.80942	-71.42437	FALSE	FALSE	Elmwood Ave and Sprague Street, Providence, RI, USA	Med High	Raw	NA	FALSE	41.80942	-71.42437	2014	June	West End	11	440070012003010
2568	2014-06-06	235719	16:12:00	Bicycle	NA	1	FALSE	FALSE	1	Broadway	VALLEY ST	2014-06-06	Two-Way , Not Divided	Dry	Daylight	Clear	Not a Collision Between Two Motor Vehicles in Transport	No	Traffic Control Signal	2	0	No Injury	4	41.81684	-71.44098	FALSE	FALSE	Broadway and Valley Street, Providence, RI, USA	Med	Raw	NA	FALSE	41.81684	-71.44098	2014	June	Olneyville	15	440070019001018
2569	2014-06-06	235781	23:16:00	Bicycle	NA	1	FALSE	FALSE	1	SMITH ST	ORMS ST	2014-06-07	Two-Way, Not Divided With a Continuous Left Turn Lane	Dry	Dark - Lighted	Clear	Head-On (Front - to - Front)	No	Traffic Control Signal	2	1	Pain Reported	NA	41.83378	-71.42202	FALSE	FALSE	Smith Street and Orms Street, Providence, RI, USA	Med High	Raw	NA	FALSE	41.83378	-71.42202	2014	June	Smith Hill	12	440070026001013
2566	2014-06-07	235962	18:56:00	Bicycle	NA	1	FALSE	FALSE	1	SMITH ST	CHALKSTONE AVE	2014-06-07	Two-Way , Not Divided	Dry	Daylight	Clear	Not a Collision Between Two Motor Vehicles in Transport	No	Traffic Control Signal	4	1	Pain Reported	NA	41.83521	-71.42565	FALSE	FALSE	Smith Street and Chalkstone Ave, Providence, RI, USA	Med High	Raw	NA	FALSE	41.83521	-71.42565	2014	June	Smith Hill	12	440070026003014
2567	2014-06-07	236139	01:43:00	Bicycle	NA	1	FALSE	FALSE	1	240 Atwells Ave	NA	2014-06-08	Two-Way , Not Divided	Dry	Dark - Lighted	Clear	Not a Collision Between Two Motor Vehicles in Transport	No	No Controls	2	1	Pain Reported	NA	41.82353	-71.42608	TRUE	TRUE	240 Atwells Ave, Providence, RI, USA	High	Geocoded	distance greater than 100m	TRUE	41.8233587	-71.4246809	2014	June	Federal Hill	13	440070009001026
2565	2014-06-09	236233	16:10:00	Bicycle	NA	1	FALSE	FALSE	1	THROOP ALY	N MAIN ST	2014-06-09	One-Way Trafficway	Dry	Daylight	Clear	Unknown	Yes	No Controls	2	1	Pain Reported	2	41.82813	-71.40945	FALSE	FALSE	Throop Aly and N Main Street, Providence, RI, USA	Med	Raw	NA	FALSE	41.82813	-71.40945	2014	June	Downtown	1	440070036023016
2564	2014-06-10	237452	21:10:00	Bicycle	NA	1	FALSE	FALSE	1	Oakland Ave	Chalkstone Ave	2014-06-15	Two-Way , Not Divided	Wet	Dark - Lighted	Rain	Not a Collision Between Two Motor Vehicles in Transport	No	Traffic Control Signal	4	1	Pain Reported	NA	41.83421	-71.43024	FALSE	FALSE	Oakland Ave and Chalkstone Ave, Providence, RI, USA	Med High	Raw	NA	FALSE	41.83421	-71.43024	2014	June	Elmhurst	12	440070025001007
2563	2014-06-11	237184	14:43:00	Bicycle	NA	1	FALSE	FALSE	1	1 RANDALL ST	CHARLES ST	2014-06-13	Two-Way , Not Divided	Dry	Daylight	Clear	Not a Collision Between Two Motor Vehicles in Transport	No	No Controls	3	1	Pain Reported	2	41.83713	-71.41092	TRUE	FALSE	1 Randall Street, Providence, RI, USA	High	Raw	distance greater than 100m	TRUE	41.83713	-71.41092	2014	June	Mount Hope	3	440070031003016
2562	2014-06-13	236992	08:11:00	Pedestrian	1	NA	FALSE	FALSE	1	EDDY ST	EUDORA ST	2014-06-13	Two-Way, Divided, Unprotected (painted>4feet) Medium	Wet	Daylight	Rain	Other	No	No Controls	9	7	Pain Reported	NA	41.80791	-71.40724	FALSE	FALSE	Eddy Street and Eudora Street, Providence, RI, USA	Med High	Raw	NA	FALSE	41.80791	-71.40724	2014	June	Upper South Providence	11	440070006001074
2561	2014-06-14	237312	19:30:00	Bicycle	NA	1	FALSE	FALSE	1	ROGER WILLIAMS AVE	ELMWOOD AVE	2014-06-14	Two-Way , Not Divided	Dry	Daylight	Clear	Not a Collision Between Two Motor Vehicles in Transport	No	Traffic Control Signal	3	1	Pain Reported	NA	41.7885	-71.42106	FALSE	FALSE	Roger Williams Ave and Elmwood Ave, Providence, RI, USA	Med High	Raw	NA	FALSE	41.7885	-71.42106	2014	June	Elmwood	8	440070002005035
2559	2014-06-15	237392	16:50:00	Bicycle	NA	1	FALSE	FALSE	1	CRANSTON ST	HARRISON ST	2014-06-15	Two-Way , Not Divided	Dry	Daylight	Clear	Not a Collision Between Two Motor Vehicles in Transport	No	No Controls	4	1	Pain Reported	NA	41.81307	-71.42866	FALSE	FALSE	Cranston Street and Harrison Street, Providence, RI, USA	Med High	Raw	NA	FALSE	41.81307	-71.42866	2014	June	West End	11	440070012002009
2560	2014-06-15	237504	14:33:00	Pedestrian	1	NA	FALSE	FALSE	1	432 BRANCH AVENUE	NA	2014-06-16	Two-Way , Not Divided	Dry	Daylight	Clear	Other	Yes	No Controls	1	1	Non-Incapacitating	2	41.82678	-71.41882	TRUE	TRUE	432 Branch Avenue, Providence, RI, USA	High	Geocoded	distance greater than 100m	TRUE	41.8499436	-71.4196422	2014	June	Charles	4	440070029004008
2556	2014-06-16	237564	15:20:00	Pedestrian	1	NA	FALSE	FALSE	1	BROAD ST	MONTGOMERY AVE	2014-06-16	Two-Way , Not Divided	Dry	Daylight	Clear	Other	No	Traffic Control Signal	2	1	Pain Reported	NA	41.78589	-71.40166	FALSE	FALSE	Broad Street and Montgomery Ave, Providence, RI, USA	Med	Raw	NA	FALSE	41.78589	-71.40166	2014	June	NA	10	440070001014011
2557	2014-06-16	237602	16:11:00	Bicycle	NA	1	FALSE	FALSE	1	MEMORIAL BLVD	COLLEGE ST	2014-06-16	Two-Way, Divided, Unprotected (painted>4feet) Medium	Dry	Daylight	Clear	Not a Collision Between Two Motor Vehicles in Transport	No	Traffic Control Signal	6	1	Pain Reported	4	41.82528	-71.40899	FALSE	FALSE	Memorial Blvd and College Street, Providence, RI, USA	Med High	Raw	NA	FALSE	41.82528	-71.40899	2014	June	Downtown	1	440070008003004
2558	2014-06-16	237616	20:02:00	Bicycle	NA	2	FALSE	FALSE	1	SALMON ST	SALMON ST	2014-06-16	Two-Way, Divided, Unprotected (painted>4feet) Medium	Dry	Dusk	Clear	Head-On (Front - to - Front)	Yes	No Controls	2	2	Pain Reported	NA	41.82359	-71.45531	FALSE	FALSE	Salmon Street and Salmon Street, Providence, RI, USA	Med	Raw	NA	FALSE	41.82359	-71.45531	2014	June	Olneyville	6	440070020001027
2555	2014-06-17	237812	15:22:00	Pedestrian	3	NA	FALSE	FALSE	1	ELMWOOD AVE	ADELAIDE AVE	2014-06-17	Two-Way, Divided, Positive Median Barrier	Dry	Daylight	Clear	Other	Yes	No Controls	3	3	Pain Reported	NA	41.7959	-71.42512	FALSE	FALSE	Elmwood Ave and Adelaide Ave, Providence, RI, USA	Med High	Raw	NA	FALSE	41.7959	-71.42512	2014	June	Elmwood	8	440070002001014
2554	2014-06-18	237938	07:42:00	Bicycle	NA	1	FALSE	FALSE	1	HARTFORD AVE	KING PHILIP ST	2014-06-18	Two-Way, Divided, Unprotected (painted>4feet) Medium	Dry	Daylight	Clear	Angle (Front - to - Side) Right Angle (Includes Broadside)	No	Stop Signs	3	1	Pain Reported	2	41.81955	-71.4656	FALSE	FALSE	Hartford Ave and King Philip Street, Providence, RI, USA	Med High	Raw	NA	FALSE	41.81955	-71.4656	2014	June	Hartford	7	440070018001010
2551	2014-06-20	238261	13:02:00	Pedestrian	1	NA	FALSE	FALSE	1	Broad st	SERVICE ROAD 7	2014-06-20	Two-Way , Not Divided	Dry	Daylight	Clear	Other	Yes	Traffic Control Signal	2	0	No Injury	2	41.81735	-71.41698	FALSE	FALSE	Broad Street and Service Road 7, Providence, RI, USA	Med	Raw	NA	FALSE	41.81735	-71.41698	2014	June	Upper South Providence	11	440070007003001
2552	2014-06-20	238297	18:43:00	Pedestrian	1	NA	FALSE	FALSE	1	ELMWOOD AVE	CONGRESS AVE	2014-06-20	Two-Way , Not Divided	Dry	Daylight	Clear	Not a Collision Between Two Motor Vehicles in Transport	No	Stop Signs	3	1	Pain Reported	NA	41.79849	-71.42627	FALSE	FALSE	Elmwood Ave and Congress Ave, Providence, RI, USA	Med High	Raw	NA	FALSE	41.79849	-71.42627	2014	June	West End	9	440070003012014
2553	2014-06-20	238617	07:48:00	Bicycle	1	NA	FALSE	FALSE	1	94 Colfax st	BURNSIDE ST	2014-06-23	Two-Way , Not Divided	Dry	Daylight	Clear	Not a Collision Between Two Motor Vehicles in Transport	No	No Controls	7	1	Incapacitating	NA	41.79978	-71.41095	TRUE	FALSE	94 Colfax Street, Providence, RI, USA	High	Raw	NA	FALSE	41.79978	-71.41095	2014	June	Lower South Providence	10	440070005001019
2550	2014-06-21	238379	16:34:00	Pedestrian	1	NA	FALSE	FALSE	1	936 ATWELLS AVE	NA	2014-06-21	Unknown	Dry	Daylight	Clear	Not a Collision Between Two Motor Vehicles in Transport	No	No Controls	3	1	Pain Reported	NA	41.82506	-71.44853	TRUE	TRUE	936 Atwells Ave, Providence, RI, USA	High	Raw	NA	FALSE	41.82506	-71.44853	2014	June	Olneyville	6	440070021023021
2549	2014-06-23	238659	10:00:00	Bicycle	NA	1	FALSE	FALSE	1	FRIENDSHIP ST	DORRANCE ST	2014-06-23	Two-Way , Not Divided	Dry	Daylight	Clear	Not a Collision Between Two Motor Vehicles in Transport	No	No Controls	2	1	Pain Reported	NA	41.82196	-71.4095	FALSE	FALSE	Friendship Street and Dorrance Street, Providence, RI, USA	Med High	Raw	NA	FALSE	41.82196	-71.4095	2014	June	Downtown	1	440070008003047
2547	2014-06-24	238930	17:52:00	Pedestrian	1	NA	FALSE	FALSE	1	939 Manton Ave	FRUIT HILL AVE	2014-06-24	Two-Way , Not Divided	Dry	Daylight	Clear	Not a Collision Between Two Motor Vehicles in Transport	No	No Controls	2	1	Fatal	2	41.83383	-71.46805	TRUE	FALSE	939 Manton Ave, Providence, RI, USA	High	Raw	NA	FALSE	41.83383	-71.46805	2014	June	Manton	6	440070020002017
2548	2014-06-24	239019	14:21:00	Bicycle	NA	1	FALSE	FALSE	1	REDWING ST	BUCKLIN ST	2014-06-25	One-Way Trafficway	Dry	Daylight	Clear	Not a Collision Between Two Motor Vehicles in Transport	No	No Controls	2	1	Pain Reported	NA	41.79927	-71.4273	FALSE	FALSE	Redwing Street and Bucklin Street, Providence, RI, USA	Med High	Raw	NA	FALSE	41.79927	-71.4273	2014	June	West End	9	440070003012013
2546	2014-06-25	239150	09:00:00	Bicycle	NA	1	FALSE	FALSE	1	ADMIRAL ST	HAWKINS ST	2014-06-26	Two-Way , Not Divided	Dry	Daylight	Clear	Not a Collision Between Two Motor Vehicles in Transport	No	No Controls	3	1	Pain Reported	NA	41.84592	-71.42839	FALSE	FALSE	Admiral Street and Hawkins Street, Providence, RI, USA	Med High	Raw	NA	FALSE	41.84592	-71.42839	2014	June	Wanskuck	4	440070027001007
2544	2014-06-28	239514	20:35:00	Pedestrian	1	NA	FALSE	FALSE	1	WESTMINSTER ST	CRANSTON ST	2014-06-28	Two-Way, Divided, Positive Median Barrier	Dry	Dusk	Clear	Unknown	Yes	No Controls	1	1	Pain Reported	NA	41.81792	-71.42082	FALSE	FALSE	Westminster Street and Cranston Street, Providence, RI, USA	Med High	Raw	distance greater than 100m	TRUE	41.81792	-71.42082	2014	June	Federal Hill	11	440070011002016
2545	2014-06-28	239521	21:15:00	Bicycle	NA	1	FALSE	FALSE	2	PARADE ST	OAK ST	2014-06-28	Two-Way, Divided, Unprotected (painted>4feet) Medium	Dry	Dark - Lighted	Clear	Unknown	Yes	No Controls	7	1	Pain Reported	NA	41.81537	-71.43277	FALSE	FALSE	Parade Street and Oak Street, Providence, RI, USA	Med High	Raw	NA	FALSE	41.81537	-71.43277	2014	June	West End	13	440070013001006
2543	2014-06-29	239555	01:47:00	Pedestrian	1	NA	FALSE	FALSE	1	ATWELLS AVE	WEEDEN ST	2014-06-29	Two-Way, Divided, Unprotected (painted>4feet) Medium	Dry	Dark - Lighted	Clear	Not a Collision Between Two Motor Vehicles in Transport	Yes	Traffic Control Signal	4	1	Pain Reported	NA	41.8234	-71.42431	FALSE	FALSE	Atwells Ave and Weeden Street, Providence, RI, USA	Med High	Raw	NA	FALSE	41.8234	-71.42431	2014	June	Federal Hill	13	440070009001030
2541	2014-06-30	239729	00:03:00	Pedestrian	1	NA	FALSE	FALSE	1	HARRIS AVE	SIMS AVE	2014-06-30	Two-Way , Not Divided	Dry	Dark - Lighted	Clear	Not a Collision Between Two Motor Vehicles in Transport	No	No Controls	3	2	Non-Incapacitating	NA	41.82519	-71.43257	FALSE	FALSE	Harris Ave and Sims Ave, Providence, RI, USA	Med High	Raw	NA	FALSE	41.82519	-71.43257	2014	June	Valley	13	440070025003028
2542	2014-06-30	240022	23:52:00	Pedestrian	1	NA	FALSE	FALSE	1	WESTMINSTER ST	BARTON ST	2014-07-01	Two-Way, Divided, Unprotected (painted>4feet) Medium	Dry	Dark - Lighted	Clear	Not a Collision Between Two Motor Vehicles in Transport	Yes	No Controls	1	1	Non-Incapacitating	NA	41.81592	-71.43653	FALSE	FALSE	Westminster Street and Barton Street, Providence, RI, USA	Med High	Raw	NA	FALSE	41.81592	-71.43653	2014	June	West End	13	440070010002008
2540	2014-07-01	240180	10:30:00	Pedestrian	1	NA	FALSE	FALSE	1	541 Smith St	Fredeick St	2014-07-02	Two-Way , Not Divided	Dry	Daylight	Clear	Not a Collision Between Two Motor Vehicles in Transport	No	No Controls	4	1	Pain Reported	NA	41.83613	-71.42872	TRUE	FALSE	541 Smith Street, Providence, RI, USA	High	Raw	distance greater than 100m	TRUE	41.83613	-71.42872	2014	July	Smith Hill	12	440070026003013
2538	2014-07-02	240185	11:51:00	Pedestrian	1	NA	FALSE	FALSE	1	Public Street	BROAD ST	2014-07-02	Two-Way , Not Divided	Dry	Daylight	Clear	Not a Collision Between Two Motor Vehicles in Transport	No	Traffic Control Signal	2	1	Pain Reported	NA	41.80441	-71.41937	FALSE	FALSE	Public Street and Broad Street, Providence, RI, USA	Med High	Raw	NA	FALSE	41.80441	-71.41937	2014	July	Elmwood	9	440070004002006
2539	2014-07-02	240363	18:35:00	Pedestrian	1	NA	FALSE	FALSE	1	319 Lowell Ave	NYE ST	2014-07-02	Two-Way , Not Divided	Dry	Daylight	Clear	Not a Collision Between Two Motor Vehicles in Transport	No	No Controls	4	1	Pain Reported	2	41.81858	-71.46092	TRUE	FALSE	319 Lowell Ave, Providence, RI, USA	High	Raw	NA	FALSE	41.81858	-71.46092	2014	July	Hartford	7	440070018005000
2537	2014-07-03	240508	14:43:00	Bicycle	NA	1	FALSE	FALSE	1	1055 WESTMINSTER ST	HOOD ST	2014-07-03	Two-Way , Not Divided	Dry	Daylight	Clear	Not a Collision Between Two Motor Vehicles in Transport	No	No Controls	3	1	Pain Reported	NA	41.81715	-71.42596	TRUE	FALSE	1055 Westminster Street, Providence, RI, USA	High	Raw	NA	FALSE	41.81715	-71.42596	2014	July	West End	13	440070011002026
2535	2014-07-06	240832	00:42:00	Bicycle	NA	1	FALSE	FALSE	1	108 Vinton St.	GROVE ST	2014-07-06	One-Way Trafficway	Dry	Dark - Lighted	Clear	Not a Collision Between Two Motor Vehicles in Transport	No	No Controls	4	1	Pain Reported	NA	41.82113	-71.42879	TRUE	FALSE	108 Vinton St., Providence, RI, USA	High	Raw	NA	FALSE	41.82113	-71.42879	2014	July	Federal Hill	13	440070011001010
2536	2014-07-06	240882	02:03:00	Pedestrian	1	NA	FALSE	FALSE	1	Fountain St	Clemence St	2014-07-06	One-Way Trafficway	Dry	Dark - Lighted	Clear	Not a Collision Between Two Motor Vehicles in Transport	Yes	No Controls	5	1	Incapacitating	NA	41.82406	-71.41535	FALSE	FALSE	Fountain Street and Clemence Street, Providence, RI, USA	Med High	Raw	NA	FALSE	41.82406	-71.41535	2014	July	Downtown	1	440070008001051
2534	2014-07-07	241528	10:05:00	Bicycle	NA	1	FALSE	FALSE	1	CHARLES ST	BRANCH AVE	2014-07-10	Two-Way , Not Divided	Dry	Daylight	Clear	Angle (Front - to - Side) Same Direction	Yes	Traffic Control Signal	1	0	No Injury	NA	41.85026	-71.41998	FALSE	FALSE	Charles Street and Branch Ave, Providence, RI, USA	Med	Raw	NA	FALSE	41.85026	-71.41998	2014	July	Charles	4	440070029003010