row_number	crash_date	crash_report_id	crash_time	collision_type	count_pedestrian	count_bicycle	scooter	wheel_chair	number_of_vehicles	street_or_highway	nearest_intersection	report_date	type_of_roadway	road_surface_condition	light_condition	weather_condition	manner_of_impact	hit_and_run	traffic_control	person_count	injury_count	most_serious_injury	number_of_lanes	lat_raw	lon_raw	has_st_number	is_intersection_null	address_sent_to_geocoder	api_coord_conf	best_coordinate_set	reason_for_qa	manually_qaed_record	final_lat	final_lon	year	month	pvd_nhood	pvd_wards	geoid20
2471	2014-09-14	251864	02:11:00	Bicycle	NA	1	FALSE	FALSE	1	Washington St	EDDY ST	2014-09-14	Two-Way , Not Divided	Dry	Dark - Lighted	Cloudy	Angle (Front - to - Side) Right Angle (Includes Broadside)	No	No Controls	5	0	No Injury	2	41.82401	-71.4134	FALSE	FALSE	Washington Street and Eddy Street, Providence, RI, USA	Med	Raw	NA	FALSE	41.82401	-71.4134	2014	September	Downtown	1	440070008001052
2472	2014-09-14	252068	20:48:00	Bicycle	NA	1	FALSE	FALSE	1	EDDY ST	THURBERS AVE	2014-09-16	Two-Way , Not Divided	Dry	Dark - Lighted	Clear	Angle (Front - to - Side) Same Direction	Yes	No Controls	1	0	No Injury	NA	41.79992	-71.40583	FALSE	FALSE	Eddy Street and Thurbers Ave, Providence, RI, USA	Med High	Raw	NA	FALSE	41.79992	-71.40583	2014	September	Lower South Providence	10	440070006001093
2469	2014-09-16	252120	15:05:00	Bicycle	NA	1	FALSE	FALSE	1	SERVICE ROAD 3	WESTMINSTER ST	2014-09-16	Two-Way , Not Divided	Dry	Daylight	Clear	Angle (Front - to - Side) Same Direction	No	No Controls	4	1	Non-Incapacitating	2	41.81632	-71.44059	FALSE	FALSE	Service Road 3 and Westminster Street, Providence, RI, USA	Med High	Raw	distance greater than 100m	TRUE	41.81632	-71.44059	2014	September	Olneyville	15	440070019001019
2470	2014-09-16	252226	22:08:00	Pedestrian	1	NA	FALSE	FALSE	1	Admiral St	TAPPAN ST	2014-09-17	Two-Way , Not Divided	Dry	Dark - Lighted	Cloudy	Other	Yes	No Controls	3	1	Pain Reported	2	41.84559	-71.42695	FALSE	FALSE	Admiral Street and Tappan Street, Providence, RI, USA	Med High	Raw	NA	FALSE	41.84559	-71.42695	2014	September	Wanskuck	4	440070027002007
2467	2014-09-17	252247	10:46:00	Pedestrian	1	NA	FALSE	FALSE	1	DORRANCE ST	CLIFFORD ST	2014-09-17	Two-Way , Not Divided	Dry	Daylight	Clear	Not a Collision Between Two Motor Vehicles in Transport	No	No Controls	3	1	Pain Reported	NA	41.82158	-71.40886	FALSE	FALSE	Dorrance Street and Clifford Street, Providence, RI, USA	Med High	Raw	NA	FALSE	41.82158	-71.40886	2014	September	Downtown	1	440070008003048
2468	2014-09-17	252295	16:05:00	Bicycle	NA	1	FALSE	FALSE	1	57 Gallatin St	EMERSON ST	2014-09-17	Two-Way , Not Divided	Dry	Daylight	Clear	Not a Collision Between Two Motor Vehicles in Transport	No	No Controls	2	1	Pain Reported	2	41.79638	-71.41619	TRUE	FALSE	57 Gallatin Street, Providence, RI, USA	High	Raw	NA	FALSE	41.79638	-71.41619	2014	September	Elmwood	9	440070002004010
2466	2014-09-19	252502	13:21:00	Pedestrian	3	NA	FALSE	FALSE	1	BURNETT STREET	BUCKLIN STREET	2014-09-19	Two-Way , Not Divided	Dry	Daylight	Clear	Other	No	Stop Signs	5	3	Non-Incapacitating	2	41.83201	-71.41745	FALSE	FALSE	Burnett Street and Bucklin Street, Providence, RI, USA	Med High	Geocoded	distance greater than 100m	TRUE	41.8029383	-71.4276784	2014	September	West End	9	440070003011014
2465	2014-09-20	252608	18:38:00	Bicycle	NA	NA	FALSE	FALSE	2	WATERMAN ST	THAYER ST	2014-09-20	One-Way Trafficway	Dry	Daylight	Clear	Sideswipe, Same Direction	No	No Controls	4	1	Pain Reported	1	41.82727	-71.4006	FALSE	FALSE	Waterman Street and Thayer Street, Providence, RI, USA	Med High	Raw	NA	FALSE	41.82727	-71.4006	2014	September	College Hill	2	440070036023026
2464	2014-09-22	252798	15:45:00	Pedestrian	1	NA	FALSE	FALSE	1	Bridgham St	WESTMINSTER ST	2014-09-22	Two-Way , Not Divided	Dry	Daylight	Clear	Not a Collision Between Two Motor Vehicles in Transport	Yes	Pavement Markings	2	1	Incapacitating	2	41.81686	-71.42838	FALSE	FALSE	Bridgham Street and Westminster Street, Providence, RI, USA	Med High	Raw	NA	FALSE	41.81686	-71.42838	2014	September	West End	13	440070012001001
2460	2014-09-23	252975	17:41:00	Pedestrian	3	NA	FALSE	FALSE	1	North Main St	WHITE ST	2014-09-23	Two-Way , Not Divided	Dry	Daylight	Clear	Not a Collision Between Two Motor Vehicles in Transport	No	Pavement Markings	5	1	Pain Reported	5	41.85548	-71.40015	FALSE	FALSE	North Main Street and White Street, Providence, RI, USA	Med	Raw	NA	FALSE	41.85548	-71.40015	2014	September	Hope	3	440070033001003
2461	2014-09-23	252985	22:14:00	Pedestrian	1	NA	FALSE	FALSE	1	N MAIN ST	N MAIN ST	2014-09-23	One-Way Trafficway	Dry	Dark - Lighted	Clear	Head-On (Front - to - Front)	Yes	No Controls	1	1	Pain Reported	NA	41.84488	-71.40615	FALSE	FALSE	N Main Street and N Main Street, Providence, RI, USA	Med	Raw	distance greater than 100m	TRUE	41.84488	-71.40615	2014	September	Mount Hope	3	440070032004006
2462	2014-09-23	253016	20:35:00	Bicycle	NA	1	FALSE	FALSE	1	Smith St	ORMS ST	2014-09-24	Two-Way , Not Divided	Dry	Daylight	Clear	Not a Collision Between Two Motor Vehicles in Transport	No	Traffic Control Signal	2	1	Pain Reported	NA	41.83372	-71.42187	FALSE	FALSE	Smith Street and Orms Street, Providence, RI, USA	Med High	Raw	NA	FALSE	41.83372	-71.42187	2014	September	Smith Hill	12	440070026001012
2463	2014-09-23	253043	08:37:00	Pedestrian	1	NA	FALSE	FALSE	1	WESTMINSTER ST	CAHIR ST	2014-09-24	Two-Way , Not Divided	Dry	Daylight	Clear	Other	No	Traffic Control Signal	3	1	Pain Reported	NA	41.81822	-71.42018	FALSE	FALSE	Westminster Street and Cahir Street, Providence, RI, USA	Med High	Raw	NA	FALSE	41.81822	-71.42018	2014	September	Federal Hill	13	440070011002018
2459	2014-09-24	253224	14:00:00	Pedestrian	1	NA	FALSE	FALSE	1	Pine St	PAGE ST	2014-09-25	One-Way Trafficway	Dry	Daylight	Clear	Other	No	No Controls	2	1	Pain Reported	NA	41.82114	-71.41129	FALSE	FALSE	Pine Street and Page Street, Providence, RI, USA	Med	Raw	NA	FALSE	41.82114	-71.41129	2014	September	Downtown	1	440070008003045
2457	2014-09-25	253196	09:25:00	Pedestrian	1	NA	FALSE	FALSE	1	141 WEYBOSSET STREET	DORRANCE STREET	2014-09-25	Two-Way , Not Divided	Dry	Daylight	Cloudy	Other	Yes	No Controls	4	1	Non-Incapacitating	2	41.83349	-71.41682	TRUE	FALSE	141 Weybosset Street, Providence, RI, USA	High	Geocoded	distance greater than 100m	TRUE	41.8228207	-71.4115579	2014	September	Downtown	1	440070008003044
2458	2014-09-25	253214	12:23:00	Pedestrian	1	NA	FALSE	FALSE	1	6TH AVENUE	COLLEGE ROAD	2014-09-25	Two-Way , Not Divided	Dry	Daylight	Cloudy	Other	Yes	No Controls	1	0	Unknown	2	41.83578	-71.4154	FALSE	FALSE	6th Avenue and College Road, Providence, RI, USA	Med	Geocoded	distance greater than 100m	TRUE	41.8407916	-71.4670156	2014	September	NA	NA	440070120003017
2454	2014-09-27	253384	13:35:00	Bicycle	NA	1	FALSE	FALSE	1	CHALKSTONE AVE	CLEMATIS ST	2014-09-27	Two-Way , Not Divided	Dry	Daylight	Clear	Not a Collision Between Two Motor Vehicles in Transport	No	No Controls	5	1	Non-Incapacitating	2	41.83263	-71.44591	FALSE	FALSE	Chalkstone Ave and Clematis Street, Providence, RI, USA	Med High	Raw	NA	FALSE	41.83263	-71.44591	2014	September	Mount Pleasant	5	440070021013007
2455	2014-09-27	253441	14:00:00	Bicycle	NA	1	FALSE	FALSE	1	Broadway	GREENMAN LN	2014-09-28	One-Way Trafficway	Dry	Daylight	Clear	Angle (Front - to - Side) Opposite Direction	No	Traffic Control Signal	3	1	Pain Reported	NA	41.82232	-71.41867	FALSE	FALSE	Broadway and Greenman Ln, Providence, RI, USA	Med	Raw	distance greater than 100m	TRUE	41.82232	-71.41867	2014	September	Downtown	1	440070008001064
2456	2014-09-27	253447	14:05:00	Bicycle	NA	1	FALSE	FALSE	1	BROAD ST	SUMTER ST	2014-09-28	Two-Way , Not Divided	Dry	Daylight	Clear	Not a Collision Between Two Motor Vehicles in Transport	No	No Controls	2	1	Pain Reported	NA	41.79772	-71.41409	FALSE	FALSE	Broad Street and Sumter Street, Providence, RI, USA	Med	Raw	NA	FALSE	41.79772	-71.41409	2014	September	Elmwood	9	440070005003006
2453	2014-09-29	254047	16:01:00	Pedestrian	1	NA	FALSE	FALSE	1	TOBEY ST	RING ST	2014-10-04	Unknown	Dry	Daylight	Clear	Not a Collision Between Two Motor Vehicles in Transport	No	No Controls	3	1	Pain Reported	2	41.81992	-71.43566	FALSE	FALSE	Tobey Street and Ring Street, Providence, RI, USA	Med High	Raw	NA	FALSE	41.81992	-71.43566	2014	September	Federal Hill	13	440070010001001
2452	2014-09-30	253593	09:35:00	Bicycle	NA	1	FALSE	FALSE	1	Cranston St.	POTTERS AVE	2014-09-30	Two-Way , Not Divided	Wet	Daylight	Rain	Sideswipe, Same Direction	Yes	No Controls	2	1	Pain Reported	2	41.80505	-71.43778	FALSE	FALSE	Cranston St. and Potters Ave, Providence, RI, USA	Med High	Raw	NA	FALSE	41.80505	-71.43778	2014	September	West End	8	440070014005016
2450	2014-10-01	253764	18:45:00	Pedestrian	1	NA	FALSE	FALSE	1	HOPE ST	BOWEN ST	2014-10-01	Two-Way , Not Divided	Wet	Dark - Lighted	Rain	Other	Yes	No Controls	2	1	Pain Reported	2	41.83091	-71.39923	FALSE	FALSE	Hope Street and Bowen Street, Providence, RI, USA	Med High	Raw	NA	FALSE	41.83091	-71.39923	2014	October	College Hill	2	440070036011006
2451	2014-10-01	253977	00:41:00	Pedestrian	1	NA	FALSE	FALSE	1	CRANSTON ST	HUNTINGTON AVE	2014-10-03	Two-Way , Not Divided	Dry	Daylight	Clear	Not a Collision Between Two Motor Vehicles in Transport	No	No Controls	3	1	Pain Reported	NA	41.80391	-71.43904	FALSE	FALSE	Cranston Street and Huntington Ave, Providence, RI, USA	Med High	Raw	NA	FALSE	41.80391	-71.43904	2014	October	West End	8	440070014005001
2449	2014-10-03	253872	10:00:00	Bicycle	NA	1	FALSE	FALSE	1	SOUTH WATER ST	BRIDGE ST	2014-10-03	One-Way Trafficway	Dry	Daylight	Clear	Angle (Front - to - Side) Right Angle (Includes Broadside)	No	Traffic Control Signal	2	1	Pain Reported	NA	41.81833	-71.40139	FALSE	FALSE	South Water Street and Bridge Street, Providence, RI, USA	Med	Raw	distance greater than 100m	TRUE	41.81833	-71.40139	2014	October	Fox Point	1	440070037002023
2447	2014-10-05	254097	14:34:00	Bicycle	NA	1	FALSE	FALSE	1	Manton Avenue	DELAINE ST	2014-10-05	Two-Way , Not Divided	Dry	Daylight	Clear	Angle (Front - to - Side) Opposite Direction	Yes	No Controls	1	1	Pain Reported	NA	41.81801	-71.44473	FALSE	FALSE	Manton Avenue and Delaine Street, Providence, RI, USA	Med High	Raw	NA	FALSE	41.81801	-71.44473	2014	October	Olneyville	15	440070019002008
2448	2014-10-05	254109	17:51:00	Bicycle	NA	1	FALSE	FALSE	1	CLADRASH'S AVE	MAPLE AVE	2014-10-05	Two-Way , Not Divided	Dry	Daylight	Clear	Not a Collision Between Two Motor Vehicles in Transport	No	No Controls	5	0	No Injury	2	41.78423	-71.4109	FALSE	FALSE	Cladrash's Ave and Maple Ave, Providence, RI, USA	Med	Raw	distance greater than 100m	TRUE	41.78423	-71.4109	2014	October	South Elmwood	9	440070001022030
2446	2014-10-06	254476	09:45:00	Pedestrian	1	NA	FALSE	FALSE	1	SABIN ST	SABIN ST	2014-10-09	One-Way Trafficway	Dry	Daylight	Clear	Not a Collision Between Two Motor Vehicles in Transport	Yes	Traffic Control Signal	1	1	Pain Reported	NA	41.82462	-71.41556	FALSE	FALSE	Sabin Street and Sabin Street, Providence, RI, USA	Med	Raw	NA	FALSE	41.82462	-71.41556	2014	October	Downtown	1	440070008001059
2445	2014-10-07	254213	07:45:00	Pedestrian	1	NA	FALSE	FALSE	1	HOPE STREET	ONLEY STREET	2014-10-07	Two-Way , Not Divided	Dry	Daylight	Clear	Other	No	Traffic Control Signal	2	0	No Injury	2	41.8331	-71.41676	FALSE	FALSE	Hope Street and Onley Street, Providence, RI, USA	Med High	Geocoded	distance greater than 100m	TRUE	41.8357179	-71.4015677	2014	October	College Hill	3	440070034004023
2443	2014-10-08	254362	09:39:00	Pedestrian	1	NA	FALSE	FALSE	1	CULVER ST	DUDLEY ST	2014-10-08	Two-Way , Not Divided	Dry	Daylight	Clear	Other	No	Stop Signs	5	1	Pain Reported	NA	41.81056	-71.40865	FALSE	FALSE	Culver Street and Dudley Street, Providence, RI, USA	Med High	Raw	NA	FALSE	41.81056	-71.40865	2014	October	Upper South Providence	11	440070006001065
2444	2014-10-08	254436	16:40:00	Bicycle	NA	1	FALSE	FALSE	1	CHARLES ST	MARIETTA ST	2014-10-08	Two-Way, Divided, Unprotected (painted>4feet) Medium	Dry	Daylight	Cloudy	Other	No	Stop Signs	2	1	Pain Reported	NA	41.85177	-71.42021	FALSE	FALSE	Charles Street and Marietta Street, Providence, RI, USA	Med	Raw	NA	FALSE	41.85177	-71.42021	2014	October	Charles	4	440070029003005
2441	2014-10-09	254482	08:11:00	Bicycle	NA	1	FALSE	FALSE	1	SMITH ST	HOLDEN ST	2014-10-09	Two-Way , Not Divided	Dry	Daylight	Clear	Angle (Front - to - Side) Right Angle (Includes Broadside)	No	No Controls	2	0	No Injury	2	41.83225	-71.41816	FALSE	FALSE	Smith Street and Holden Street, Providence, RI, USA	Med High	Raw	NA	FALSE	41.83225	-71.41816	2014	October	Smith Hill	12	440070026001009
2442	2014-10-09	254558	22:08:00	Bicycle	NA	1	FALSE	FALSE	1	CHALKSTONE AVE	CAMDEN AVE	2014-10-09	Two-Way , Not Divided	Dry	Dark - Lighted	Clear	Other	No	No Controls	2	1	Incapacitating	NA	41.83529	-71.42536	FALSE	FALSE	Chalkstone Ave and Camden Ave, Providence, RI, USA	Med High	Raw	NA	FALSE	41.83529	-71.42536	2014	October	Smith Hill	12	440070026003010
2440	2014-10-11	254767	01:57:00	Bicycle	NA	1	FALSE	FALSE	2	WASHINGTON ST	MATHEWSON ST	2014-10-12	Two-Way , Not Divided	Dry	Dark - Lighted	Cloudy	Sideswipe, Same Direction	Yes	No Controls	4	0	No Injury	NA	41.82296	-71.41492	FALSE	FALSE	Washington Street and Mathewson Street, Providence, RI, USA	Med High	Raw	NA	FALSE	41.82296	-71.41492	2014	October	Downtown	1	440070008001071
2439	2014-10-14	254979	07:53:00	Pedestrian	1	NA	FALSE	FALSE	1	BROAD STREET	SERVICE ROAD 7	2014-10-14	Two-Way , Not Divided	Dry	Daylight	Clear	Unknown	No	Traffic Control Signal	2	1	Pain Reported	2	41.82933	-71.41804	FALSE	FALSE	Broad Street and Service Road 7, Providence, RI, USA	Med	Geocoded	distance greater than 100m	TRUE	41.8173732	-71.4169529	2014	October	Upper South Providence	11	440070007003001
2436	2014-10-15	255078	11:49:00	Bicycle	NA	1	FALSE	FALSE	1	ALLENS AVE	ERNEST ST	2014-10-15	Two-Way , Not Divided	Dry	Daylight	Clear	Not a Collision Between Two Motor Vehicles in Transport	No	No Controls	3	1	Non-Incapacitating	NA	41.79481	-71.39793	FALSE	FALSE	Allens Ave and Ernest Street, Providence, RI, USA	Med High	Raw	NA	FALSE	41.79481	-71.39793	2014	October	Washington Park	10	440070001011004
2437	2014-10-15	255100	21:11:00	Pedestrian	1	NA	FALSE	FALSE	1	DEAN ST	PROMENADE ST	2014-10-15	Two-Way, Divided, Positive Median Barrier	Wet	Dark - Lighted	Rain	Not a Collision Between Two Motor Vehicles in Transport	No	Traffic Control Signal	4	1	Incapacitating	NA	41.82905	-71.42666	FALSE	FALSE	Dean Street and Promenade Street, Providence, RI, USA	Med	Raw	NA	FALSE	41.82905	-71.42666	2014	October	Smith Hill	13	440070025003009
2438	2014-10-15	255125	13:01:00	Pedestrian	1	NA	FALSE	FALSE	1	IVES ST	WICKENDEN ST	2014-10-16	Two-Way , Not Divided	Dry	Daylight	Clear	Other	Yes	Stop Signs	1	1	Incapacitating	NA	41.82027	-71.3918	FALSE	FALSE	Ives Street and Wickenden Street, Providence, RI, USA	Med High	Raw	NA	FALSE	41.82027	-71.3918	2014	October	Fox Point	1	440070037001010
2434	2014-10-16	255218	16:45:00	Pedestrian	1	NA	FALSE	FALSE	1	PRAIRIE AVE	OXFORD ST	2014-10-16	Two-Way , Not Divided	Wet	Dusk	Rain	Not a Collision Between Two Motor Vehicles in Transport	No	No Controls	2	1	Pain Reported	NA	41.80164	-71.41315	FALSE	FALSE	Prairie Ave and Oxford Street, Providence, RI, USA	Med High	Raw	NA	FALSE	41.80164	-71.41315	2014	October	Lower South Providence	11	440070004003008
2435	2014-10-16	255272	23:30:00	Pedestrian	1	NA	FALSE	FALSE	1	Elmwood Avenue	Princeton Avenue	2014-10-17	Two-Way , Not Divided	Wet	Dark - Lighted	Clear	Not a Collision Between Two Motor Vehicles in Transport	Yes	No Controls	3	1	Pain Reported	NA	41.8053	-71.42524	FALSE	FALSE	Elmwood Avenue and Princeton Avenue, Providence, RI, USA	Med High	Raw	NA	FALSE	41.8053	-71.42524	2014	October	West End	9	440070003023001
2433	2014-10-17	255450	21:50:00	Bicycle	NA	1	FALSE	FALSE	1	CAMBRIDGE ST	Academy Ave	2014-10-18	Two-Way , Not Divided	Dry	Dusk	Clear	Not a Collision Between Two Motor Vehicles in Transport	No	No Controls	4	1	Pain Reported	NA	41.82553	-71.44404	FALSE	FALSE	Cambridge Street and Academy Ave, Providence, RI, USA	Med High	Raw	NA	FALSE	41.82553	-71.44404	2014	October	Mount Pleasant	6	440070021023019
2431	2014-10-18	255373	00:58:00	Bicycle	NA	1	FALSE	FALSE	1	WATERMAN ST	IVES ST	2014-10-18	One-Way Trafficway	Dry	Dark - Lighted	Clear	Angle (Front - to - Side) Right Angle (Includes Broadside)	No	No Controls	3	1	Pain Reported	NA	41.82778	-71.39291	FALSE	FALSE	Waterman Street and Ives Street, Providence, RI, USA	Med High	Raw	NA	FALSE	41.82778	-71.39291	2014	October	Wayland	1	440070036012002
2432	2014-10-18	255906	13:44:00	Pedestrian	1	NA	FALSE	FALSE	1	150 STAMFORD AVE	PARKING LOT	2014-10-23	Unknown	Dry	Daylight	Clear	Not a Collision Between Two Motor Vehicles in Transport	No	No Controls	5	1	Pain Reported	NA	41.77731	-71.41966	TRUE	FALSE	150 Stamford Ave, Providence, RI, USA	High	Raw	NA	FALSE	41.77731	-71.41966	2014	October	South Elmwood	8	440070001024048
2430	2014-10-20	255625	12:03:00	Bicycle	NA	1	FALSE	FALSE	1	BRIDGHAM ST	CRANSTON ST	2014-10-20	Two-Way , Not Divided	Dry	Daylight	Clear	Not a Collision Between Two Motor Vehicles in Transport	Yes	Traffic Control Signal	1	1	Pain Reported	NA	41.81398	-71.42695	FALSE	FALSE	Bridgham Street and Cranston Street, Providence, RI, USA	Med High	Raw	NA	FALSE	41.81398	-71.42695	2014	October	West End	13	440070012001001
2428	2014-10-21	255787	08:17:00	Pedestrian	1	NA	FALSE	FALSE	1	CHARLES ST	GILLEN ST	2014-10-22	Two-Way , Not Divided	Dry	Daylight	Clear	Not a Collision Between Two Motor Vehicles in Transport	No	No Controls	4	0	No Injury	NA	41.85245	-71.42032	FALSE	FALSE	Charles Street and Gillen Street, Providence, RI, USA	Med	Raw	NA	FALSE	41.85245	-71.42032	2014	October	Charles	4	440070029003004
2429	2014-10-21	255809	18:17:00	Pedestrian	1	NA	FALSE	FALSE	1	BROADWAY	SUTTON ST	2014-10-22	Two-Way, Divided, Unprotected (painted>4feet) Medium	Dry	Dawn	Clear	Not a Collision Between Two Motor Vehicles in Transport	No	No Controls	4	1	Non-Incapacitating	2	41.82019	-71.42767	FALSE	FALSE	Broadway and Sutton Street, Providence, RI, USA	Med	Raw	distance greater than 100m	TRUE	41.82019	-71.42767	2014	October	Federal Hill	13	440070011001009
2426	2014-10-22	255852	21:00:00	Pedestrian	1	NA	FALSE	FALSE	1	DOUGLAS AVE	DOUGLAS AVE	2014-10-22	Two-Way , Not Divided	Wet	Dark - Not Lighted	Rain	Not a Collision Between Two Motor Vehicles in Transport	No	Stop Signs	3	1	Pain Reported	NA	41.84762	-71.43084	FALSE	FALSE	Douglas Ave and Douglas Ave, Providence, RI, USA	Med High	Raw	distance greater than 100m	TRUE	41.84762	-71.43084	2014	October	Wanskuck	14	440070028022014
2427	2014-10-22	255858	20:00:00	Pedestrian	1	NA	FALSE	FALSE	1	N MAIN ST	RANDALL ST	2014-10-22	Two-Way, Divided, Positive Median Barrier	Wet	Dark - Lighted	Rain	Not a Collision Between Two Motor Vehicles in Transport	No	No Controls	3	1	Incapacitating	4	41.83815	-71.40958	FALSE	FALSE	N Main Street and Randall Street, Providence, RI, USA	Med	Raw	NA	FALSE	41.83815	-71.40958	2014	October	Mount Hope	3	440070031004003
2425	2014-10-24	256195	19:05:00	Pedestrian	1	NA	FALSE	FALSE	1	PARK ST	SMITH ST	2014-10-25	Two-Way , Not Divided	Dry	Dusk	Clear	Not a Collision Between Two Motor Vehicles in Transport	Yes	No Controls	1	0	Unknown	NA	41.83185	-71.4169	FALSE	FALSE	Park Street and Smith Street, Providence, RI, USA	Med High	Raw	NA	FALSE	41.83185	-71.4169	2014	October	Downtown	12	440070031003025
2424	2014-10-25	256155	03:23:00	Bicycle	NA	1	FALSE	FALSE	1	GROVE ST	KNIGHT ST	2014-10-25	Two-Way , Not Divided	Dry	Dark - Lighted	Clear	Not a Collision Between Two Motor Vehicles in Transport	No	Stop Signs	5	1	Pain Reported	NA	41.82039	-71.43003	FALSE	FALSE	Grove Street and Knight Street, Providence, RI, USA	Med High	Raw	NA	FALSE	41.82039	-71.43003	2014	October	Federal Hill	13	440070011001011
2422	2014-10-27	256430	18:15:00	Bicycle	NA	1	FALSE	FALSE	1	PRESCOTT ST	WOLCOTT ST	2014-10-27	Two-Way, Divided, Unprotected (painted>4feet) Medium	Dry	Dark - Not Lighted	Clear	Head-On (Front - to - Front)	No	No Controls	3	1	Pain Reported	NA	41.82999	-71.43421	FALSE	FALSE	Prescott Street and Wolcott Street, Providence, RI, USA	Med High	Raw	NA	FALSE	41.82999	-71.43421	2014	October	Valley	12	440070022001001
2423	2014-10-27	256450	20:01:00	Pedestrian	1	NA	FALSE	FALSE	1	WASHINGTON ST	DORRANCE ST	2014-10-27	Two-Way , Not Divided	Dry	Dark - Lighted	Clear	Not a Collision Between Two Motor Vehicles in Transport	No	Traffic Control Signal	3	1	Pain Reported	2	41.82445	-71.41277	FALSE	FALSE	Washington Street and Dorrance Street, Providence, RI, USA	Med High	Raw	NA	FALSE	41.82445	-71.41277	2014	October	Downtown	1	440070008001050
2420	2014-10-29	256581	06:53:00	Pedestrian	1	NA	FALSE	FALSE	1	338 Hartford Ave	LAUREL HILL AVE	2014-10-29	Two-Way, Divided, Unprotected (painted>4feet) Medium	Wet	Daylight	Clear	Head-On (Front - to - Front)	No	No Controls	3	2	Pain Reported	2	41.81777	-71.45442	TRUE	FALSE	338 Hartford Ave, Providence, RI, USA	High	Raw	NA	FALSE	41.81777	-71.45442	2014	October	Hartford	7	440070018002008
2421	2014-10-29	256729	22:15:00	Bicycle	NA	1	FALSE	FALSE	1	119 Atwells Ave	BRADFORD ST	2014-10-29	Two-Way , Not Divided	Wet	Dark - Lighted	Rain	Not a Collision Between Two Motor Vehicles in Transport	Yes	No Controls	1	1	Non-Incapacitating	NA	41.82324	-71.42193	TRUE	FALSE	119 Atwells Ave, Providence, RI, USA	High	Raw	NA	FALSE	41.82324	-71.42193	2014	October	Federal Hill	13	440070009001037
2419	2014-11-01	257142	15:41:00	Pedestrian	1	NA	FALSE	FALSE	1	2 Tobey Street	PENN ST	2014-11-01	One-Way Trafficway	Wet	Daylight	Rain	Not a Collision Between Two Motor Vehicles in Transport	No	No Controls	3	1	Pain Reported	NA	41.82037	-71.43582	TRUE	FALSE	2 Tobey Street, Providence, RI, USA	High	Raw	NA	FALSE	41.82037	-71.43582	2014	November	Federal Hill	13	440070010001001
2418	2014-11-02	257269	01:52:00	Pedestrian	1	NA	FALSE	FALSE	1	MORRIS AVE	CYPRESS ST	2014-11-02	Two-Way , Not Divided	Dry	Dark - Lighted	Clear	Not a Collision Between Two Motor Vehicles in Transport	No	Stop Signs	2	1	Pain Reported	2	41.84058	-71.39733	FALSE	FALSE	Morris Ave and Cypress Street, Providence, RI, USA	Med High	Raw	NA	FALSE	41.84058	-71.39733	2014	November	Blackstone	3	440070034004002
2416	2014-11-07	258311	07:47:00	Bicycle	NA	1	FALSE	FALSE	1	MOUNT HOPE AVE	HOPE ST	2014-11-07	Two-Way, Divided, Unprotected (painted>4feet) Medium	Dry	Daylight	Clear	Angle (Front - to - Side) Right Angle (Includes Broadside)	No	No Controls	3	2	Pain Reported	NA	41.84036	-71.39931	FALSE	FALSE	Mount Hope Ave and Hope Street, Providence, RI, USA	Med High	Raw	NA	FALSE	41.84036	-71.39931	2014	November	Mount Hope	3	440070034004004
2417	2014-11-07	258452	13:06:00	Bicycle	NA	1	FALSE	FALSE	1	FRANCIS STREET	FINANCE WAY	2014-11-07	Two-Way , Not Divided	Dry	Daylight	Clear	Other	No	No Controls	5	1	Non-Incapacitating	4	41.82955	-71.41802	FALSE	FALSE	Francis Street and Finance Way, Providence, RI, USA	Med	Geocoded	distance greater than 100m	TRUE	41.8274547	-71.4154023	2014	November	Downtown	12	440070008001013
2415	2014-11-09	258945	12:28:00	Bicycle	NA	1	FALSE	FALSE	1	STEEPLE STREET	MEMORIAL BLVD.	2014-11-09	Two-Way , Not Divided	Dry	Daylight	Clear	Other	No	Traffic Control Signal	4	1	Non-Incapacitating	4	41.8317	-71.41732	FALSE	FALSE	Steeple Street and Memorial Blvd., Providence, RI, USA	Med	Neither	distance greater than 100m	TRUE	41.826711	-71.410765	2014	November	Downtown	1	440070008001034
2414	2014-11-10	260452	08:43:00	Pedestrian	1	NA	FALSE	FALSE	1	ANGELL ST	S ANGELL ST	2014-11-17	One-Way Trafficway	Dry	Daylight	Clear	Not a Collision Between Two Motor Vehicles in Transport	No	Traffic Control Signal	7	1	Non-Incapacitating	NA	41.83008	-71.38825	FALSE	FALSE	Angell Street and S Angell Street, Providence, RI, USA	Med High	Raw	NA	FALSE	41.83008	-71.38825	2014	November	Wayland	1	440070035001012
2412	2014-11-11	259757	16:03:00	Pedestrian	1	NA	FALSE	FALSE	1	HARTFORD AVE	HARTFORD AVE	2014-11-13	Two-Way, Divided, Unprotected (painted>4feet) Medium	Dry	Daylight	Clear	Other	Yes	No Controls	1	1	Pain Reported	NA	41.81755	-71.45283	FALSE	FALSE	Hartford Ave and Hartford Ave, Providence, RI, USA	Med	Raw	distance greater than 100m	TRUE	41.81755	-71.45283	2014	November	Hartford	7	440070018002021