row_number	crash_date	crash_report_id	crash_time	collision_type	count_pedestrian	count_bicycle	scooter	wheel_chair	number_of_vehicles	street_or_highway	nearest_intersection	report_date	type_of_roadway	road_surface_condition	light_condition	weather_condition	manner_of_impact	hit_and_run	traffic_control	person_count	injury_count	most_serious_injury	number_of_lanes	lat_raw	lon_raw	has_st_number	is_intersection_null	address_sent_to_geocoder	api_coord_conf	best_coordinate_set	reason_for_qa	manually_qaed_record	final_lat	final_lon	year	month	pvd_nhood	pvd_wards	geoid20
2229	2015-07-16	301745	13:55:00	Pedestrian	1	NA	FALSE	FALSE	1	193 ELMWOOD AVENUE	NA	2015-07-17	Two-Way , Not Divided	Dry	Daylight	Clear	Other	No	Traffic Control Signal	3	1	Pain Reported	4	41.82489	-71.41943	TRUE	TRUE	193 Elmwood Avenue, Providence, RI, USA	High	Geocoded	distance greater than 100m	TRUE	41.8074252	-71.4250662	2015	July	West End	11	440070003011004
2228	2015-07-19	302206	14:50:00	Pedestrian	1	NA	FALSE	FALSE	1	177 WEBSTER AVENUE	NA	2015-07-19	Unknown	Dry	Daylight	Clear	Other	Yes	No Controls	1	1	Non-Incapacitating	NA	41.83435	-71.41622	TRUE	TRUE	177 Webster Avenue, Providence, RI, USA	High	Geocoded	distance greater than 100m	TRUE	41.8107187	-71.4495578	2015	July	Silver Lake	15	440070016024007
2227	2015-07-21	302555	20:54:00	Pedestrian	1	NA	FALSE	FALSE	1	Westminster St	Barton St	2015-07-21	Two-Way , Not Divided	Wet	Dark - Lighted	Rain	Not a Collision Between Two Motor Vehicles in Transport	No	Traffic Control Signal	2	1	Pain Reported	NA	41.81592	-71.43653	FALSE	FALSE	Westminster Street and Barton Street, Providence, RI, USA	Med High	Raw	NA	FALSE	41.81592	-71.43653	2015	July	West End	13	440070010002008
2225	2015-07-22	302606	08:20:00	Bicycle	NA	1	FALSE	FALSE	1	Traverse St	Rosary Access Rd	2015-07-22	Two-Way , Not Divided	Dry	Daylight	Clear	Angle (Front - to - Side) Opposite Direction	No	Stop Signs	2	1	Pain Reported	NA	41.81857	-71.39916	FALSE	FALSE	Traverse Street and Rosary Access Rd, Providence, RI, USA	Med	Raw	distance greater than 100m	TRUE	41.81857	-71.39916	2015	July	Fox Point	1	440070037002014
2226	2015-07-22	302634	10:12:00	Pedestrian	2	NA	FALSE	FALSE	1	ROCHAMBEAU AVENUE	COLE ROAD	2015-07-22	Two-Way , Not Divided	Dry	Daylight	Clear	Other	No	Stop Signs	5	0	No Injury	2	41.83457	-71.41612	FALSE	FALSE	Rochambeau Avenue and Cole Road, Providence, RI, USA	Med	Geocoded	distance greater than 100m	TRUE	41.8457995	-71.3891825	2015	July	Blackstone	2	440070034001020
2224	2015-07-25	303318	18:32:00	Bicycle	NA	1	FALSE	FALSE	1	BRANCH AVE	OPPER ST	2015-07-25	Two-Way , Not Divided	Dry	Daylight	Clear	Not a Collision Between Two Motor Vehicles in Transport	No	Traffic Control Signal	2	1	Pain Reported	NA	41.85173	-71.42336	FALSE	FALSE	Branch Ave and Opper Street, Providence, RI, USA	Med High	Raw	NA	FALSE	41.85173	-71.42336	2015	July	Charles	4	440070029005015
2223	2015-07-26	303420	16:02:00	Pedestrian	1	NA	FALSE	FALSE	1	775 Potters Ave	HOMESTEAD AVE	2015-07-26	Two-Way , Not Divided	Dry	Daylight	Cloudy	Not a Collision Between Two Motor Vehicles in Transport	No	No Controls	7	1	Pain Reported	2	41.80416	-71.43537	TRUE	FALSE	775 Potters Ave, Providence, RI, USA	High	Raw	NA	FALSE	41.80416	-71.43537	2015	July	West End	8	440070014004003
2222	2015-07-28	303687	21:57:00	Bicycle	NA	1	FALSE	FALSE	2	EMPIRE ST	WASHINGTON ST	2015-07-28	Two-Way , Not Divided	Dry	Dark - Lighted	Clear	Other	No	Traffic Control Signal	3	1	Incapacitating	4	41.82178	-71.41639	FALSE	FALSE	Empire Street and Washington Street, Providence, RI, USA	Med High	Raw	NA	FALSE	41.82178	-71.41639	2015	July	Downtown	1	440070008003071
2219	2015-07-30	303946	13:52:00	Pedestrian	1	NA	FALSE	FALSE	1	LYNN ST	SACKETT ST	2015-07-30	Two-Way , Not Divided	Dry	Daylight	Clear	Not a Collision Between Two Motor Vehicles in Transport	Yes	No Controls	2	1	Pain Reported	2	41.79538	-71.41297	FALSE	FALSE	Lynn Street and Sackett Street, Providence, RI, USA	Med	Raw	NA	FALSE	41.79538	-71.41297	2015	July	Elmwood	9	440070002005001
2220	2015-07-30	303976	16:47:00	Bicycle	NA	1	FALSE	FALSE	1	BLACKSTONE BLVD	LLOYD AVE	2015-07-30	One-Way Trafficway	Dry	Daylight	Cloudy	Not a Collision Between Two Motor Vehicles in Transport	No	Stop Signs	4	1	Pain Reported	2	41.83534	-71.38462	FALSE	FALSE	Blackstone Blvd and Lloyd Ave, Providence, RI, USA	Med High	Raw	NA	FALSE	41.83534	-71.38462	2015	July	Blackstone	2	440070034002042
2221	2015-07-30	304042	20:07:00	Pedestrian	3	NA	FALSE	FALSE	1	SMITH ST	DANFORTH ST	2015-07-30	Two-Way , Not Divided	Wet	Dark - Lighted	Rain	Other	No	No Controls	7	2	Incapacitating	2	41.83564	-71.4267	FALSE	FALSE	Smith Street and Danforth Street, Providence, RI, USA	Med High	Raw	NA	FALSE	41.83564	-71.4267	2015	July	Smith Hill	12	440070026003011
2216	2015-07-31	304260	18:50:00	Bicycle	NA	1	FALSE	FALSE	1	21 FELIX ST	CHALKSTONE AVE	2015-07-31	Two-Way , Not Divided	Dry	Daylight	Clear	Not a Collision Between Two Motor Vehicles in Transport	Yes	No Controls	1	0	No Injury	NA	41.83276	-71.4279	TRUE	FALSE	21 Felix Street, Providence, RI, USA	High	Raw	NA	FALSE	41.83276	-71.4279	2015	July	Smith Hill	12	440070025001010
2217	2015-07-31	304271	23:17:00	Pedestrian	1	NA	FALSE	FALSE	1	MEMORIAL BLVD	FRANCIS ST	2015-08-01	Two-Way, Divided, Positive Median Barrier	Dry	Dark - Lighted	Clear	Not a Collision Between Two Motor Vehicles in Transport	No	Traffic Control Signal	5	1	Non-Incapacitating	NA	41.8259	-71.41535	FALSE	FALSE	Memorial Blvd and Francis Street, Providence, RI, USA	Med High	Raw	NA	FALSE	41.8259	-71.41535	2015	July	Downtown	12	440070008001035
2218	2015-07-31	304549	13:28:00	Pedestrian	1	NA	FALSE	FALSE	1	RESERVOIR AVE	ELMWOOD AVE	2015-08-02	Unknown	Dry	Daylight	Clear	Other	No	No Controls	2	1	Pain Reported	NA	41.79782	-71.42611	FALSE	FALSE	Reservoir Ave and Elmwood Ave, Providence, RI, USA	Med High	Raw	NA	FALSE	41.79782	-71.42611	2015	July	West End	9	440070003012014
2215	2015-08-01	304397	19:07:00	Pedestrian	1	NA	FALSE	FALSE	1	Smith St	HOLDEN ST	2015-08-01	Two-Way , Not Divided	Dry	Dusk	Clear	Not a Collision Between Two Motor Vehicles in Transport	No	No Controls	4	1	Pain Reported	2	41.83219	-71.41798	FALSE	FALSE	Smith Street and Holden Street, Providence, RI, USA	Med High	Raw	NA	FALSE	41.83219	-71.41798	2015	August	Smith Hill	12	440070026001008
2214	2015-08-02	304577	16:40:00	Bicycle	1	NA	FALSE	FALSE	1	Kenwood St	MESSER ST	2015-08-02	Two-Way , Not Divided	Dry	Daylight	Clear	Not a Collision Between Two Motor Vehicles in Transport	Yes	No Controls	1	0	No Injury	2	41.80992	-71.43438	FALSE	FALSE	Kenwood Street and Messer Street, Providence, RI, USA	Med High	Raw	NA	FALSE	41.80992	-71.43438	2015	August	West End	8	440070013002008
2212	2015-08-03	304799	18:33:00	Pedestrian	1	NA	FALSE	FALSE	1	16 BARRY ROAD	BARRY RD	2015-08-03	Two-Way , Not Divided	Dry	Daylight	Clear	Not a Collision Between Two Motor Vehicles in Transport	No	No Controls	3	1	Non-Incapacitating	NA	41.81821	-71.4504	TRUE	FALSE	16 Barry Road, Providence, RI, USA	High	Raw	NA	FALSE	41.81821	-71.4504	2015	August	Hartford	7	440070018002021
2210	2015-08-05	305204	16:03:00	Bicycle	NA	1	FALSE	FALSE	1	North Main St	FROST ST	2015-08-05	Two-Way, Divided, Positive Median Barrier	Dry	Daylight	Clear	Not a Collision Between Two Motor Vehicles in Transport	No	No Controls	2	1	Pain Reported	4	41.85138	-71.40235	FALSE	FALSE	North Main Street and Frost Street, Providence, RI, USA	Med	Raw	NA	FALSE	41.85138	-71.40235	2015	August	Hope	3	440070033004020
2211	2015-08-05	305294	15:30:00	Bicycle	NA	1	FALSE	FALSE	1	MOORE ST	UPDIKE ST	2015-08-05	Unknown	Dry	Daylight	Clear	Not a Collision Between Two Motor Vehicles in Transport	No	No Controls	3	1	Pain Reported	NA	41.80482	-71.422	FALSE	FALSE	Moore Street and Updike Street, Providence, RI, USA	Med High	Raw	NA	FALSE	41.80482	-71.422	2015	August	Elmwood	9	440070003022002
2209	2015-08-06	305473	20:19:00	Bicycle	NA	1	FALSE	FALSE	1	Grand St	POTTERS AVE	2015-08-06	Two-Way , Not Divided	Dry	Unknown	Clear	Not a Collision Between Two Motor Vehicles in Transport	Yes	No Controls	1	1	Pain Reported	2	41.80245	-71.4322	FALSE	FALSE	Grand Street and Potters Ave, Providence, RI, USA	Med High	Raw	NA	FALSE	41.80245	-71.4322	2015	August	West End	8	440070014004018
2208	2015-08-08	305839	21:31:00	Bicycle	NA	1	FALSE	FALSE	1	MANTON AVE	RUSHMORE AVE	2015-08-08	Two-Way , Not Divided	Dry	Dark - Lighted	Clear	Not a Collision Between Two Motor Vehicles in Transport	No	No Controls	2	1	Incapacitating	2	41.82576	-71.45701	FALSE	FALSE	Manton Ave and Rushmore Ave, Providence, RI, USA	Med High	Raw	NA	FALSE	41.82576	-71.45701	2015	August	Olneyville	6	440070021022010
2205	2015-08-10	306079	13:18:00	Pedestrian	1	NA	FALSE	FALSE	1	THAYER ST	POWER ST	2015-08-10	Two-Way, Divided, Unprotected (painted>4feet) Medium	Dry	Daylight	Clear	Not a Collision Between Two Motor Vehicles in Transport	No	No Controls	3	1	Non-Incapacitating	NA	41.82324	-71.40007	FALSE	FALSE	Thayer Street and Power Street, Providence, RI, USA	Med High	Raw	NA	FALSE	41.82324	-71.40007	2015	August	College Hill	1	440070036011037
2206	2015-08-10	306111	17:00:00	Pedestrian	1	NA	FALSE	FALSE	1	Nye St	ALVERSON AVE	2015-08-10	Two-Way , Not Divided	Dry	Daylight	Clear	Not a Collision Between Two Motor Vehicles in Transport	Yes	No Controls	2	1	Non-Incapacitating	NA	41.81697	-71.45941	FALSE	FALSE	Nye Street and Alverson Ave, Providence, RI, USA	Med High	Raw	NA	FALSE	41.81697	-71.45941	2015	August	Hartford	7	440070018004003
2207	2015-08-10	306128	19:36:00	Bicycle	NA	1	FALSE	FALSE	1	500 Cranston St	NA	2015-08-10	Two-Way , Not Divided	Dry	Dusk	Clear	Not a Collision Between Two Motor Vehicles in Transport	No	No Controls	2	0	No Injury	NA	41.80947	-71.43356	TRUE	TRUE	500 Cranston Street, Providence, RI, USA	High	Raw	NA	FALSE	41.80947	-71.43356	2015	August	West End	8	440070014001005
2204	2015-08-11	306246	16:48:00	Pedestrian	1	NA	FALSE	FALSE	1	ELM ST	HOSPITAL ST	2015-08-11	Two-Way , Not Divided	Wet	Daylight	Rain	Not a Collision Between Two Motor Vehicles in Transport	No	Stop Signs	3	1	Pain Reported	NA	41.81705	-71.4105	FALSE	FALSE	Elm Street and Hospital Street, Providence, RI, USA	Med	Raw	NA	FALSE	41.81705	-71.4105	2015	August	Downtown	1	440070006001008
2202	2015-08-12	306407	12:55:00	Pedestrian	1	NA	FALSE	FALSE	1	DORRANCE STREET	WESTMINISTER STREET	2015-08-12	Two-Way , Not Divided	Dry	Daylight	Clear	Other	No	Traffic Control Signal	3	0	No Injury	2	41.82953	-71.41802	FALSE	FALSE	Dorrance Street and Westminister Street, Providence, RI, USA	Med High	Geocoded	distance greater than 100m	TRUE	41.8236083	-71.4116693	2015	August	Downtown	1	440070008003029
2203	2015-08-12	306427	18:01:00	Pedestrian	1	NA	FALSE	TRUE	1	W EXCHANGE ST	EXCHANGE TER	2015-08-12	One-Way Trafficway	Dry	Daylight	Clear	Angle (Front - to - Side) Same Direction	No	No Controls	2	0	No Injury	NA	41.82484	-71.41534	FALSE	FALSE	W Exchange Street and Exchange Ter, Providence, RI, USA	Med High	Raw	NA	FALSE	41.82484	-71.41534	2015	August	Downtown	1	440070008001049
2199	2015-08-13	306552	16:49:00	Bicycle	NA	1	FALSE	FALSE	1	WENDELL ST	SUPERIOR ST	2015-08-13	One-Way Trafficway	Dry	Daylight	Clear	Not a Collision Between Two Motor Vehicles in Transport	Yes	No Controls	1	1	Pain Reported	NA	41.811	-71.43428	FALSE	FALSE	Wendell Street and Superior Street, Providence, RI, USA	Med High	Raw	NA	FALSE	41.811	-71.43428	2015	August	West End	8	440070013002004
2200	2015-08-13	306569	17:06:00	Bicycle	NA	1	FALSE	FALSE	1	CLIFFORD ST	DORRANCE ST	2015-08-13	One-Way Trafficway	Dry	Daylight	Clear	Not a Collision Between Two Motor Vehicles in Transport	No	Traffic Control Signal	4	1	Non-Incapacitating	NA	41.82153	-71.40884	FALSE	FALSE	Clifford Street and Dorrance Street, Providence, RI, USA	Med High	Raw	NA	FALSE	41.82153	-71.40884	2015	August	Downtown	1	440070008003048
2201	2015-08-13	306647	22:30:00	Bicycle	NA	1	FALSE	FALSE	2	1314 BROAD STREET	BROAD ST	2015-08-13	Two-Way, Divided, Unprotected (painted>4feet) Medium	Dry	Dark - Lighted	Clear	Not a Collision Between Two Motor Vehicles in Transport	No	No Controls	3	1	Pain Reported	NA	41.791	-71.40586	TRUE	FALSE	1314 Broad Street, Providence, RI, USA	High	Raw	NA	FALSE	41.791	-71.40586	2015	August	Washington Park	10	440070001021010
2198	2015-08-14	306806	09:28:00	Pedestrian	1	NA	FALSE	FALSE	1	MANTON AVE	PELHAM ST	2015-08-14	Two-Way, Divided, Unprotected (painted>4feet) Medium	Dry	Daylight	Clear	Not a Collision Between Two Motor Vehicles in Transport	No	No Controls	5	1	Pain Reported	NA	41.82092	-71.44779	FALSE	FALSE	Manton Ave and Pelham Street, Providence, RI, USA	Med High	Raw	NA	FALSE	41.82092	-71.44779	2015	August	Olneyville	15	440070019005010
2196	2015-08-16	306887	17:21:00	Bicycle	NA	1	FALSE	FALSE	1	CRANSTON ST	DEXTER ST	2015-08-16	Two-Way , Not Divided	Dry	Daylight	Clear	Not a Collision Between Two Motor Vehicles in Transport	No	Traffic Control Signal	2	1	Pain Reported	NA	41.8126	-71.42959	FALSE	FALSE	Cranston Street and Dexter Street, Providence, RI, USA	Med High	Raw	NA	FALSE	41.8126	-71.42959	2015	August	West End	11	440070012002009
2197	2015-08-16	306962	11:48:00	Pedestrian	1	NA	FALSE	FALSE	1	BROAD ST	FRANCIS GREEN MEMORIAL BLVD	2015-08-17	Two-Way , Not Divided	Dry	Daylight	Clear	Other	No	No Controls	3	2	Pain Reported	NA	41.79341	-71.40871	FALSE	FALSE	Broad Street and Francis Green Memorial Blvd, Providence, RI, USA	Med	Raw	distance greater than 100m	TRUE	41.79341	-71.40871	2015	August	South Elmwood	10	440070001021004
2195	2015-08-20	307519	17:14:00	Bicycle	NA	1	FALSE	FALSE	1	CHARLES ST	ORMS ST	2015-08-20	Two-Way , Not Divided	Dry	Daylight	Clear	Not a Collision Between Two Motor Vehicles in Transport	No	No Controls	2	1	Pain Reported	NA	41.83515	-71.41153	FALSE	FALSE	Charles Street and Orms Street, Providence, RI, USA	Med	Raw	NA	FALSE	41.83515	-71.41153	2015	August	Mount Hope	3	440070031003023
2194	2015-08-21	307645	15:26:00	Pedestrian	1	NA	FALSE	FALSE	1	UNION AVE	MESSER ST	2015-08-21	Two-Way , Not Divided	Dry	Daylight	Clear	Not a Collision Between Two Motor Vehicles in Transport	Yes	No Controls	1	1	Pain Reported	NA	41.81013	-71.43513	FALSE	FALSE	Union Ave and Messer Street, Providence, RI, USA	Med High	Raw	NA	FALSE	41.81013	-71.43513	2015	August	West End	13	440070013002008
2193	2015-08-23	307882	18:45:00	Pedestrian	1	NA	FALSE	FALSE	1	CROWNINSHIELD ST	MERINO ST	2015-08-23	Two-Way, Divided, Unprotected (painted>4feet) Medium	Dry	Daylight	Clear	Not a Collision Between Two Motor Vehicles in Transport	No	No Controls	5	1	Pain Reported	NA	41.81741	-71.45831	FALSE	FALSE	Crowninshield Street and Merino Street, Providence, RI, USA	Med High	Raw	NA	FALSE	41.81741	-71.45831	2015	August	Hartford	7	440070018004010
2192	2015-08-27	308601	18:03:00	Pedestrian	1	NA	FALSE	FALSE	1	Broad Street	ALDRICH ST	2015-08-27	Two-Way , Not Divided	Dry	Daylight	Clear	Angle (Front - to - Side) Same Direction	Yes	No Controls	1	1	Pain Reported	NA	41.7936	-71.40895	FALSE	FALSE	Broad Street and Aldrich Street, Providence, RI, USA	Med	Raw	NA	FALSE	41.7936	-71.40895	2015	August	South Elmwood	10	440070001021000
2190	2015-08-29	308903	12:18:00	Pedestrian	1	NA	FALSE	FALSE	1	1215 N. MAIN STREET	7TH ST	2015-08-29	Two-Way, Divided, Positive Median Barrier	Dry	Daylight	Clear	Not a Collision Between Two Motor Vehicles in Transport	No	Traffic Control Signal	5	1	Pain Reported	2	41.85336	-71.40101	TRUE	FALSE	1215 N. Main Street, Providence, RI, USA	High	Raw	NA	FALSE	41.85336	-71.40101	2015	August	Hope	3	440070033004022
2191	2015-08-29	308978	20:39:00	Bicycle	NA	1	FALSE	FALSE	1	Cranston St	DODGE ST	2015-08-29	Two-Way , Not Divided	Unknown	Dark - Lighted	Clear	Unknown	Yes	Unknown	1	1	Pain Reported	NA	41.81439	-71.42613	FALSE	FALSE	Cranston Street and Dodge Street, Providence, RI, USA	Med High	Raw	NA	FALSE	41.81439	-71.42613	2015	August	West End	11	440070012001001
2188	2015-09-02	309691	14:41:00	Pedestrian	1	NA	FALSE	FALSE	1	VALLEY ST	EAGLE ST	2015-09-02	Two-Way, Divided, Unprotected (painted>4feet) Medium	Dry	Daylight	Clear	Not a Collision Between Two Motor Vehicles in Transport	No	Traffic Control Signal	4	2	Pain Reported	NA	41.82741	-71.4364	FALSE	FALSE	Valley Street and Eagle Street, Providence, RI, USA	Med High	Raw	NA	FALSE	41.82741	-71.4364	2015	September	Valley	12	440070022002016
2189	2015-09-02	309725	20:22:00	Pedestrian	2	NA	FALSE	FALSE	1	Francis St	Memorial Blvd	2015-09-03	Two-Way , Not Divided	Dry	Dark - Lighted	Clear	Not a Collision Between Two Motor Vehicles in Transport	No	Traffic Control Signal	4	2	Pain Reported	NA	41.82616	-71.41545	FALSE	FALSE	Francis Street and Memorial Blvd, Providence, RI, USA	Med	Raw	NA	FALSE	41.82616	-71.41545	2015	September	Downtown	12	440070008001035
2184	2015-09-04	310057	13:40:00	Pedestrian	1	NA	FALSE	FALSE	1	462 MANTON AVE	SISSON ST	2015-09-04	Two-Way , Not Divided	Dry	Daylight	Clear	Not a Collision Between Two Motor Vehicles in Transport	No	No Controls	2	1	Pain Reported	2	41.82552	-71.45564	TRUE	FALSE	462 Manton Ave, Providence, RI, USA	High	Raw	NA	FALSE	41.82552	-71.45564	2015	September	Olneyville	6	440070021022010
2185	2015-09-04	310144	17:20:00	Pedestrian	1	NA	FALSE	FALSE	1	100 Broad St	FENNER ST	2015-09-04	Two-Way , Not Divided	Dry	Daylight	Clear	Not a Collision Between Two Motor Vehicles in Transport	No	No Controls	4	1	Pain Reported	2	41.81826	-71.41598	TRUE	FALSE	100 Broad Street, Providence, RI, USA	High	Raw	NA	FALSE	41.81826	-71.41598	2015	September	Downtown	1	440070008002011
2186	2015-09-04	310158	19:01:00	Bicycle	NA	1	FALSE	FALSE	1	WESTMINSTER ST	ABORN ST	2015-09-04	One-Way Trafficway	Dry	Daylight	Clear	Not a Collision Between Two Motor Vehicles in Transport	No	No Controls	3	1	Pain Reported	NA	41.82127	-71.41489	FALSE	FALSE	Westminster Street and Aborn Street, Providence, RI, USA	Med High	Raw	NA	FALSE	41.82127	-71.41489	2015	September	Downtown	1	440070008003071
2187	2015-09-04	314312	12:18:00	Bicycle	NA	1	FALSE	FALSE	1	CHARLES ST	ORMS ST	2015-09-21	Two-Way, Divided, Positive Median Barrier	Dry	Daylight	Clear	Not a Collision Between Two Motor Vehicles in Transport	No	Traffic Control Signal	2	1	Pain Reported	NA	41.83492	-71.41147	FALSE	FALSE	Charles Street and Orms Street, Providence, RI, USA	Med	Raw	NA	FALSE	41.83492	-71.41147	2015	September	Downtown	3	440070031003023
2183	2015-09-06	310918	12:15:00	Pedestrian	1	NA	FALSE	FALSE	1	BORDEN ST	Eddy St	2015-09-08	One-Way Trafficway	Dry	Daylight	Clear	Other	No	No Controls	2	1	Pain Reported	2	41.81342	-71.4084	FALSE	FALSE	Borden Street and Eddy Street, Providence, RI, USA	Med High	Geocoded	distance greater than 100m	TRUE	41.8121992	-71.4070223	2015	September	Upper South Providence	11	440070006001064
2182	2015-09-07	310769	16:23:00	Pedestrian	1	NA	FALSE	FALSE	1	100 Francis Street	GASPEE ST	2015-09-07	Two-Way , Not Divided	Dry	Daylight	Clear	Head-On (Front - to - Front)	Yes	No Controls	3	1	Pain Reported	NA	41.82875	-71.41534	TRUE	FALSE	100 Francis Street, Providence, RI, USA	High	Raw	distance greater than 100m	TRUE	41.82875	-71.41534	2015	September	Downtown	12	440070008001010
2180	2015-09-08	310982	16:30:00	Pedestrian	1	NA	FALSE	FALSE	1	386 Broad Street	BROAD ST	2015-09-08	Two-Way, Divided, Positive Median Barrier	Dry	Daylight	Clear	Not a Collision Between Two Motor Vehicles in Transport	No	No Controls	2	1	Pain Reported	NA	41.81339	-71.42161	TRUE	FALSE	386 Broad Street, Providence, RI, USA	High	Raw	NA	FALSE	41.81339	-71.42161	2015	September	West End	11	440070007003021
2181	2015-09-08	311076	20:46:00	Pedestrian	1	NA	FALSE	FALSE	1	ELMWOOD AVE	RUTLAND ST	2015-09-09	Two-Way, Divided, Unprotected (painted>4feet) Medium	Dry	Dark - Lighted	Clear	Other	No	No Controls	2	1	Pain Reported	2	41.799	-71.4264	FALSE	FALSE	Elmwood Ave and Rutland Street, Providence, RI, USA	Med High	Raw	NA	FALSE	41.799	-71.4264	2015	September	West End	9	440070003012014
2179	2015-09-09	311291	18:09:00	Pedestrian	1	NA	FALSE	FALSE	1	342 orms st	ESTEN ST	2015-09-09	Two-Way , Not Divided	Dry	Daylight	Clear	Other	No	No Controls	8	1	Pain Reported	NA	41.83353	-71.42355	TRUE	FALSE	342 Orms Street, Providence, RI, USA	High	Raw	NA	FALSE	41.83353	-71.42355	2015	September	Smith Hill	12	440070025001000
2176	2015-09-10	311396	13:29:00	Bicycle	NA	1	FALSE	FALSE	1	SILVER SPRING STREET	NA	2015-09-10	Two-Way , Not Divided	Dry	Daylight	Clear	Other	No	Stop Signs	2	1	Non-Incapacitating	2	41.83396	-71.41663	FALSE	TRUE	Silver Spring Street, Providence, RI, USA	Inaccurate	Geocoded	distance greater than 100m	TRUE	41.8503204	-71.4133985	2015	September	Charles	4	440070029003020
2177	2015-09-10	311526	20:23:00	Bicycle	NA	1	FALSE	FALSE	2	252 Thayer St	Olive St	2015-09-10	One-Way Trafficway	Wet	Daylight	Clear	Not a Collision Between Two Motor Vehicles in Transport	No	Pavement Markings	3	1	Pain Reported	1	41.8287	-71.40073	TRUE	FALSE	252 Thayer Street, Providence, RI, USA	High	Raw	NA	FALSE	41.8287	-71.40073	2015	September	College Hill	2	440070036011015
2178	2015-09-10	313461	12:41:00	Pedestrian	1	NA	FALSE	FALSE	1	WESTMINSTER ST	DEXTER ST	2015-09-17	Two-Way , Not Divided	Dry	Dawn	Clear	Other	No	No Controls	3	1	Pain Reported	NA	41.81658	-71.4314	FALSE	FALSE	Westminster Street and Dexter Street, Providence, RI, USA	Med High	Raw	NA	FALSE	41.81658	-71.4314	2015	September	West End	13	440070010001017
2174	2015-09-11	311688	13:31:00	Bicycle	NA	1	FALSE	FALSE	1	WESTMINSTER ST	BATTEY ST	2015-09-11	Two-Way, Divided, Unprotected (painted>4feet) Medium	Dry	Daylight	Clear	Angle (Front - to - Side) Same Direction	No	Stop Signs	2	1	Pain Reported	2	41.81724	-71.42464	FALSE	FALSE	Westminster Street and Battey Street, Providence, RI, USA	Med High	Raw	NA	FALSE	41.81724	-71.42464	2015	September	West End	13	440070011002024
2175	2015-09-11	311838	19:52:00	Pedestrian	1	NA	FALSE	FALSE	1	460 ALLENS AVE	NA	2015-09-11	Two-Way , Not Divided	Dry	Dark - Not Lighted	Clear	Not a Collision Between Two Motor Vehicles in Transport	No	No Controls	7	1	Incapacitating	4	41.80107	-71.40055	TRUE	TRUE	460 Allens Ave, Providence, RI, USA	High	Raw	NA	FALSE	41.80107	-71.40055	2015	September	Lower South Providence	10	440070006001096
2173	2015-09-12	311904	12:41:00	Pedestrian	1	NA	FALSE	FALSE	1	Manton Avenue	ATWELLS AVE	2015-09-12	Two-Way, Divided, Unprotected (painted>4feet) Medium	Dry	Daylight	Clear	Head-On (Front - to - Front)	No	Traffic Control Signal	3	1	Incapacitating	NA	41.82537	-71.45464	FALSE	FALSE	Manton Avenue and Atwells Ave, Providence, RI, USA	Med High	Raw	NA	FALSE	41.82537	-71.45464	2015	September	Olneyville	6	440070021022005
2172	2015-09-13	312047	00:28:00	Pedestrian	1	NA	FALSE	FALSE	1	BRANCH AVE	CHARLES ST	2015-09-13	Two-Way , Not Divided	Wet	Dark - Lighted	Rain	Not a Collision Between Two Motor Vehicles in Transport	Yes	No Controls	1	1	Pain Reported	NA	41.85024	-71.41993	FALSE	FALSE	Branch Ave and Charles Street, Providence, RI, USA	Med High	Raw	NA	FALSE	41.85024	-71.41993	2015	September	Charles	4	440070029003010
2171	2015-09-14	312651	10:02:00	Bicycle	NA	1	FALSE	FALSE	1	Thayer St	WATERMAN ST	2015-09-14	One-Way Trafficway	Dry	Daylight	Clear	Not a Collision Between Two Motor Vehicles in Transport	No	Traffic Control Signal	2	0	No Injury	1	41.82734	-71.40055	FALSE	FALSE	Thayer Street and Waterman Street, Providence, RI, USA	Med High	Raw	NA	FALSE	41.82734	-71.40055	2015	September	College Hill	2	440070036011021
2169	2015-09-15	312833	00:32:00	Bicycle	NA	1	FALSE	FALSE	1	TELL ST	KNIGHT ST	2015-09-15	Two-Way , Not Divided	Dry	Dark - Lighted	Clear	Other	No	Stop Signs	3	1	Pain Reported	2	41.82215	-71.43137	FALSE	FALSE	Tell Street and Knight Street, Providence, RI, USA	Med High	Raw	NA	FALSE	41.82215	-71.43137	2015	September	Federal Hill	13	440070009002005
2170	2015-09-15	312873	08:15:00	Bicycle	NA	1	FALSE	FALSE	1	BUCKLIN STREET	CARTER STREET	2015-09-15	Two-Way , Not Divided	Dry	Daylight	Clear	Other	No	Stop Signs	2	1	Pain Reported	2	41.83616	-71.41597	FALSE	FALSE	Bucklin Street and Carter Street, Providence, RI, USA	Med High	Geocoded	distance greater than 100m	TRUE	41.8000388	-71.427925	2015	September	West End	9	440070003012008
2168	2015-09-16	313267	17:29:00	Pedestrian	2	NA	FALSE	FALSE	1	Broadway	COURTLAND ST	2015-09-16	Two-Way , Not Divided	Dry	Daylight	Clear	Not a Collision Between Two Motor Vehicles in Transport	No	Pavement Markings	4	1	Pain Reported	2	41.81937	-71.43119	FALSE	FALSE	Broadway and Courtland Street, Providence, RI, USA	Med	Raw	NA	FALSE	41.81937	-71.43119	2015	September	Federal Hill	13	440070011001013