row_number	crash_date	crash_report_id	crash_time	collision_type	count_pedestrian	count_bicycle	scooter	wheel_chair	number_of_vehicles	street_or_highway	nearest_intersection	report_date	type_of_roadway	road_surface_condition	light_condition	weather_condition	manner_of_impact	hit_and_run	traffic_control	person_count	injury_count	most_serious_injury	number_of_lanes	lat_raw	lon_raw	has_st_number	is_intersection_null	address_sent_to_geocoder	api_coord_conf	best_coordinate_set	reason_for_qa	manually_qaed_record	final_lat	final_lon	year	month	pvd_nhood	pvd_wards	geoid20
2051	2016-01-11	345868	15:40:00	Pedestrian	1	NA	FALSE	FALSE	1	CRANSTON ST	DEXTER ST	2016-01-11	Two-Way, Divided, Unprotected (painted>4feet) Medium	Dry	Daylight	Clear	Not a Collision Between Two Motor Vehicles in Transport	No	Traffic Control Signal	3	1	Non-Incapacitating	NA	41.8126	-71.42959	FALSE	FALSE	Cranston Street and Dexter Street, Providence, RI, USA	Med High	Raw	NA	FALSE	41.8126	-71.42959	2016	January	West End	11	440070012002009
2048	2016-01-12	346156	17:47:00	Pedestrian	1	NA	FALSE	FALSE	1	Elmwood Avenue	PRINCETON AVE	2016-01-12	Two-Way , Not Divided	Wet	Dark - Lighted	Rain	Not a Collision Between Two Motor Vehicles in Transport	No	No Controls	4	1	Pain Reported	NA	41.80547	-71.4252	FALSE	FALSE	Elmwood Avenue and Princeton Ave, Providence, RI, USA	Med High	Raw	NA	FALSE	41.80547	-71.4252	2016	January	West End	9	440070003023001
2049	2016-01-12	346298	18:00:00	Pedestrian	1	NA	FALSE	TRUE	1	Kennedy Plz.	Dorrance St.	2016-01-12	Two-Way , Not Divided	Wet	Dark - Lighted	Rain	Not a Collision Between Two Motor Vehicles in Transport	Yes	No Controls	3	1	Non-Incapacitating	NA	41.82426	-71.41219	FALSE	FALSE	Kennedy Plz. and Dorrance St., Providence, RI, USA	Med High	Raw	NA	FALSE	41.82426	-71.41219	2016	January	Downtown	1	440070008003016
2047	2016-01-14	346855	17:11:00	Bicycle	NA	2	FALSE	FALSE	1	BROADWAY	HARRIS AVE	2016-01-14	Two-Way , Not Divided	Dry	Daylight	Clear	Not a Collision Between Two Motor Vehicles in Transport	No	No Controls	3	2	Pain Reported	NA	41.81705	-71.44029	FALSE	FALSE	Broadway and Harris Ave, Providence, RI, USA	Med	Raw	NA	FALSE	41.81705	-71.44029	2016	January	Olneyville	15	440070019001016
2046	2016-01-19	348154	07:56:00	Pedestrian	1	NA	FALSE	FALSE	1	DOUGLAS AVE	FILMORE ST	2016-01-19	Two-Way, Divided, Unprotected (painted>4feet) Medium	Dry	Daylight	Clear	Not a Collision Between Two Motor Vehicles in Transport	No	Person	4	2	Pain Reported	NA	41.83718	-71.42232	FALSE	FALSE	Douglas Ave and Filmore Street, Providence, RI, USA	Med High	Raw	NA	FALSE	41.83718	-71.42232	2016	January	Smith Hill	12	440070026002005
2044	2016-01-20	348938	12:58:00	Bicycle	NA	1	FALSE	FALSE	1	Chad Brown St	CAMDEN AVE	2016-01-20	Two-Way , Not Divided	Dry	Daylight	Clear	Not a Collision Between Two Motor Vehicles in Transport	No	Pavement Markings	6	1	Pain Reported	2	41.83925	-71.42583	FALSE	FALSE	Chad Brown Street and Camden Ave, Providence, RI, USA	Med High	Raw	NA	FALSE	41.83925	-71.42583	2016	January	Smith Hill	12	440070027003014
2045	2016-01-20	348976	15:03:00	Pedestrian	1	NA	FALSE	FALSE	1	LINDEN AVE	ELMWOOD AVE	2016-01-20	Unknown	Dry	Daylight	Clear	Other	No	No Controls	3	1	Incapacitating	NA	41.78618	-71.41931	FALSE	FALSE	Linden Ave and Elmwood Ave, Providence, RI, USA	Med High	Raw	NA	FALSE	41.78618	-71.41931	2016	January	South Elmwood	9	440070001024000
2042	2016-01-25	349949	09:53:00	Bicycle	NA	1	FALSE	FALSE	1	N DAVIS ST	CHALKSTONE AVE	2016-01-25	Two-Way , Not Divided	Wet	Daylight	Clear	Not a Collision Between Two Motor Vehicles in Transport	No	No Controls	2	1	Pain Reported	NA	41.83548	-71.41712	FALSE	FALSE	N Davis Street and Chalkstone Ave, Providence, RI, USA	Med High	Raw	distance greater than 100m	TRUE	41.83548	-71.41712	2016	January	Smith Hill	12	440070026002013
2043	2016-01-25	349955	11:51:00	Pedestrian	2	NA	FALSE	FALSE	1	RIVER AVE	VALLEY ST	2016-01-25	Two-Way, Divided, Unprotected (painted>4feet) Medium	Wet	Daylight	Clear	Not a Collision Between Two Motor Vehicles in Transport	No	Traffic Control Signal	4	2	Pain Reported	NA	41.82798	-71.43517	FALSE	FALSE	River Ave and Valley Street, Providence, RI, USA	Med High	Raw	NA	FALSE	41.82798	-71.43517	2016	January	Valley	12	440070022002007
2040	2016-01-26	350197	16:13:00	Pedestrian	1	NA	FALSE	FALSE	1	MEDWAY ST	WAYLAND AVE	2016-01-26	Two-Way , Not Divided	Wet	Daylight	Clear	Not a Collision Between Two Motor Vehicles in Transport	No	Pavement Markings	4	1	Pain Reported	NA	41.82931	-71.38819	FALSE	FALSE	Medway Street and Wayland Ave, Providence, RI, USA	Med High	Raw	NA	FALSE	41.82931	-71.38819	2016	January	Wayland	1	440070035003002
2041	2016-01-26	350265	17:52:00	Pedestrian	1	NA	FALSE	FALSE	1	RIVER AVE	DOUGLAS AVE	2016-01-26	Two-Way , Not Divided	Wet	Dark - Lighted	Clear	Not a Collision Between Two Motor Vehicles in Transport	Yes	No Controls	1	0	No Injury	NA	41.85274	-71.43716	FALSE	FALSE	River Ave and Douglas Ave, Providence, RI, USA	Med High	Raw	NA	FALSE	41.85274	-71.43716	2016	January	Wanskuck	14	440070028021019
2039	2016-01-28	350774	09:04:00	Pedestrian	1	NA	FALSE	FALSE	1	BROAD ST	FENNER ST	2016-01-28	Two-Way, Divided, Unprotected (painted>4feet) Medium	Dry	Daylight	Clear	Not a Collision Between Two Motor Vehicles in Transport	Yes	Traffic Control Signal	4	1	Pain Reported	NA	41.81834	-71.4159	FALSE	FALSE	Broad Street and Fenner Street, Providence, RI, USA	Med	Raw	NA	FALSE	41.81834	-71.4159	2016	January	Downtown	1	440070008002008
2038	2016-01-29	351132	16:21:00	Pedestrian	1	NA	FALSE	FALSE	1	CRIMEA ST	DOUGLAS AVE	2016-01-29	Two-Way , Not Divided	Dry	Daylight	Clear	Not a Collision Between Two Motor Vehicles in Transport	No	Stop Signs	3	1	Pain Reported	NA	41.83697	-71.42185	FALSE	FALSE	Crimea Street and Douglas Ave, Providence, RI, USA	Med High	Raw	NA	FALSE	41.83697	-71.42185	2016	January	Smith Hill	12	440070026002004
2037	2016-01-31	351677	14:46:00	Pedestrian	1	NA	FALSE	FALSE	1	37 EXCHANGE TERR	NA	2016-01-31	Two-Way , Not Divided	Dry	Daylight	Clear	Not a Collision Between Two Motor Vehicles in Transport	No	No Controls	2	1	Pain Reported	3	41.82534	-71.41381	TRUE	TRUE	37 Exchange Terr, Providence, RI, USA	High	Raw	distance greater than 100m	TRUE	41.82534	-71.41381	2016	January	Downtown	1	440070008001042
2036	2016-02-01	351862	13:10:00	Pedestrian	1	NA	FALSE	FALSE	1	CHARLES ST	SILVER SPRING ST	2016-02-01	Two-Way , Not Divided	Dry	Daylight	Clear	Not a Collision Between Two Motor Vehicles in Transport	No	No Controls	2	1	Pain Reported	2	41.84417	-71.4185	FALSE	FALSE	Charles Street and Silver Spring Street, Providence, RI, USA	Med	Raw	NA	FALSE	41.84417	-71.4185	2016	February	Charles	4	440070029004011
2035	2016-02-02	352004	13:19:00	Pedestrian	1	NA	FALSE	FALSE	1	WEEDEN ST	ATWELLS AVE	2016-02-02	Two-Way , Not Divided	Dry	Daylight	Clear	Not a Collision Between Two Motor Vehicles in Transport	No	No Controls	6	1	Pain Reported	2	41.8234	-71.4244	FALSE	FALSE	Weeden Street and Atwells Ave, Providence, RI, USA	Med High	Raw	NA	FALSE	41.8234	-71.4244	2016	February	Federal Hill	13	440070009001020
2032	2016-02-03	352373	16:30:00	Pedestrian	1	NA	FALSE	FALSE	1	WEYBOSSET ST	SNOW ST	2016-02-03	Two-Way , Not Divided	Wet	Dark - Lighted	Rain	Not a Collision Between Two Motor Vehicles in Transport	No	No Controls	3	1	Incapacitating	NA	41.8207	-71.41326	FALSE	FALSE	Weybosset Street and Snow Street, Providence, RI, USA	Med High	Raw	NA	FALSE	41.8207	-71.41326	2016	February	Downtown	1	440070008003064
2033	2016-02-03	352487	17:53:00	Pedestrian	1	NA	FALSE	FALSE	1	41 Fricker st	CRANSTON ST	2016-02-03	Two-Way , Not Divided	Wet	Dark - Not Lighted	Rain	Not a Collision Between Two Motor Vehicles in Transport	No	No Controls	5	1	Pain Reported	NA	41.81705	-71.42217	TRUE	FALSE	41 Fricker Street, Providence, RI, USA	High	Raw	NA	FALSE	41.81705	-71.42217	2016	February	West End	11	440070007003003
2034	2016-02-03	352529	20:05:00	Pedestrian	1	NA	FALSE	FALSE	1	96 Waterman St	NA	2016-02-03	One-Way Trafficway	Wet	Dark - Lighted	Rain	Not a Collision Between Two Motor Vehicles in Transport	No	Traffic Control Signal	2	1	Pain Reported	NA	41.82712	-71.40222	TRUE	TRUE	96 Waterman Street, Providence, RI, USA	High	Raw	NA	FALSE	41.82712	-71.40222	2016	February	College Hill	2	440070036023031
2031	2016-02-04	353132	17:42:00	Bicycle	NA	1	FALSE	FALSE	1	Hope St	George St	2016-02-05	Two-Way , Not Divided	Dry	Dark - Lighted	Clear	Not a Collision Between Two Motor Vehicles in Transport	No	Stop Signs	3	0	No Injury	NA	41.82583	-71.39727	FALSE	FALSE	Hope Street and George Street, Providence, RI, USA	Med High	Raw	NA	FALSE	41.82583	-71.39727	2016	February	College Hill	1	440070036013005
2030	2016-02-05	352949	08:47:00	Pedestrian	1	NA	FALSE	FALSE	1	ATWELLS AVE	ACADEMY AVE	2016-02-05	Two-Way, Divided, Unprotected (painted>4feet) Medium	Snow	Daylight	Snow	Not a Collision Between Two Motor Vehicles in Transport	Yes	Traffic Control Signal	1	1	Pain Reported	NA	41.82478	-71.44343	FALSE	FALSE	Atwells Ave and Academy Ave, Providence, RI, USA	Med High	Raw	NA	FALSE	41.82478	-71.44343	2016	February	Olneyville	15	440070021023017
2029	2016-02-07	365259	20:41:00	Pedestrian	1	NA	FALSE	FALSE	1	CHARLES ST	BRANCH AVE	2016-03-12	Two-Way , Not Divided	Dry	Daylight	Clear	Not a Collision Between Two Motor Vehicles in Transport	No	No Controls	2	1	Pain Reported	NA	41.84933	-71.41983	FALSE	FALSE	Charles Street and Branch Ave, Providence, RI, USA	Med	Raw	distance greater than 100m	TRUE	41.84933	-71.41983	2016	February	Charles	4	440070029004008
2027	2016-02-09	354023	12:04:00	Pedestrian	1	NA	FALSE	FALSE	1	WASHINGTON ST	EMPIRE ST	2016-02-09	Two-Way , Not Divided	Wet	Daylight	Cloudy	Other	No	Traffic Control Signal	4	1	Pain Reported	NA	41.81989	-71.41935	FALSE	FALSE	Washington Street and Empire Street, Providence, RI, USA	Med	Geocoded	distance greater than 100m	TRUE	41.8218601	-71.4164189	2016	February	Downtown	1	440070008001072
2028	2016-02-09	354151	17:45:00	Pedestrian	1	NA	FALSE	FALSE	1	Summer Street	NA	2016-02-09	Two-Way , Not Divided	Slush	Dark - Lighted	Clear	Not a Collision Between Two Motor Vehicles in Transport	No	Stop Signs	3	1	Pain Reported	NA	41.81435	-71.41686	FALSE	TRUE	Summer Street, Providence, RI, USA	Inaccurate	Raw	distance greater than 100m	TRUE	41.81435	-71.41686	2016	February	Upper South Providence	11	440070007002000
2026	2016-02-10	354444	17:34:00	Bicycle	NA	1	FALSE	FALSE	1	BROADWAY	DE PASQUALE AVE	2016-02-10	Two-Way , Not Divided	Wet	Dark - Lighted	Clear	Not a Collision Between Two Motor Vehicles in Transport	Yes	Traffic Control Signal	1	0	No Injury	NA	41.82078	-71.42521	FALSE	FALSE	Broadway and De Pasquale Ave, Providence, RI, USA	Med	Raw	NA	FALSE	41.82078	-71.42521	2016	February	Federal Hill	13	440070011001006
2025	2016-02-11	354730	19:44:00	Pedestrian	2	NA	FALSE	FALSE	1	BROAD ST	DAVE GAVITT WAY	2016-02-11	Two-Way , Not Divided	Dry	Dark - Lighted	Clear	Not a Collision Between Two Motor Vehicles in Transport	No	Traffic Control Signal	4	2	Pain Reported	NA	41.81799	-71.41626	FALSE	FALSE	Broad Street and Dave Gavitt Way, Providence, RI, USA	Med	Raw	NA	FALSE	41.81799	-71.41626	2016	February	Downtown	1	440070008002011
2022	2016-02-16	356290	15:45:00	Pedestrian	1	NA	FALSE	FALSE	1	ELMWOOD AVE	ADELAIDE AVE	2016-02-16	Two-Way, Divided, Positive Median Barrier	Wet	Daylight	Rain	Not a Collision Between Two Motor Vehicles in Transport	Yes	Traffic Control Signal	1	1	Pain Reported	NA	41.79589	-71.425	FALSE	FALSE	Elmwood Ave and Adelaide Ave, Providence, RI, USA	Med High	Raw	NA	FALSE	41.79589	-71.425	2016	February	Elmwood	9	440070002001011
2023	2016-02-16	356322	17:22:00	Pedestrian	1	NA	FALSE	FALSE	1	WEYBOSSET ST	CUSTOM HOUSE ST	2016-02-16	Two-Way , Not Divided	Wet	Dark - Lighted	Rain	Not a Collision Between Two Motor Vehicles in Transport	No	No Controls	2	1	Pain Reported	NA	41.82429	-71.4097	FALSE	FALSE	Weybosset Street and Custom House Street, Providence, RI, USA	Med High	Raw	NA	FALSE	41.82429	-71.4097	2016	February	Downtown	1	440070008003018
2024	2016-02-16	356336	18:43:00	Pedestrian	1	NA	FALSE	FALSE	1	WESTMINSTER ST	EMPIRE ST	2016-02-16	Two-Way , Not Divided	Wet	Dark - Lighted	Rain	Angle - Direction Not Specified	Yes	Traffic Control Signal	3	1	Pain Reported	NA	41.82097	-71.41532	FALSE	FALSE	Westminster Street and Empire Street, Providence, RI, USA	Med High	Raw	NA	FALSE	41.82097	-71.41532	2016	February	Downtown	1	440070008003071
2021	2016-02-17	356423	01:15:00	Pedestrian	1	NA	FALSE	FALSE	1	UNION AVE	ETHAN ST	2016-02-17	Two-Way , Not Divided	Wet	Dark - Lighted	Rain	Head-On (Front - to - Front)	Yes	No Controls	2	0	No Injury	NA	41.80715	-71.45905	FALSE	FALSE	Union Ave and Ethan Street, Providence, RI, USA	Med High	Raw	NA	FALSE	41.80715	-71.45905	2016	February	Silver Lake	7	440070017002012
2020	2016-02-19	357337	08:25:00	Bicycle	NA	1	FALSE	FALSE	1	Battey St	WASHINGTON ST	2016-02-19	Two-Way , Not Divided	Dry	Daylight	Clear	Not a Collision Between Two Motor Vehicles in Transport	No	Stop Signs	2	1	Pain Reported	2	41.81794	-71.42472	FALSE	FALSE	Battey Street and Washington Street, Providence, RI, USA	Med High	Raw	NA	FALSE	41.81794	-71.42472	2016	February	Federal Hill	13	440070011002011
2019	2016-02-20	357756	18:24:00	Pedestrian	1	NA	FALSE	FALSE	1	BRANCH AVE	DRYDEN LN	2016-02-20	Two-Way , Not Divided	Dry	Dark - Lighted	Clear	Not a Collision Between Two Motor Vehicles in Transport	No	No Controls	2	1	Pain Reported	NA	41.84246	-71.40827	FALSE	FALSE	Branch Ave and Dryden Ln, Providence, RI, USA	Med High	Raw	NA	FALSE	41.84246	-71.40827	2016	February	Mount Hope	3	440070033004014
2018	2016-02-21	358246	16:04:00	Pedestrian	1	NA	FALSE	FALSE	1	740 BRANCH AVE	VANDEWATER ST	2016-02-21	Two-Way , Not Divided	Dry	Daylight	Clear	Not a Collision Between Two Motor Vehicles in Transport	Yes	No Controls	1	1	Pain Reported	NA	41.85363	-71.42864	TRUE	FALSE	740 Branch Ave, Providence, RI, USA	High	Raw	NA	FALSE	41.85363	-71.42864	2016	February	Wanskuck	4	440070028021006
2017	2016-02-23	358949	13:00:00	Pedestrian	1	NA	FALSE	TRUE	1	Douglas Ave	WHIPPLE ST	2016-02-23	Two-Way , Not Divided	Dry	Daylight	Clear	Not a Collision Between Two Motor Vehicles in Transport	No	Stop Signs	3	0	No Injury	2	41.8368	-71.42142	FALSE	FALSE	Douglas Ave and Whipple Street, Providence, RI, USA	Med High	Raw	NA	FALSE	41.8368	-71.42142	2016	February	Smith Hill	12	440070026002001
2015	2016-02-25	359505	08:06:00	Pedestrian	1	NA	FALSE	FALSE	1	MOUNT PLEASANT AVE	CHALKSTONE AVE	2016-02-25	Two-Way , Not Divided	Wet	Daylight	Cloudy	Not a Collision Between Two Motor Vehicles in Transport	Yes	No Controls	1	1	Pain Reported	NA	41.83267	-71.44974	FALSE	FALSE	Mount Pleasant Ave and Chalkstone Ave, Providence, RI, USA	Med High	Raw	NA	FALSE	41.83267	-71.44974	2016	February	Mount Pleasant	6	440070021013006
2016	2016-02-25	359617	18:11:00	Pedestrian	1	NA	FALSE	FALSE	1	MOUNT PLEASANT AVE	CHALKSTONE AVE	2016-02-25	Two-Way , Not Divided	Dry	Dark - Lighted	Clear	Not a Collision Between Two Motor Vehicles in Transport	Yes	No Controls	1	1	Pain Reported	2	41.8327	-71.44975	FALSE	FALSE	Mount Pleasant Ave and Chalkstone Ave, Providence, RI, USA	Med High	Raw	NA	FALSE	41.8327	-71.44975	2016	February	Mount Pleasant	5	440070021013006
2013	2016-02-27	360271	08:59:00	Pedestrian	1	NA	FALSE	TRUE	1	N MAIN ST	PLEASANT ST	2016-02-27	Two-Way, Divided, Positive Median Barrier	Dry	Daylight	Clear	Not a Collision Between Two Motor Vehicles in Transport	No	Other	3	1	Pain Reported	NA	41.83919	-71.40905	FALSE	FALSE	N Main Street and Pleasant Street, Providence, RI, USA	Med	Raw	NA	FALSE	41.83919	-71.40905	2016	February	Mount Hope	3	440070031002010
2014	2016-02-27	360386	15:39:00	Bicycle	NA	1	FALSE	FALSE	1	HARRISON ST	WESTMINSTER ST	2016-02-27	Two-Way , Not Divided	Dry	Daylight	Clear	Not a Collision Between Two Motor Vehicles in Transport	No	No Controls	4	1	Pain Reported	2	41.81671	-71.43031	FALSE	FALSE	Harrison Street and Westminster Street, Providence, RI, USA	Med High	Raw	NA	FALSE	41.81671	-71.43031	2016	February	West End	13	440070011002028
2011	2016-02-29	360823	07:39:00	Pedestrian	1	NA	FALSE	FALSE	1	MOUNT PLEASANT AVE	CHALKSTONE AVE	2016-02-29	Two-Way, Divided, Unprotected (painted>4feet) Medium	Dry	Daylight	Clear	Not a Collision Between Two Motor Vehicles in Transport	No	Traffic Control Signal	2	2	Pain Reported	NA	41.8327	-71.44975	FALSE	FALSE	Mount Pleasant Ave and Chalkstone Ave, Providence, RI, USA	Med High	Raw	NA	FALSE	41.8327	-71.44975	2016	February	Mount Pleasant	5	440070021013006
2012	2016-02-29	361123	10:15:00	Pedestrian	1	NA	FALSE	FALSE	1	MANTON AVE	HERSCHEL ST	2016-02-29	Unknown	Dry	Dark - Lighted	Clear	Other	Yes	No Controls	1	0	No Injury	NA	41.83359	-71.469	FALSE	FALSE	Manton Ave and Herschel Street, Providence, RI, USA	Med High	Raw	NA	FALSE	41.83359	-71.469	2016	February	Manton	6	440070020002013
2009	2016-03-02	361569	23:58:00	Pedestrian	1	NA	FALSE	FALSE	1	Broadway	EXIT 21  (RT 1)	2016-03-02	One-Way Trafficway	Dry	Daylight	Cloudy	Not a Collision Between Two Motor Vehicles in Transport	Yes	Traffic Control Signal	1	1	Pain Reported	NA	41.82205	-71.41971	FALSE	FALSE	Broadway and Exit 21  (Rt 1), Providence, RI, USA	Med High	Raw	distance greater than 100m	TRUE	41.82205	-71.41971	2016	March	Federal Hill	1	440070008001064
2010	2016-03-02	361799	19:00:00	Pedestrian	1	NA	FALSE	FALSE	1	Broad Street	MASSACHUSETTS AVE	2016-03-02	Two-Way , Not Divided	Dry	Dark - Lighted	Cloudy	Not a Collision Between Two Motor Vehicles in Transport	No	No Controls	3	1	Non-Incapacitating	NA	41.78635	-71.40193	FALSE	FALSE	Broad Street and Massachusetts Ave, Providence, RI, USA	Med	Raw	NA	FALSE	41.78635	-71.40193	2016	March	Washington Park	10	440070001014010
2008	2016-03-03	362450	16:30:00	Bicycle	NA	1	FALSE	FALSE	1	ONEIL ST	VEAZIE ST	2016-03-03	Two-Way , Not Divided	Dry	Daylight	Clear	Not a Collision Between Two Motor Vehicles in Transport	No	No Controls	2	1	Non-Incapacitating	NA	41.85297	-71.43521	FALSE	FALSE	Oneil Street and Veazie Street, Providence, RI, USA	Med High	Raw	NA	FALSE	41.85297	-71.43521	2016	March	Wanskuck	14	440070028021020
2007	2016-03-06	363031	03:30:00	Pedestrian	1	NA	FALSE	FALSE	1	POTTERS AVE	BROAD ST	2016-03-06	Two-Way , Not Divided	Dry	Dark - Lighted	Clear	Not a Collision Between Two Motor Vehicles in Transport	Yes	Traffic Control Signal	1	1	Pain Reported	NA	41.80297	-71.41891	FALSE	FALSE	Potters Ave and Broad Street, Providence, RI, USA	Med High	Raw	NA	FALSE	41.80297	-71.41891	2016	March	Elmwood	9	440070004004007
2006	2016-03-08	363955	13:37:00	Bicycle	NA	1	FALSE	FALSE	1	BROADWAY	COURTLAND STREET	2016-03-09	Two-Way , Not Divided	Dry	Daylight	Clear	Other	No	Stop Signs	3	1	Non-Incapacitating	2	41.83454	-71.41645	FALSE	FALSE	Broadway and Courtland Street, Providence, RI, USA	Med	Geocoded	distance greater than 100m	TRUE	41.8193752	-71.4312276	2016	March	Federal Hill	13	440070011001013
2004	2016-03-11	364804	07:38:00	Pedestrian	1	NA	FALSE	FALSE	1	765 ATWELLS AVENUE	ACADEMY AVENUE	2016-03-11	Two-Way , Not Divided	Wet	Daylight	Cloudy	Other	No	No Controls	2	1	Non-Incapacitating	2	41.83618	-71.41545	TRUE	FALSE	765 Atwells Avenue, Providence, RI, USA	High	Geocoded	distance greater than 100m	TRUE	41.8249165	-71.4422971	2016	March	Valley	12	440070022003014
2005	2016-03-11	365537	15:44:00	Bicycle	NA	1	FALSE	FALSE	1	Killingly St	Duxbury St	2016-03-14	Two-Way , Not Divided	Dry	Daylight	Clear	Not a Collision Between Two Motor Vehicles in Transport	No	Pavement Markings	3	1	Pain Reported	NA	41.8138	-71.46091	FALSE	FALSE	Killingly Street and Duxbury Street, Providence, RI, USA	Med High	Raw	NA	FALSE	41.8138	-71.46091	2016	March	Hartford	7	440070018005004
2001	2016-03-16	367654	09:11:00	Pedestrian	1	NA	FALSE	FALSE	1	EMPIRE ST	WESTMINSTER ST	2016-03-16	Two-Way, Divided, Unprotected (painted>4feet) Medium	Dry	Daylight	Clear	Not a Collision Between Two Motor Vehicles in Transport	No	No Controls	4	1	Pain Reported	NA	41.82111	-71.4155	FALSE	FALSE	Empire Street and Westminster Street, Providence, RI, USA	Med High	Raw	NA	FALSE	41.82111	-71.4155	2016	March	Downtown	1	440070008003071
2002	2016-03-16	367750	16:25:00	Pedestrian	1	NA	FALSE	FALSE	1	CHALKSTONE AVE	PEKIN ST	2016-03-16	Two-Way , Not Divided	Dry	Daylight	Clear	Not a Collision Between Two Motor Vehicles in Transport	No	Other	4	0	No Injury	NA	41.83562	-71.42416	FALSE	FALSE	Chalkstone Ave and Pekin Street, Providence, RI, USA	Med High	Raw	NA	FALSE	41.83562	-71.42416	2016	March	Smith Hill	12	440070026002015
2003	2016-03-16	367811	21:16:00	Pedestrian	1	NA	FALSE	FALSE	1	134 Atwells Ave	NEWTON ST	2016-03-16	Two-Way, Divided, Unprotected (painted>4feet) Medium	Wet	Dark - Lighted	Rain	Not a Collision Between Two Motor Vehicles in Transport	No	No Controls	3	1	Pain Reported	NA	41.82327	-71.42229	TRUE	FALSE	134 Atwells Ave, Providence, RI, USA	High	Raw	NA	FALSE	41.82327	-71.42229	2016	March	Federal Hill	13	440070009001047
2000	2016-03-17	368202	13:38:00	Pedestrian	1	NA	FALSE	FALSE	1	HUNTINGTON AVE	DEXTER ST	2016-03-17	Two-Way, Divided, Positive Median Barrier	Dry	Daylight	Clear	Not a Collision Between Two Motor Vehicles in Transport	No	No Controls	2	2	Fatal	NA	41.80102	-71.43181	FALSE	FALSE	Huntington Ave and Dexter Street, Providence, RI, USA	Med High	Raw	NA	FALSE	41.80102	-71.43181	2016	March	West End	8	440070014004023
1999	2016-03-18	368259	07:24:00	Pedestrian	1	NA	FALSE	FALSE	1	163 PROGRESS AVE	WEBSTER AVE	2016-03-18	Unknown	Dry	Daylight	Clear	Other	Yes	No Controls	1	1	Pain Reported	NA	41.80853	-71.44916	TRUE	FALSE	163 Progress Ave, Providence, RI, USA	High	Raw	NA	FALSE	41.80853	-71.44916	2016	March	Silver Lake	15	440070016023003
1998	2016-03-19	368595	02:43:00	Pedestrian	1	NA	FALSE	FALSE	1	ELMWOOD AVE	ARCH ST	2016-03-19	Two-Way , Not Divided	Dry	Dark - Lighted	Clear	Not a Collision Between Two Motor Vehicles in Transport	Yes	No Controls	2	1	Incapacitating	2	41.81202	-71.42261	FALSE	FALSE	Elmwood Ave and Arch Street, Providence, RI, USA	Med High	Raw	NA	FALSE	41.81202	-71.42261	2016	March	West End	11	440070012003000
1996	2016-03-21	369868	14:56:00	Pedestrian	1	NA	FALSE	FALSE	1	JOSLIN ST	ATWELLS AVE	2016-03-22	Two-Way , Not Divided	Dry	Daylight	Clear	Not a Collision Between Two Motor Vehicles in Transport	No	No Controls	3	1	Pain Reported	NA	41.82496	-71.44666	FALSE	FALSE	Joslin Street and Atwells Ave, Providence, RI, USA	Med High	Raw	NA	FALSE	41.82496	-71.44666	2016	March	Olneyville	6	440070021023014
1997	2016-03-21	370786	19:38:00	Pedestrian	1	NA	FALSE	FALSE	1	12 POCASSET AVE	NA	2016-03-24	Two-Way , Not Divided	Dry	Dark - Lighted	Clear	Not a Collision Between Two Motor Vehicles in Transport	No	No Controls	5	1	Pain Reported	NA	41.81165	-71.45095	TRUE	TRUE	12 Pocasset Ave, Providence, RI, USA	High	Geocoded	distance greater than 100m	TRUE	41.8134363	-71.4479665	2016	March	Silver Lake	15	440070016012012
1995	2016-03-23	370521	15:20:00	Pedestrian	1	NA	FALSE	FALSE	1	Bancroft Street	KELLEY ST	2016-03-23	Two-Way , Not Divided	Dry	Daylight	Clear	Not a Collision Between Two Motor Vehicles in Transport	No	No Controls	3	1	Pain Reported	NA	41.81309	-71.4481	FALSE	FALSE	Bancroft Street and Kelley Street, Providence, RI, USA	Med High	Raw	NA	FALSE	41.81309	-71.4481	2016	March	Silver Lake	15	440070016012012
1994	2016-03-24	370700	11:24:00	Pedestrian	1	NA	FALSE	FALSE	1	DOYLE AVE	ELMGROVE AVE	2016-03-24	Two-Way , Not Divided	Dry	Daylight	Clear	Not a Collision Between Two Motor Vehicles in Transport	No	Stop Signs	4	1	Incapacitating	NA	41.839	-71.39234	FALSE	FALSE	Doyle Ave and Elmgrove Ave, Providence, RI, USA	Med High	Raw	NA	FALSE	41.839	-71.39234	2016	March	Blackstone	2	440070034001037
1992	2016-03-29	372804	11:13:00	Pedestrian	1	NA	FALSE	FALSE	1	55 BROADWAY	NA	2016-03-29	Two-Way , Not Divided	Dry	Daylight	Clear	Not a Collision Between Two Motor Vehicles in Transport	No	No Controls	4	1	Fatal	NA	41.82234	-71.4186	TRUE	TRUE	55 Broadway, Providence, RI, USA	High	Raw	NA	FALSE	41.82234	-71.4186	2016	March	Downtown	1	440070008001064
1993	2016-03-29	372939	15:50:00	Bicycle	NA	2	FALSE	FALSE	1	ROANOKE ST	CARLETON ST	2016-03-29	Two-Way , Not Divided	Dry	Daylight	Clear	Not a Collision Between Two Motor Vehicles in Transport	Yes	Stop Signs	3	2	Non-Incapacitating	2	41.83139	-71.44787	FALSE	FALSE	Roanoke Street and Carleton Street, Providence, RI, USA	Med High	Raw	NA	FALSE	41.83139	-71.44787	2016	March	Mount Pleasant	6	440070021025004