row_number	crash_date	crash_report_id	crash_time	collision_type	count_pedestrian	count_bicycle	scooter	wheel_chair	number_of_vehicles	street_or_highway	nearest_intersection	report_date	type_of_roadway	road_surface_condition	light_condition	weather_condition	manner_of_impact	hit_and_run	traffic_control	person_count	injury_count	most_serious_injury	number_of_lanes	lat_raw	lon_raw	has_st_number	is_intersection_null	address_sent_to_geocoder	api_coord_conf	best_coordinate_set	reason_for_qa	manually_qaed_record	final_lat	final_lon	year	month	pvd_nhood	pvd_wards	geoid20
1990	2016-03-31	373728	07:46:00	Pedestrian	1	NA	FALSE	FALSE	1	VANDEWATER ST	BRANCH AVE	2016-03-31	Two-Way , Not Divided	Dry	Daylight	Clear	Other	No	Stop Signs	3	1	Pain Reported	NA	41.85367	-71.42883	FALSE	FALSE	Vandewater Street and Branch Ave, Providence, RI, USA	Med High	Raw	NA	FALSE	41.85367	-71.42883	2016	March	Wanskuck	14	440070028021012
1991	2016-03-31	373764	15:06:00	Pedestrian	1	NA	FALSE	FALSE	1	CRANSTON ST	HANOVER ST	2016-03-31	Two-Way , Not Divided	Dry	Daylight	Clear	Not a Collision Between Two Motor Vehicles in Transport	Yes	No Controls	2	1	Pain Reported	2	41.80945	-71.43357	FALSE	FALSE	Cranston Street and Hanover Street, Providence, RI, USA	Med High	Raw	NA	FALSE	41.80945	-71.43357	2016	March	West End	8	440070014001005
1989	2016-04-04	375957	15:10:00	Pedestrian	1	NA	FALSE	FALSE	1	Bucklin St	WHITMARSH ST	2016-04-04	Two-Way , Not Divided	Slush	Daylight	Snow	Not a Collision Between Two Motor Vehicles in Transport	No	No Controls	2	1	Pain Reported	NA	41.8059	-71.42781	FALSE	FALSE	Bucklin Street and Whitmarsh Street, Providence, RI, USA	Med High	Raw	NA	FALSE	41.8059	-71.42781	2016	April	West End	8	440070003011008
1988	2016-04-08	378087	07:22:00	Pedestrian	1	NA	FALSE	FALSE	1	ANGELL ST	HOPE ST	2016-04-08	One-Way Trafficway	Dry	Daylight	Clear	Not a Collision Between Two Motor Vehicles in Transport	No	Traffic Control Signal	4	1	Pain Reported	NA	41.8284	-71.39754	FALSE	FALSE	Angell Street and Hope Street, Providence, RI, USA	Med High	Raw	NA	FALSE	41.8284	-71.39754	2016	April	College Hill	2	440070036011013
1987	2016-04-10	379232	20:50:00	Pedestrian	1	NA	FALSE	FALSE	1	Orms St	Bath St	2016-04-10	Two-Way , Not Divided	Dry	Dark - Lighted	Clear	Not a Collision Between Two Motor Vehicles in Transport	No	No Controls	2	0	No Injury	NA	41.83325	-71.42531	FALSE	FALSE	Orms Street and Bath Street, Providence, RI, USA	Med High	Raw	NA	FALSE	41.83325	-71.42531	2016	April	Smith Hill	12	440070025001002
1986	2016-04-11	379614	13:00:00	Pedestrian	1	NA	FALSE	FALSE	1	HOLDEN ST	SMITH ST	2016-04-11	Two-Way , Not Divided	Dry	Daylight	Clear	Not a Collision Between Two Motor Vehicles in Transport	No	No Controls	2	1	Pain Reported	NA	41.83221	-71.41802	FALSE	FALSE	Holden Street and Smith Street, Providence, RI, USA	Med High	Raw	NA	FALSE	41.83221	-71.41802	2016	April	Smith Hill	12	440070026001008
1984	2016-04-12	380897	21:44:00	Pedestrian	1	NA	FALSE	FALSE	1	244 UNION AVE	PRISCILLA AVE	2016-04-12	Two-Way, Divided, Unprotected (painted>4feet) Medium	Dry	Dark - Lighted	Clear	Not a Collision Between Two Motor Vehicles in Transport	No	No Controls	2	1	Pain Reported	NA	41.80753	-71.44486	TRUE	FALSE	244 Union Ave, Providence, RI, USA	High	Raw	NA	FALSE	41.80753	-71.44486	2016	April	Silver Lake	15	440070016022006
1985	2016-04-12	380921	22:06:00	Pedestrian	1	NA	FALSE	FALSE	1	BENEVOLENT ST	BENEFIT ST	2016-04-12	Two-Way , Not Divided	Dry	Dark - Lighted	Cloudy	Other	No	No Controls	2	1	Non-Incapacitating	2	41.82453	-71.40549	FALSE	FALSE	Benevolent Street and Benefit Street, Providence, RI, USA	Med High	Raw	NA	FALSE	41.82453	-71.40549	2016	April	College Hill	2	440070036021003
1983	2016-04-15	382676	07:21:00	Pedestrian	1	NA	FALSE	FALSE	1	HARTFORD AVENUE	BOWLETT STREET	2016-04-15	Two-Way , Not Divided	Dry	Daylight	Clear	Angle - Direction Not Specified	Yes	Flashing Traffic Control Signal	3	1	Pain Reported	2	41.81907	-71.46225	FALSE	FALSE	Hartford Avenue and Bowlett Street, Providence, RI, USA	Med High	Raw	NA	FALSE	41.81907	-71.46225	2016	April	Hartford	7	440070018001017
1982	2016-04-16	384175	22:23:00	Pedestrian	1	NA	FALSE	FALSE	1	176 Manton Ave	NA	2016-04-18	Two-Way , Not Divided	Dry	Dark - Lighted	Clear	Not a Collision Between Two Motor Vehicles in Transport	Yes	No Controls	1	1	Pain Reported	NA	41.82017	-71.44693	TRUE	TRUE	176 Manton Ave, Providence, RI, USA	High	Raw	NA	FALSE	41.82017	-71.44693	2016	April	Olneyville	15	440070019002002
1980	2016-04-17	384040	14:30:00	Pedestrian	1	NA	FALSE	FALSE	1	OAKLAND AVE	CHALKSTONE AVE	2016-04-17	Two-Way, Divided, Unprotected (painted>4feet) Medium	Dry	Daylight	Clear	Rear End(Front-to-Rear)	No	Traffic Control Signal	4	1	Pain Reported	NA	41.83421	-71.43024	FALSE	FALSE	Oakland Ave and Chalkstone Ave, Providence, RI, USA	Med High	Raw	NA	FALSE	41.83421	-71.43024	2016	April	Elmhurst	12	440070025001007
1981	2016-04-17	384722	19:40:00	Pedestrian	1	NA	FALSE	FALSE	1	WESTMINSTER ST	MESSER ST	2016-04-18	Two-Way, Divided, Unprotected (painted>4feet) Medium	Dry	Dark - Lighted	Clear	Not a Collision Between Two Motor Vehicles in Transport	Yes	No Controls	1	1	Pain Reported	NA	41.81586	-71.43704	FALSE	FALSE	Westminster Street and Messer Street, Providence, RI, USA	Med High	Raw	NA	FALSE	41.81586	-71.43704	2016	April	West End	13	440070010002009
1978	2016-04-18	384387	10:00:00	Pedestrian	1	NA	FALSE	FALSE	1	EMPIRE ST	WASHINGTON ST	2016-04-18	Two-Way , Not Divided	Dry	Daylight	Clear	Not a Collision Between Two Motor Vehicles in Transport	No	Traffic Control Signal	3	1	Pain Reported	NA	41.82184	-71.41647	FALSE	FALSE	Empire Street and Washington Street, Providence, RI, USA	Med High	Raw	NA	FALSE	41.82184	-71.41647	2016	April	Downtown	1	440070008001072
1979	2016-04-18	384714	16:39:00	Bicycle	NA	1	FALSE	FALSE	1	ELMWOOD AVE	DABOLL ST	2016-04-18	Two-Way, Divided, Unprotected (painted>4feet) Medium	Dry	Daylight	Clear	Not a Collision Between Two Motor Vehicles in Transport	No	No Controls	2	1	Pain Reported	NA	41.80414	-71.42557	FALSE	FALSE	Elmwood Ave and Daboll Street, Providence, RI, USA	Med High	Raw	NA	FALSE	41.80414	-71.42557	2016	April	West End	9	440070003023003
1977	2016-04-19	385069	08:11:00	Bicycle	NA	1	FALSE	FALSE	1	Cypress St	KNOWLES ST	2016-04-19	Two-Way, Divided, Unprotected (painted>4feet) Medium	Dry	Daylight	Clear	Angle (Front - to - Side) Right Angle (Includes Broadside)	No	No Controls	2	1	Non-Incapacitating	NA	41.8422	-71.40482	FALSE	FALSE	Cypress Street and Knowles Street, Providence, RI, USA	Med High	Raw	NA	FALSE	41.8422	-71.40482	2016	April	Mount Hope	3	440070032004015
1976	2016-04-20	385226	08:08:00	Pedestrian	1	NA	FALSE	FALSE	1	Dudley st	PLAIN ST	2016-04-20	Two-Way , Not Divided	Dry	Daylight	Clear	Not a Collision Between Two Motor Vehicles in Transport	No	No Controls	3	1	Pain Reported	NA	41.81028	-71.41081	FALSE	FALSE	Dudley Street and Plain Street, Providence, RI, USA	Med High	Raw	NA	FALSE	41.81028	-71.41081	2016	April	Upper South Providence	11	440070006001065
1975	2016-04-22	386732	12:33:00	Bicycle	NA	1	FALSE	FALSE	1	CALLA ST	F C GREENE PARKWAY	2016-04-23	Two-Way , Not Divided	Dry	Daylight	Clear	Not a Collision Between Two Motor Vehicles in Transport	No	No Controls	2	1	Pain Reported	NA	41.78722	-71.41179	FALSE	FALSE	Calla Street and F C Greene Parkway, Providence, RI, USA	Med	Raw	distance greater than 100m	TRUE	41.78722	-71.41179	2016	April	South Elmwood	10	440070001023017
1974	2016-04-23	387460	20:08:00	Pedestrian	1	NA	FALSE	FALSE	1	Adelaide Ave	Broad St	2016-04-24	Two-Way , Not Divided	Dry	Dark - Lighted	Clear	Not a Collision Between Two Motor Vehicles in Transport	No	Pavement Markings	3	1	Pain Reported	NA	41.79885	-71.41548	FALSE	FALSE	Adelaide Ave and Broad Street, Providence, RI, USA	Med High	Raw	NA	FALSE	41.79885	-71.41548	2016	April	Elmwood	9	440070005002007
1973	2016-04-24	387209	09:40:00	Bicycle	NA	1	FALSE	FALSE	1	Broadway	Dean Street	2016-04-24	Two-Way , Not Divided	Dry	Daylight	Clear	Other	No	Traffic Control Signal	3	1	Incapacitating	2	41.82139	-71.42257	FALSE	FALSE	Broadway and Dean Street, Providence, RI, USA	Med	Raw	NA	FALSE	41.82139	-71.42257	2016	April	Federal Hill	13	440070011001002
1972	2016-04-26	388357	15:10:00	Pedestrian	1	NA	FALSE	FALSE	1	OXFORD ST	PRAIRIE AVE	2016-04-26	Two-Way , Not Divided	Wet	Daylight	Cloudy	Not a Collision Between Two Motor Vehicles in Transport	No	Stop Signs	3	1	Pain Reported	2	41.80158	-71.41313	FALSE	FALSE	Oxford Street and Prairie Ave, Providence, RI, USA	Med High	Raw	NA	FALSE	41.80158	-71.41313	2016	April	Lower South Providence	10	440070004003008
1971	2016-04-27	388812	13:05:00	Bicycle	NA	1	FALSE	FALSE	1	Elmwood Avenue	Westfield Street	2016-04-27	Two-Way , Not Divided	Dry	Daylight	Clear	Not a Collision Between Two Motor Vehicles in Transport	No	Traffic Control Signal	2	1	Pain Reported	NA	41.81001	-71.42398	FALSE	FALSE	Elmwood Avenue and Westfield Street, Providence, RI, USA	Med High	Raw	NA	FALSE	41.81001	-71.42398	2016	April	West End	11	440070012003009
1970	2016-04-29	390145	17:05:00	Bicycle	NA	1	FALSE	FALSE	1	Olney St	HOPE ST	2016-04-29	Two-Way , Not Divided	Dry	Daylight	Cloudy	Not a Collision Between Two Motor Vehicles in Transport	No	No Controls	2	1	Pain Reported	2	41.83569	-71.40214	FALSE	FALSE	Olney Street and Hope Street, Providence, RI, USA	Med High	Raw	NA	FALSE	41.83569	-71.40214	2016	April	College Hill	2	440070031001009
1968	2016-05-02	391673	17:30:00	Bicycle	NA	1	FALSE	FALSE	1	SMITH ST	CHALKSTONE AVE	2016-05-02	Two-Way , Not Divided	Dry	Daylight	Cloudy	Not a Collision Between Two Motor Vehicles in Transport	No	No Controls	2	1	Pain Reported	2	41.83556	-71.42649	FALSE	FALSE	Smith Street and Chalkstone Ave, Providence, RI, USA	Med High	Raw	NA	FALSE	41.83556	-71.42649	2016	May	Smith Hill	12	440070026003014
1969	2016-05-02	391894	14:21:00	Bicycle	NA	1	FALSE	FALSE	1	610 MANTON AVE	RIDGEWAY AVE	2016-05-03	Two-Way , Not Divided	Wet	Daylight	Cloudy	Not a Collision Between Two Motor Vehicles in Transport	No	No Controls	3	1	Pain Reported	2	41.82722	-71.46094	TRUE	FALSE	610 Manton Ave, Providence, RI, USA	High	Raw	NA	FALSE	41.82722	-71.46094	2016	May	Manton	6	440070020002039
1967	2016-05-03	392336	13:00:00	Pedestrian	1	NA	FALSE	FALSE	1	CANAL ST	MILL ST	2016-05-03	Two-Way, Divided, Positive Median Barrier	Wet	Daylight	Rain	Not a Collision Between Two Motor Vehicles in Transport	No	Stop Signs	5	1	Pain Reported	NA	41.8323	-71.41095	FALSE	FALSE	Canal Street and Mill Street, Providence, RI, USA	Med High	Raw	distance greater than 100m	TRUE	41.8323	-71.41095	2016	May	Downtown	3	440070031003031
1966	2016-05-04	393180	16:36:00	Pedestrian	1	NA	FALSE	FALSE	1	GLENBRIDGE AVE	HARTFORD AVE	2016-05-04	Two-Way , Not Divided	Wet	Daylight	Rain	Not a Collision Between Two Motor Vehicles in Transport	Yes	No Controls	1	1	Pain Reported	NA	41.81928	-71.4614	FALSE	FALSE	Glenbridge Ave and Hartford Ave, Providence, RI, USA	Med High	Raw	NA	FALSE	41.81928	-71.4614	2016	May	Hartford	7	440070018002017
1965	2016-05-07	394356	09:00:00	Pedestrian	1	NA	FALSE	FALSE	1	WESTMINSTER ST	MESSER ST	2016-05-07	Two-Way , Not Divided	Wet	Daylight	Cloudy	Other	Yes	Pavement Markings	2	1	Pain Reported	3	41.81586	-71.43704	FALSE	FALSE	Westminster Street and Messer Street, Providence, RI, USA	Med High	Raw	NA	FALSE	41.81586	-71.43704	2016	May	West End	13	440070010002009
1964	2016-05-09	395848	17:57:00	Pedestrian	2	NA	FALSE	FALSE	1	WATERMAN ST	N MAIN ST	2016-05-09	Two-Way, Divided, Positive Median Barrier	Dry	Daylight	Clear	Not a Collision Between Two Motor Vehicles in Transport	No	No Controls	22	16	Pain Reported	NA	41.82694	-71.4087	FALSE	FALSE	Waterman Street and N Main Street, Providence, RI, USA	Med	Raw	NA	FALSE	41.82694	-71.4087	2016	May	Downtown	2	440070036023021
1963	2016-05-10	396202	13:20:00	Pedestrian	1	NA	FALSE	FALSE	1	1270 BROAD ST	BROAD ST	2016-05-10	Two-Way, Divided, Unprotected (painted>4feet) Medium	Dry	Daylight	Clear	Not a Collision Between Two Motor Vehicles in Transport	Yes	No Controls	2	1	Incapacitating	NA	41.792	-71.40696	TRUE	FALSE	1270 Broad Street, Providence, RI, USA	High	Raw	NA	FALSE	41.792	-71.40696	2016	May	Washington Park	10	440070001021010
1961	2016-05-11	396766	16:00:00	Bicycle	NA	1	FALSE	FALSE	1	CALLA ST	BROAD ST	2016-05-11	Two-Way , Not Divided	Dry	Daylight	Clear	Angle (Front - to - Side) Right Angle (Includes Broadside)	No	No Controls	2	1	Non-Incapacitating	NA	41.78984	-71.40486	FALSE	FALSE	Calla Street and Broad Street, Providence, RI, USA	Med High	Raw	NA	FALSE	41.78984	-71.40486	2016	May	Washington Park	10	440070001021012
1962	2016-05-11	396852	14:54:00	Pedestrian	1	NA	FALSE	FALSE	1	LESTER ST	HARRISON ST	2016-05-11	Two-Way , Not Divided	Dry	Daylight	Clear	Not a Collision Between Two Motor Vehicles in Transport	Yes	No Controls	1	1	Pain Reported	NA	41.81253	-71.4284	FALSE	FALSE	Lester Street and Harrison Street, Providence, RI, USA	Med High	Raw	NA	FALSE	41.81253	-71.4284	2016	May	West End	11	440070012002011
1958	2016-05-12	397364	07:32:00	Bicycle	NA	1	FALSE	FALSE	1	WASHINGTON ST	WINTER ST	2016-05-12	Two-Way , Not Divided	Dry	Daylight	Clear	Angle (Front - to - Side) Right Angle (Includes Broadside)	No	Stop Signs	3	1	Pain Reported	NA	41.81809	-71.4225	FALSE	FALSE	Washington Street and Winter Street, Providence, RI, USA	Med	Raw	NA	FALSE	41.81809	-71.4225	2016	May	Federal Hill	13	440070011002012
1959	2016-05-12	397661	16:18:00	Other	NA	NA	TRUE	FALSE	2	WESTMINSTER ST	BOUGH ST	2016-05-12	Two-Way , Not Divided	Dry	Daylight	Clear	Rear End(Front-to-Rear)	Yes	No Controls	5	0	No Injury	3	41.8166	-71.44189	FALSE	FALSE	Westminster Street and Bough Street, Providence, RI, USA	Med High	Raw	NA	FALSE	41.8166	-71.44189	2016	May	Olneyville	15	440070019002013
1960	2016-05-12	397707	15:45:00	Pedestrian	2	NA	FALSE	FALSE	1	WEST EXCHANGE STREET	W EXCHANGE ST EXIT 22A	2016-05-12	Two-Way , Not Divided	Dry	Daylight	Clear	Other	No	No Controls	4	2	Pain Reported	2	41.82484	-71.41645	FALSE	FALSE	West Exchange Street and W Exchange Street Exit 22a, Providence, RI, USA	Med	Raw	distance greater than 100m	TRUE	41.82484	-71.41645	2016	May	Downtown	1	440070008001049
1957	2016-05-14	399180	22:11:00	Pedestrian	1	NA	FALSE	FALSE	1	BROAD ST	Summer ST	2016-05-15	Two-Way, Divided, Unprotected (painted>4feet) Medium	Dry	Dark - Lighted	Clear	Not a Collision Between Two Motor Vehicles in Transport	No	Traffic Control Signal	3	1	Pain Reported	NA	41.81638	-71.41914	FALSE	FALSE	Broad Street and Summer Street, Providence, RI, USA	Med High	Raw	distance greater than 100m	TRUE	41.81638	-71.41914	2016	May	Upper South Providence	11	440070007003003
1956	2016-05-17	401711	10:10:00	Bicycle	NA	1	FALSE	FALSE	1	WASHINGTON ST	UNION ST	2016-05-18	Two-Way, Divided, Unprotected (painted>4feet) Medium	Dry	Daylight	Clear	Sideswipe, Same Direction	No	No Controls	6	1	Pain Reported	NA	41.8236	-71.414	FALSE	FALSE	Washington Street and Union Street, Providence, RI, USA	Med	Raw	NA	FALSE	41.8236	-71.414	2016	May	Downtown	1	440070008001057
1955	2016-05-18	401720	07:47:00	Bicycle	NA	1	FALSE	FALSE	1	UNION AVE	ALTHEA ST	2016-05-18	Two-Way, Divided, Unprotected (painted>4feet) Medium	Dry	Daylight	Clear	Sideswipe, Same Direction	Yes	No Controls	1	0	No Injury	NA	41.8093	-71.43837	FALSE	FALSE	Union Ave and Althea Street, Providence, RI, USA	Med	Raw	NA	FALSE	41.8093	-71.43837	2016	May	West End	13	440070013003007
1954	2016-05-22	404304	11:04:00	Bicycle	NA	1	FALSE	FALSE	1	BRANCH AVE	HAWKINS ST	2016-05-25	Two-Way, Divided, Unprotected (painted>4feet) Medium	Dry	Daylight	Clear	Other	No	Traffic Control Signal	3	1	Pain Reported	NA	41.85103	-71.42174	FALSE	FALSE	Branch Ave and Hawkins Street, Providence, RI, USA	Med High	Raw	NA	FALSE	41.85103	-71.42174	2016	May	Charles	4	440070029005031
1953	2016-05-23	403612	15:16:00	Bicycle	1	NA	FALSE	FALSE	1	OAKLAND AVE	SMITH ST	2016-05-23	Two-Way, Divided, Unprotected (painted>4feet) Medium	Dry	Daylight	Clear	Not a Collision Between Two Motor Vehicles in Transport	Yes	Traffic Control Signal	1	0	No Injury	NA	41.83623	-71.43046	FALSE	FALSE	Oakland Ave and Smith Street, Providence, RI, USA	Med High	Raw	NA	FALSE	41.83623	-71.43046	2016	May	Elmhurst	12	440070026003013
1951	2016-05-25	404343	14:25:00	Pedestrian	1	NA	FALSE	FALSE	1	139 Elmdale Ave	TERRACE AVE	2016-05-25	Unknown	Dry	Daylight	Clear	Other	No	No Controls	6	1	Non-Incapacitating	NA	41.80702	-71.44949	TRUE	FALSE	139 Elmdale Ave, Providence, RI, USA	High	Raw	NA	FALSE	41.80702	-71.44949	2016	May	Silver Lake	15	440070016023005
1952	2016-05-25	404596	20:12:00	Bicycle	NA	NA	FALSE	FALSE	2	HARTFORD AVE	GLENBRIDGE AVE	2016-05-25	Two-Way, Divided, Unprotected (painted>4feet) Medium	Dry	Dusk	Clear	Angle (Front - to - Side) Right Angle (Includes Broadside)	Yes	Traffic Control Signal	2	0	No Injury	NA	41.81898	-71.46158	FALSE	FALSE	Hartford Ave and Glenbridge Ave, Providence, RI, USA	Med High	Raw	NA	FALSE	41.81898	-71.46158	2016	May	Hartford	7	440070018001017
1949	2016-05-26	404945	17:49:00	Pedestrian	1	NA	FALSE	FALSE	1	VALLEY ST	HEMLOCK ST	2016-05-26	Two-Way, Not Divided With a Continuous Left Turn Lane	Dry	Daylight	Clear	Angle (Front - to - Side) Right Angle (Includes Broadside)	No	Stop Signs	3	1	Pain Reported	NA	41.83044	-71.43051	FALSE	FALSE	Valley Street and Hemlock Street, Providence, RI, USA	Med High	Raw	NA	FALSE	41.83044	-71.43051	2016	May	Valley	12	440070022001001
1950	2016-05-26	406081	12:05:00	Bicycle	NA	1	FALSE	FALSE	1	PLAINFIELD ST	DUXBURY ST	2016-05-27	Two-Way , Not Divided	Dry	Daylight	Clear	Not a Collision Between Two Motor Vehicles in Transport	No	No Controls	2	1	Pain Reported	NA	41.81211	-71.46161	FALSE	FALSE	Plainfield Street and Duxbury Street, Providence, RI, USA	Med High	Raw	NA	FALSE	41.81211	-71.46161	2016	May	Silver Lake	7	440070018006026
1948	2016-05-27	406167	15:45:00	Pedestrian	1	NA	FALSE	FALSE	1	PROMENADE ST	RATHBONE ST	2016-05-27	One-Way Trafficway	Dry	Daylight	Clear	Not a Collision Between Two Motor Vehicles in Transport	No	No Controls	3	1	Pain Reported	NA	41.82896	-71.42812	FALSE	FALSE	Promenade Street and Rathbone Street, Providence, RI, USA	Med High	Raw	NA	FALSE	41.82896	-71.42812	2016	May	Valley	12	440070025003012
1946	2016-05-28	406299	10:01:00	Bicycle	NA	1	FALSE	FALSE	1	356 WICKENDEN STREET	ANN ST	2016-05-28	Two-Way , Not Divided	Dry	Daylight	Clear	Sideswipe, Same Direction	No	No Controls	3	1	Non-Incapacitating	2	41.81959	-71.39618	TRUE	FALSE	356 Wickenden Street, Providence, RI, USA	High	Raw	NA	FALSE	41.81959	-71.39618	2016	May	Fox Point	1	440070037003017
1947	2016-05-28	406420	22:20:00	Bicycle	NA	1	FALSE	FALSE	1	Douglas Ave	Branch Ave	2016-05-28	Two-Way , Not Divided	Dry	Dark - Lighted	Clear	Not a Collision Between Two Motor Vehicles in Transport	No	Stop Signs	2	1	Pain Reported	NA	41.85536	-71.4411	FALSE	FALSE	Douglas Ave and Branch Ave, Providence, RI, USA	Med High	Raw	NA	FALSE	41.85536	-71.4411	2016	May	Wanskuck	14	440070028021010
1945	2016-05-29	406455	01:53:00	Pedestrian	1	NA	FALSE	FALSE	1	FRIENDSHIP ST	RICHMOND ST	2016-05-29	One-Way Trafficway	Dry	Dark - Lighted	Clear	Not a Collision Between Two Motor Vehicles in Transport	No	No Controls	2	1	Pain Reported	2	41.81998	-71.41139	FALSE	FALSE	Friendship Street and Richmond Street, Providence, RI, USA	Med High	Raw	NA	FALSE	41.81998	-71.41139	2016	May	Downtown	1	440070008003066
1941	2016-06-01	407894	13:02:00	Bicycle	NA	1	FALSE	FALSE	1	OAKLAND AVE	CHALKSTONE AVE	2016-06-01	Two-Way , Not Divided	Dry	Daylight	Clear	Not a Collision Between Two Motor Vehicles in Transport	No	No Controls	3	1	Non-Incapacitating	2	41.83419	-71.43024	FALSE	FALSE	Oakland Ave and Chalkstone Ave, Providence, RI, USA	Med High	Raw	NA	FALSE	41.83419	-71.43024	2016	June	Elmhurst	12	440070025001007
1942	2016-06-01	407952	16:50:00	Bicycle	NA	1	FALSE	FALSE	1	EXCHANGE TERR	FRANCIS ST	2016-06-01	One-Way Trafficway	Dry	Daylight	Clear	Not a Collision Between Two Motor Vehicles in Transport	No	No Controls	3	1	Pain Reported	NA	41.82504	-71.41476	FALSE	FALSE	Exchange Terr and Francis Street, Providence, RI, USA	Med	Raw	NA	FALSE	41.82504	-71.41476	2016	June	Downtown	1	440070008001042
1943	2016-06-01	408009	19:17:00	Bicycle	NA	1	FALSE	FALSE	1	CHATHAM ST	BRANCH AVE	2016-06-01	Two-Way , Not Divided	Dry	Daylight	Clear	Angle (Front - to - Side) Right Angle (Includes Broadside)	No	No Controls	3	1	Pain Reported	NA	41.84872	-71.41661	FALSE	FALSE	Chatham Street and Branch Ave, Providence, RI, USA	Med High	Raw	NA	FALSE	41.84872	-71.41661	2016	June	Charles	4	440070029003023
1944	2016-06-01	408181	12:43:00	Pedestrian	1	NA	FALSE	FALSE	1	ZONE ST	ORMS ST	2016-06-02	One-Way Trafficway	Dry	Daylight	Clear	Other	No	No Controls	3	0	No Injury	1	41.83294	-71.42702	FALSE	FALSE	Zone Street and Orms Street, Providence, RI, USA	Med High	Raw	NA	FALSE	41.83294	-71.42702	2016	June	Smith Hill	12	440070025001009
1940	2016-06-02	408292	14:23:00	Bicycle	NA	1	FALSE	FALSE	1	UNION AVE	WEBSTER AVE	2016-06-02	Two-Way, Divided, Unprotected (painted>4feet) Medium	Dry	Daylight	Clear	Not a Collision Between Two Motor Vehicles in Transport	No	Traffic Control Signal	4	1	Pain Reported	NA	41.80683	-71.44755	FALSE	FALSE	Union Ave and Webster Ave, Providence, RI, USA	Med	Raw	NA	FALSE	41.80683	-71.44755	2016	June	Silver Lake	15	440070016022005
1939	2016-06-05	410923	07:58:00	Other	1	NA	FALSE	TRUE	1	BROAD ST	SERVICE ROAD 7	2016-06-08	One-Way Trafficway	Dry	Daylight	Clear	Other	No	Traffic Control Signal	3	1	Pain Reported	NA	41.81736	-71.41696	FALSE	FALSE	Broad Street and Service Road 7, Providence, RI, USA	Med	Raw	NA	FALSE	41.81736	-71.41696	2016	June	Upper South Providence	11	440070007003001
1936	2016-06-06	409396	07:45:00	Bicycle	NA	1	FALSE	FALSE	1	Wickenden St	BROOK ST	2016-06-06	Two-Way , Not Divided	Dry	Daylight	Clear	Angle (Front - to - Side) Opposite Direction	No	Traffic Control Signal	5	1	Incapacitating	NA	41.81948	-71.39826	FALSE	FALSE	Wickenden Street and Brook Street, Providence, RI, USA	Med High	Raw	NA	FALSE	41.81948	-71.39826	2016	June	Fox Point	1	440070037003017
1937	2016-06-06	409656	15:09:00	Bicycle	NA	1	FALSE	FALSE	1	116 ORANGE ST	NA	2016-06-06	Two-Way , Not Divided	Dry	Daylight	Clear	Not a Collision Between Two Motor Vehicles in Transport	No	No Controls	4	1	Pain Reported	NA	41.82238	-71.40897	TRUE	TRUE	116 Orange Street, Providence, RI, USA	High	Raw	NA	FALSE	41.82238	-71.40897	2016	June	Downtown	1	440070008003049
1938	2016-06-06	409972	17:32:00	Bicycle	NA	1	FALSE	FALSE	1	CARPENTER ST	BATTEY ST	2016-06-06	Two-Way , Not Divided	Dry	Daylight	Clear	Not a Collision Between Two Motor Vehicles in Transport	No	Stop Signs	2	0	No Injury	NA	41.81935	-71.42491	FALSE	FALSE	Carpenter Street and Battey Street, Providence, RI, USA	Med High	Raw	NA	FALSE	41.81935	-71.42491	2016	June	Federal Hill	13	440070011002006
1935	2016-06-08	410896	16:48:00	Pedestrian	1	NA	FALSE	FALSE	1	PARK ROW	N MAIN ST	2016-06-08	One-Way Trafficway	Dry	Daylight	Cloudy	Not a Collision Between Two Motor Vehicles in Transport	Yes	Stop Signs	2	1	Pain Reported	NA	41.82865	-71.40964	FALSE	FALSE	Park Row and N Main Street, Providence, RI, USA	Med	Raw	NA	FALSE	41.82865	-71.40964	2016	June	College Hill	1	440070036023015
1932	2016-06-10	411801	17:53:00	Pedestrian	1	NA	FALSE	FALSE	1	993 MANTON AVE	NA	2016-06-10	Two-Way , Not Divided	Dry	Daylight	Clear	Not a Collision Between Two Motor Vehicles in Transport	No	No Controls	3	1	Pain Reported	2	41.8332	-71.46984	TRUE	TRUE	993 Manton Ave, Providence, RI, USA	High	Raw	distance greater than 100m	TRUE	41.8332	-71.46984	2016	June	Manton	6	440070020002024
1933	2016-06-10	411873	19:47:00	Bicycle	NA	1	FALSE	FALSE	1	Prairie Ave	Public St	2016-06-10	Two-Way , Not Divided	Dry	Daylight	Clear	Not a Collision Between Two Motor Vehicles in Transport	Yes	No Controls	1	1	Pain Reported	NA	41.8056	-71.41483	FALSE	FALSE	Prairie Ave and Public Street, Providence, RI, USA	Med High	Raw	NA	FALSE	41.8056	-71.41483	2016	June	Upper South Providence	11	440070004002008
1934	2016-06-10	412338	22:14:00	Bicycle	NA	1	FALSE	FALSE	1	BRANCH AVE	MOY ST	2016-06-11	Two-Way , Not Divided	Dry	Dark - Not Lighted	Clear	Not a Collision Between Two Motor Vehicles in Transport	Yes	No Controls	1	1	Pain Reported	NA	41.85486	-71.43605	FALSE	FALSE	Branch Ave and Moy Street, Providence, RI, USA	Med High	Raw	NA	FALSE	41.85486	-71.43605	2016	June	Wanskuck	4	440070028021011