row_number	crash_date	crash_report_id	crash_time	collision_type	count_pedestrian	count_bicycle	scooter	wheel_chair	number_of_vehicles	street_or_highway	nearest_intersection	report_date	type_of_roadway	road_surface_condition	light_condition	weather_condition	manner_of_impact	hit_and_run	traffic_control	person_count	injury_count	most_serious_injury	number_of_lanes	lat_raw	lon_raw	has_st_number	is_intersection_null	address_sent_to_geocoder	api_coord_conf	best_coordinate_set	reason_for_qa	manually_qaed_record	final_lat	final_lon	year	month	pvd_nhood	pvd_wards	geoid20
1871	2016-08-23	446764	12:36:00	Pedestrian	1	NA	FALSE	FALSE	1	Chalkstone Ave	ACADEMY AVE	2016-08-23	Two-Way , Not Divided	Dry	Daylight	Clear	Not a Collision Between Two Motor Vehicles in Transport	No	No Controls	5	1	Pain Reported	2	41.83242	-71.44438	FALSE	FALSE	Chalkstone Ave and Academy Ave, Providence, RI, USA	Med High	Raw	NA	FALSE	41.83242	-71.44438	2016	August	Mount Pleasant	6	440070023003006
1869	2016-08-24	447187	13:28:00	Pedestrian	1	NA	FALSE	FALSE	1	BOWDOIN ST	KOSSUTH ST	2016-08-24	Two-Way , Not Divided	Dry	Daylight	Clear	Not a Collision Between Two Motor Vehicles in Transport	No	No Controls	3	1	Pain Reported	NA	41.82252	-71.44316	FALSE	FALSE	Bowdoin Street and Kossuth Street, Providence, RI, USA	Med High	Raw	NA	FALSE	41.82252	-71.44316	2016	August	Olneyville	15	440070019006011
1870	2016-08-24	447369	08:14:00	Pedestrian	1	NA	FALSE	FALSE	1	WASHINGTON ST	EAST APPROACH	2016-08-24	One-Way Trafficway	Dry	Daylight	Clear	Not a Collision Between Two Motor Vehicles in Transport	No	No Controls	5	1	Fatal	NA	41.82465	-71.41247	FALSE	FALSE	Washington Street and East Approach, Providence, RI, USA	Med	Raw	NA	FALSE	41.82465	-71.41247	2016	August	Downtown	1	440070008001050
1868	2016-08-26	447978	12:57:00	Bicycle	NA	1	FALSE	FALSE	1	CANAL ST	SMITH ST	2016-08-26	One-Way Trafficway	Dry	Daylight	Clear	Angle (Front - to - Side) Right Angle (Includes Broadside)	No	Traffic Control Signal	2	0	No Injury	NA	41.83142	-71.41134	FALSE	FALSE	Canal Street and Smith Street, Providence, RI, USA	Med	Raw	NA	FALSE	41.83142	-71.41134	2016	August	Downtown	3	440070031003033
1867	2016-08-27	449133	16:33:00	Bicycle	NA	1	FALSE	FALSE	1	OXFORD ST	LOUISA ST	2016-08-27	Two-Way , Not Divided	Dry	Daylight	Clear	Head-On (Front - to - Front)	No	No Controls	3	0	No Injury	2	41.80243	-71.40951	FALSE	FALSE	Oxford Street and Louisa Street, Providence, RI, USA	Med High	Raw	NA	FALSE	41.80243	-71.40951	2016	August	Lower South Providence	10	440070006002027
1866	2016-08-28	449368	18:04:00	Pedestrian	1	NA	FALSE	FALSE	1	Public St	GORDON AVE	2016-08-28	Two-Way , Not Divided	Dry	Daylight	Clear	Not a Collision Between Two Motor Vehicles in Transport	Yes	No Controls	2	1	Incapacitating	NA	41.80517	-71.41646	FALSE	FALSE	Public Street and Gordon Ave, Providence, RI, USA	Med High	Raw	NA	FALSE	41.80517	-71.41646	2016	August	Upper South Providence	11	440070004002007
1863	2016-08-30	449765	08:45:00	Pedestrian	1	NA	FALSE	FALSE	1	STEEPLE ST	CANAL ST	2016-08-30	One-Way Trafficway	Dry	Daylight	Clear	Not a Collision Between Two Motor Vehicles in Transport	No	Traffic Control Signal	2	1	Pain Reported	3	41.82719	-71.40988	FALSE	FALSE	Steeple Street and Canal Street, Providence, RI, USA	Med High	Raw	NA	FALSE	41.82719	-71.40988	2016	August	Downtown	1	440070008001022
1864	2016-08-30	449809	15:27:00	Bicycle	NA	1	FALSE	FALSE	1	WAITE ST	GENERAL ST	2016-08-30	Two-Way , Not Divided	Dry	Daylight	Clear	Not a Collision Between Two Motor Vehicles in Transport	No	Stop Signs	3	0	No Injury	NA	41.85356	-71.4408	FALSE	FALSE	Waite Street and General Street, Providence, RI, USA	Med High	Raw	NA	FALSE	41.85356	-71.4408	2016	August	Wanskuck	14	440070028011015
1865	2016-08-30	450145	23:09:00	Pedestrian	1	NA	FALSE	FALSE	1	SOUTH WATER ST	WILLIAMS ST	2016-08-31	Two-Way , Not Divided	Dry	Dark - Lighted	Clear	Other	Yes	No Controls	5	1	Incapacitating	2	41.82152	-71.40517	FALSE	FALSE	South Water Street and Williams Street, Providence, RI, USA	Med	Raw	distance greater than 100m	TRUE	41.82152	-71.40517	2016	August	Downtown	1	440070037002028
1858	2016-08-31	450264	10:43:00	Pedestrian	1	NA	FALSE	FALSE	1	WASHINGTON ST	EMPIRE ST	2016-08-31	Two-Way, Divided, Unprotected (painted>4feet) Medium	Dry	Daylight	Clear	Not a Collision Between Two Motor Vehicles in Transport	No	No Controls	3	1	Pain Reported	NA	41.82182	-71.41645	FALSE	FALSE	Washington Street and Empire Street, Providence, RI, USA	Med	Raw	NA	FALSE	41.82182	-71.41645	2016	August	Downtown	1	440070008001072
1859	2016-08-31	450273	13:00:00	Bicycle	NA	1	FALSE	FALSE	1	ABRAM ST	BRANCH AVE	2016-08-31	Two-Way , Not Divided	Dry	Daylight	Clear	Not a Collision Between Two Motor Vehicles in Transport	No	Other	2	1	Pain Reported	NA	41.85412	-71.4307	FALSE	FALSE	Abram Street and Branch Ave, Providence, RI, USA	Med High	Raw	NA	FALSE	41.85412	-71.4307	2016	August	Wanskuck	14	440070028021012
1860	2016-08-31	450504	15:33:00	Bicycle	NA	1	FALSE	FALSE	1	broad st	FOSTER ST	2016-08-31	Two-Way , Not Divided	Dry	Daylight	Clear	Not a Collision Between Two Motor Vehicles in Transport	No	No Controls	3	1	Pain Reported	NA	41.81878	-71.41549	FALSE	FALSE	Broad Street and Foster Street, Providence, RI, USA	Med	Raw	NA	FALSE	41.81878	-71.41549	2016	August	Downtown	1	440070008002008
1861	2016-08-31	450509	16:07:00	Bicycle	NA	1	FALSE	FALSE	1	157 WATERMAN STREET	NA	2016-08-31	One-Way Trafficway	Dry	Daylight	Clear	Not a Collision Between Two Motor Vehicles in Transport	No	No Controls	2	1	Pain Reported	NA	41.82762	-71.39503	TRUE	TRUE	157 Waterman Street, Providence, RI, USA	High	Raw	NA	FALSE	41.82762	-71.39503	2016	August	College Hill	1	440070036013000
1862	2016-08-31	450523	16:49:00	Bicycle	NA	1	FALSE	FALSE	1	S WATER ST	POWER STREET	2016-08-31	One-Way Trafficway	Dry	Daylight	Clear	Not a Collision Between Two Motor Vehicles in Transport	No	Other	5	1	Non-Incapacitating	NA	41.82239	-71.40603	FALSE	FALSE	S Water Street and Power Street, Providence, RI, USA	Med High	Raw	NA	FALSE	41.82239	-71.40603	2016	August	Downtown	1	440070037002030
1856	2016-09-01	450852	20:28:00	Bicycle	NA	1	FALSE	FALSE	1	CHALKSTONE AVE	CANTON ST	2016-09-01	Two-Way , Not Divided	Dry	Dark - Lighted	Clear	Not a Collision Between Two Motor Vehicles in Transport	No	Stop Signs	3	1	Pain Reported	NA	41.8323	-71.4425	FALSE	FALSE	Chalkstone Ave and Canton Street, Providence, RI, USA	Med High	Raw	NA	FALSE	41.8323	-71.4425	2016	September	Valley	6	440070023003004
1857	2016-09-01	450909	08:33:00	Bicycle	NA	1	FALSE	FALSE	1	ALEPPO ST	MANTON AVE	2016-09-02	Two-Way, Divided, Unprotected (painted>4feet) Medium	Wet	Daylight	Rain	Angle (Front - to - Side) Right Angle (Includes Broadside)	No	No Controls	3	1	Non-Incapacitating	NA	41.81968	-71.44739	FALSE	FALSE	Aleppo Street and Manton Ave, Providence, RI, USA	Med High	Raw	distance greater than 100m	TRUE	41.81968	-71.44739	2016	September	Olneyville	15	440070019003028
1855	2016-09-03	451810	16:06:00	Pedestrian	1	NA	FALSE	FALSE	1	ELMWOOD AVE	EXIT 17	2016-09-03	One-Way Trafficway	Dry	Daylight	Clear	Not a Collision Between Two Motor Vehicles in Transport	Yes	Traffic Control Signal	2	1	Pain Reported	NA	41.78853	-71.42091	FALSE	FALSE	Elmwood Ave and Exit 17, Providence, RI, USA	Med	Raw	distance greater than 100m	TRUE	41.78853	-71.42091	2016	September	Elmwood	8	440070002005011
1853	2016-09-04	452267	16:02:00	Other	NA	NA	FALSE	TRUE	1	HARTFORD AV	IDA ST	2016-09-04	Two-Way , Not Divided	Dry	Daylight	Clear	Other	Yes	No Controls	3	1	Pain Reported	2	41.81835	-71.4574	FALSE	FALSE	Hartford Av and Ida Street, Providence, RI, USA	Med High	Raw	NA	FALSE	41.81835	-71.4574	2016	September	Hartford	7	440070018002012
1854	2016-09-04	452357	22:23:00	Pedestrian	1	NA	FALSE	FALSE	1	MEMORIAL BLVD	FRANCIS ST	2016-09-05	Two-Way, Divided, Positive Median Barrier	Dry	Dark - Lighted	Clear	Other	Yes	Pavement Markings	5	1	Incapacitating	6	41.82582	-71.4151	FALSE	FALSE	Memorial Blvd and Francis Street, Providence, RI, USA	Med High	Raw	NA	FALSE	41.82582	-71.4151	2016	September	Downtown	1	440070008001041
1852	2016-09-06	453227	19:03:00	Bicycle	NA	1	FALSE	FALSE	1	Dorrance st	PINE ST	2016-09-06	Two-Way , Not Divided	Wet	Daylight	Cloudy	Not a Collision Between Two Motor Vehicles in Transport	No	No Controls	3	1	Pain Reported	NA	41.82239	-71.4101	FALSE	FALSE	Dorrance Street and Pine Street, Providence, RI, USA	Med High	Raw	NA	FALSE	41.82239	-71.4101	2016	September	Downtown	1	440070008003047
1851	2016-09-08	454138	16:16:00	Pedestrian	1	NA	FALSE	FALSE	1	Hope St.	Cypress St.	2016-09-08	Two-Way , Not Divided	Dry	Daylight	Clear	Not a Collision Between Two Motor Vehicles in Transport	Yes	Traffic Control Signal	3	1	Non-Incapacitating	NA	41.84102	-71.39899	FALSE	FALSE	Hope St. and Cypress St., Providence, RI, USA	Med High	Raw	NA	FALSE	41.84102	-71.39899	2016	September	Mount Hope	3	440070032002013
1848	2016-09-12	455626	07:37:00	Pedestrian	1	NA	FALSE	FALSE	1	Hartford Ave	Bowlet Street	2016-09-12	Two-Way, Divided, Unprotected (painted>4feet) Medium	Dry	Daylight	Clear	Other	No	No Controls	4	1	Pain Reported	NA	41.81907	-71.46227	FALSE	FALSE	Hartford Ave and Bowlet Street, Providence, RI, USA	Med High	Raw	NA	FALSE	41.81907	-71.46227	2016	September	Hartford	7	440070018001016
1849	2016-09-12	455693	16:06:00	Bicycle	NA	1	FALSE	FALSE	1	POTTERS AVE	NINIGRET AVE	2016-09-12	Two-Way , Not Divided	Dry	Daylight	Clear	Not a Collision Between Two Motor Vehicles in Transport	No	No Controls	3	1	Pain Reported	NA	41.80466	-71.43675	FALSE	FALSE	Potters Ave and Ninigret Ave, Providence, RI, USA	Med High	Raw	NA	FALSE	41.80466	-71.43675	2016	September	West End	8	440070014004003
1850	2016-09-12	455701	17:30:00	Pedestrian	1	NA	FALSE	FALSE	1	Hartford Ave	HARTFORD AVE	2016-09-12	Two-Way , Not Divided	Dry	Daylight	Clear	Other	No	No Controls	4	1	Pain Reported	NA	41.81727	-71.44995	FALSE	FALSE	Hartford Ave and Hartford Ave, Providence, RI, USA	Med	Raw	distance greater than 100m	TRUE	41.81727	-71.44995	2016	September	Hartford	7	440070018002020
1845	2016-09-13	455890	08:53:00	Bicycle	NA	1	FALSE	FALSE	1	FOUNTAIN ST	FRANCIS ST	2016-09-13	One-Way Trafficway	Dry	Daylight	Clear	Not a Collision Between Two Motor Vehicles in Transport	No	Traffic Control Signal	5	1	Pain Reported	NA	41.82481	-71.41469	FALSE	FALSE	Fountain Street and Francis Street, Providence, RI, USA	Med	Raw	distance greater than 100m	TRUE	41.82481	-71.41469	2016	September	Downtown	1	440070008001052
1846	2016-09-13	456214	16:54:00	Pedestrian	1	NA	FALSE	FALSE	1	ANGELL ST	WAYLAND AVE	2016-09-13	Two-Way, Divided, Unprotected (painted>4feet) Medium	Dry	Daylight	Clear	Not a Collision Between Two Motor Vehicles in Transport	No	Traffic Control Signal	3	1	Incapacitating	NA	41.83015	-71.38792	FALSE	FALSE	Angell Street and Wayland Ave, Providence, RI, USA	Med High	Raw	NA	FALSE	41.83015	-71.38792	2016	September	Wayland	1	440070035001012
1847	2016-09-13	456274	23:00:00	Pedestrian	1	NA	FALSE	FALSE	1	webster ave	STERLING AVE	2016-09-14	Two-Way , Not Divided	Dry	Dark - Lighted	Clear	Not a Collision Between Two Motor Vehicles in Transport	Yes	Stop Signs	1	1	Pain Reported	NA	41.81036	-71.44923	FALSE	FALSE	Webster Ave and Sterling Ave, Providence, RI, USA	Med High	Raw	NA	FALSE	41.81036	-71.44923	2016	September	Silver Lake	15	440070016022000
1841	2016-09-14	456353	08:54:00	Pedestrian	1	NA	FALSE	FALSE	1	BROAD ST	JOHN PARTINGTON WAY	2016-09-14	Two-Way , Not Divided	Dry	Daylight	Clear	Not a Collision Between Two Motor Vehicles in Transport	No	Traffic Control Signal	2	0	No Injury	NA	41.81736	-71.41696	FALSE	FALSE	Broad Street and John Partington Way, Providence, RI, USA	Med	Raw	distance greater than 100m	TRUE	41.81736	-71.41696	2016	September	Upper South Providence	11	440070007003001
1842	2016-09-14	456508	14:59:00	Pedestrian	1	NA	FALSE	FALSE	1	FRANCIS STREET	AMERICAN EXPRESS PLZ	2016-09-14	Two-Way, Divided, Unprotected (painted>4feet) Medium	Dry	Daylight	Clear	Angle (Front - to - Side) Right Angle (Includes Broadside)	Yes	Traffic Control Signal	3	1	Pain Reported	NA	41.82741	-71.41541	FALSE	FALSE	Francis Street and American Express Plz, Providence, RI, USA	Med	Raw	distance greater than 100m	TRUE	41.82741	-71.41541	2016	September	Downtown	12	440070008001013
1843	2016-09-14	456617	18:19:00	Pedestrian	1	NA	FALSE	FALSE	1	N MAIN ST	N MAIN ST	2016-09-14	Two-Way , Not Divided	Dry	Dusk	Clear	Angle - Direction Not Specified	No	No Controls	3	1	Pain Reported	NA	41.85331	-71.40104	FALSE	FALSE	N Main Street and N Main Street, Providence, RI, USA	Med	Raw	distance greater than 100m	TRUE	41.85331	-71.40104	2016	September	Hope	3	440070033004022
1844	2016-09-14	456887	21:05:00	Pedestrian	1	NA	FALSE	FALSE	1	MEMORIAL BLVD	COLLEGE ST	2016-09-14	Two-Way, Divided, Unprotected (painted>4feet) Medium	Dry	Dark - Lighted	Clear	Other	No	Pavement Markings	4	1	Incapacitating	4	41.82538	-71.40886	FALSE	FALSE	Memorial Blvd and College Street, Providence, RI, USA	Med High	Raw	NA	FALSE	41.82538	-71.40886	2016	September	Downtown	1	440070008003005
1839	2016-09-15	457187	18:42:00	Pedestrian	1	NA	FALSE	FALSE	1	STEUBEN ST	ANDERSON ST	2016-09-15	Two-Way, Divided, Unprotected (painted>4feet) Medium	Dry	Daylight	Clear	Sidwswipe, Opposite Direction	Yes	No Controls	1	1	Non-Incapacitating	NA	41.82273	-71.45014	FALSE	FALSE	Steuben Street and Anderson Street, Providence, RI, USA	Med High	Raw	NA	FALSE	41.82273	-71.45014	2016	September	Olneyville	15	440070019004008
1840	2016-09-15	457394	18:25:00	Pedestrian	1	NA	FALSE	FALSE	1	ORMS ST	STATE ST	2016-09-15	Two-Way, Divided, Positive Median Barrier	Dry	Daylight	Clear	Not a Collision Between Two Motor Vehicles in Transport	No	No Controls	4	1	Fatal	4	41.83482	-71.4136	FALSE	FALSE	Orms Street and State Street, Providence, RI, USA	Med High	Raw	NA	FALSE	41.83482	-71.4136	2016	September	Downtown	3	440070031003011
1837	2016-09-16	457812	17:07:00	Pedestrian	1	NA	FALSE	FALSE	1	RIVER AVE	ADMIRAL ST	2016-09-16	Two-Way , Not Divided	Dry	Daylight	Clear	Not a Collision Between Two Motor Vehicles in Transport	Yes	No Controls	1	1	Pain Reported	NA	41.8491	-71.43891	FALSE	FALSE	River Ave and Admiral Street, Providence, RI, USA	Med High	Raw	distance greater than 100m	TRUE	41.8491	-71.43891	2016	September	Elmhurst	14	440070024002004
1838	2016-09-16	457940	21:14:00	Bicycle	NA	1	FALSE	FALSE	1	Douglas Ave	Clym St	2016-09-16	Two-Way , Not Divided	Dry	Dark - Lighted	Clear	Not a Collision Between Two Motor Vehicles in Transport	Yes	No Controls	1	1	Pain Reported	NA	41.84317	-71.42774	FALSE	FALSE	Douglas Ave and Clym Street, Providence, RI, USA	Med High	Raw	NA	FALSE	41.84317	-71.42774	2016	September	Wanskuck	4	440070027001016
1836	2016-09-17	458434	16:41:00	Bicycle	NA	1	FALSE	FALSE	1	53-55 CONGRESS AVE	CONGRESS AVE	2016-09-17	Two-Way , Not Divided	Dry	Daylight	Clear	Other	No	No Controls	5	1	Non-Incapacitating	NA	41.80035	-71.42024	FALSE	FALSE	53-55 Congress Ave and Congress Ave, Providence, RI, USA	Med	Raw	distance greater than 100m	TRUE	41.80035	-71.42024	2016	September	Elmwood	9	440070003024007
1835	2016-09-18	458757	14:03:00	Pedestrian	1	NA	FALSE	FALSE	1	ALLENS AVE	ALLENS AVE	2016-09-18	Two-Way , Not Divided	Wet	Daylight	Cloudy	Not a Collision Between Two Motor Vehicles in Transport	No	No Controls	4	2	Fatal	NA	41.80652	-71.40295	FALSE	FALSE	Allens Ave and Allens Ave, Providence, RI, USA	Med	Raw	distance greater than 100m	TRUE	41.80652	-71.40295	2016	September	Lower South Providence	10	440070006001045
1834	2016-09-19	459736	15:38:00	Pedestrian	1	NA	FALSE	FALSE	1	smith st	DANFORTH ST	2016-09-19	Two-Way , Not Divided	Wet	Daylight	Rain	Not a Collision Between Two Motor Vehicles in Transport	No	No Controls	3	1	Non-Incapacitating	NA	41.83557	-71.42652	FALSE	FALSE	Smith Street and Danforth Street, Providence, RI, USA	Med High	Raw	NA	FALSE	41.83557	-71.42652	2016	September	Smith Hill	12	440070026003011
1832	2016-09-21	460164	12:43:00	Pedestrian	1	NA	FALSE	FALSE	1	930 Broad St	BROAD ST	2016-09-21	Two-Way , Not Divided	Dry	Daylight	Clear	Not a Collision Between Two Motor Vehicles in Transport	Yes	No Controls	1	1	Pain Reported	3	41.79888	-71.4155	TRUE	FALSE	930 Broad Street, Providence, RI, USA	High	Raw	NA	FALSE	41.79888	-71.4155	2016	September	Elmwood	9	440070005002007
1833	2016-09-21	460379	19:37:00	Bicycle	NA	1	FALSE	FALSE	1	WHITMARSH ST	ELMWOOD AVE	2016-09-21	Two-Way, Not Divided With a Continuous Left Turn Lane	Dry	Dark - Lighted	Clear	Not a Collision Between Two Motor Vehicles in Transport	No	Stop Signs	2	1	Pain Reported	NA	41.80596	-71.42507	FALSE	FALSE	Whitmarsh Street and Elmwood Ave, Providence, RI, USA	Med High	Raw	NA	FALSE	41.80596	-71.42507	2016	September	West End	9	440070003023000
1831	2016-09-25	461798	07:00:00	Pedestrian	1	NA	FALSE	FALSE	1	SERVICE ROAD 7	PINE ST	2016-09-25	Two-Way , Not Divided	Dry	Daylight	Clear	Not a Collision Between Two Motor Vehicles in Transport	Yes	Traffic Control Signal	1	1	Pain Reported	NA	41.81735	-71.41694	FALSE	FALSE	Service Road 7 and Pine Street, Providence, RI, USA	Med High	Raw	distance greater than 100m	TRUE	41.81735	-71.41694	2016	September	Upper South Providence	11	440070007003001
1829	2016-09-28	463806	15:23:00	Bicycle	NA	1	FALSE	FALSE	1	HOPE ST	ANGELL ST	2016-09-28	Two-Way , Not Divided	Dry	Daylight	Cloudy	Head-On (Front - to - Front)	No	No Controls	2	1	Pain Reported	NA	41.82847	-71.39756	FALSE	FALSE	Hope Street and Angell Street, Providence, RI, USA	Med High	Raw	NA	FALSE	41.82847	-71.39756	2016	September	College Hill	2	440070036011013
1830	2016-09-28	463872	19:14:00	Pedestrian	1	NA	FALSE	FALSE	1	HAWKINS ST	BRANCH AVE	2016-09-28	Two-Way , Not Divided	Wet	Dark - Lighted	Rain	Not a Collision Between Two Motor Vehicles in Transport	No	Traffic Control Signal	5	1	Pain Reported	2	41.8509	-71.42142	FALSE	FALSE	Hawkins Street and Branch Ave, Providence, RI, USA	Med High	Raw	NA	FALSE	41.8509	-71.42142	2016	September	Charles	4	440070029005031
1827	2016-09-29	464027	07:52:00	Pedestrian	2	NA	FALSE	FALSE	1	DEXTER ST	POTTERS AVE	2016-09-29	Two-Way , Not Divided	Dry	Daylight	Cloudy	Not a Collision Between Two Motor Vehicles in Transport	No	No Controls	7	2	Incapacitating	2	41.80249	-71.43059	FALSE	FALSE	Dexter Street and Potters Ave, Providence, RI, USA	Med High	Raw	NA	FALSE	41.80249	-71.43059	2016	September	West End	8	440070003011016
1828	2016-09-29	464122	11:07:00	Pedestrian	1	NA	FALSE	FALSE	1	HAYES ST	PARK ST	2016-09-29	Two-Way , Not Divided	Dry	Daylight	Cloudy	Other	No	No Controls	4	1	Non-Incapacitating	NA	41.82928	-71.41675	FALSE	FALSE	Hayes Street and Park Street, Providence, RI, USA	Med High	Raw	NA	FALSE	41.82928	-71.41675	2016	September	Downtown	12	440070008001007
1826	2016-10-01	465041	13:25:00	Pedestrian	1	NA	FALSE	FALSE	1	29 FORD ST	DEXTER ST	2016-10-01	Two-Way , Not Divided	Wet	Daylight	Sleet, Hail (Freezing Rain or Drizzle)	Not a Collision Between Two Motor Vehicles in Transport	Yes	No Controls	2	1	Pain Reported	NA	41.80895	-71.42928	TRUE	FALSE	29 Ford Street, Providence, RI, USA	High	Raw	NA	FALSE	41.80895	-71.42928	2016	October	West End	8	440070014001004
1825	2016-10-05	466867	11:05:00	Bicycle	NA	1	FALSE	FALSE	1	Knight St	GRANT ST	2016-10-05	Two-Way , Not Divided	Dry	Daylight	Clear	Other	No	No Controls	3	0	No Injury	NA	41.81855	-71.42784	FALSE	FALSE	Knight Street and Grant Street, Providence, RI, USA	Med High	Raw	NA	FALSE	41.81855	-71.42784	2016	October	Federal Hill	13	440070011003004
1823	2016-10-08	467881	12:50:00	Bicycle	NA	1	FALSE	FALSE	1	POTTERS AVE	BAXTER ST	2016-10-08	Two-Way , Not Divided	Dry	Daylight	Clear	Not a Collision Between Two Motor Vehicles in Transport	No	No Controls	4	1	Pain Reported	NA	41.80343	-71.41698	FALSE	FALSE	Potters Ave and Baxter Street, Providence, RI, USA	Med High	Raw	NA	FALSE	41.80343	-71.41698	2016	October	Lower South Providence	11	440070004004006
1824	2016-10-08	468132	21:59:00	Pedestrian	2	NA	FALSE	FALSE	1	Empire St	Washington St	2016-10-09	Two-Way , Not Divided	Wet	Dark - Lighted	Rain	Not a Collision Between Two Motor Vehicles in Transport	Yes	Traffic Control Signal	5	2	Pain Reported	NA	41.8218	-71.41643	FALSE	FALSE	Empire Street and Washington Street, Providence, RI, USA	Med High	Raw	NA	FALSE	41.8218	-71.41643	2016	October	Downtown	1	440070008003071
1822	2016-10-09	468214	02:13:00	Pedestrian	1	NA	FALSE	FALSE	1	DEXTER ST	POTTERS AVE	2016-10-09	Two-Way , Not Divided	Wet	Dark - Lighted	Rain	Not a Collision Between Two Motor Vehicles in Transport	No	No Controls	3	1	Pain Reported	2	41.80249	-71.43059	FALSE	FALSE	Dexter Street and Potters Ave, Providence, RI, USA	Med High	Raw	NA	FALSE	41.80249	-71.43059	2016	October	West End	8	440070003011016
1821	2016-10-11	469430	13:47:00	Pedestrian	1	NA	FALSE	FALSE	1	250 Benefit St	HOPKINS ST	2016-10-11	Two-Way , Not Divided	Dry	Daylight	Clear	Not a Collision Between Two Motor Vehicles in Transport	No	No Controls	3	1	Pain Reported	2	41.82566	-71.4066	TRUE	FALSE	250 Benefit Street, Providence, RI, USA	High	Raw	NA	FALSE	41.82566	-71.4066	2016	October	College Hill	2	440070036023034
1817	2016-10-12	469831	12:36:00	Pedestrian	1	NA	FALSE	FALSE	1	BROAD STREET	BROAD ST	2016-10-12	Two-Way , Not Divided	Dry	Daylight	Clear	Not a Collision Between Two Motor Vehicles in Transport	No	Stop Signs	6	1	Pain Reported	NA	41.7969	-71.41305	FALSE	FALSE	Broad Street and Broad Street, Providence, RI, USA	Med	Raw	distance greater than 100m	TRUE	41.7969	-71.41305	2016	October	Elmwood	9	440070005003008
1818	2016-10-12	470241	16:34:00	Bicycle	NA	1	FALSE	FALSE	1	GREENWICH ST	BUCKLIN ST	2016-10-12	Two-Way, Divided, Unprotected (painted>4feet) Medium	Dry	Daylight	Clear	Not a Collision Between Two Motor Vehicles in Transport	Yes	Stop Signs	1	1	Non-Incapacitating	NA	41.80232	-71.42768	FALSE	FALSE	Greenwich Street and Bucklin Street, Providence, RI, USA	Med High	Raw	NA	FALSE	41.80232	-71.42768	2016	October	West End	8	440070003011015
1819	2016-10-12	470408	22:15:00	Pedestrian	1	NA	FALSE	FALSE	1	70 Kennedy Plz	NA	2016-10-13	Two-Way , Not Divided	Dry	Dark - Lighted	Clear	Not a Collision Between Two Motor Vehicles in Transport	Yes	No Controls	1	1	Pain Reported	NA	41.82506	-71.41108	TRUE	TRUE	70 Kennedy Plz, Providence, RI, USA	High	Raw	NA	FALSE	41.82506	-71.41108	2016	October	Downtown	1	440070008003016
1820	2016-10-12	474241	16:40:00	Pedestrian	2	NA	FALSE	FALSE	1	HARTFORD AVE	HEATH ST	2016-10-18	Two-Way , Not Divided	Dry	Daylight	Clear	Not a Collision Between Two Motor Vehicles in Transport	Yes	Pavement Markings	4	2	Pain Reported	NA	41.81726	-71.4499	FALSE	FALSE	Hartford Ave and Heath Street, Providence, RI, USA	Med High	Raw	NA	FALSE	41.81726	-71.4499	2016	October	Hartford	7	440070018002020
1815	2016-10-13	470582	12:36:00	Bicycle	NA	NA	FALSE	FALSE	2	WATERMAN ST	COOKE ST	2016-10-13	One-Way Trafficway	Dry	Daylight	Clear	Rear End(Front-to-Rear)	No	No Controls	2	0	No Injury	NA	41.82761	-71.39576	FALSE	FALSE	Waterman Street and Cooke Street, Providence, RI, USA	Med High	Raw	NA	FALSE	41.82761	-71.39576	2016	October	College Hill	1	440070036013001
1816	2016-10-13	470849	18:02:00	Pedestrian	1	NA	FALSE	FALSE	1	638 Charles st	CHARLES ST	2016-10-13	Two-Way , Not Divided	Dry	Daylight	Clear	Not a Collision Between Two Motor Vehicles in Transport	Yes	No Controls	1	1	Pain Reported	NA	41.85402	-71.42056	TRUE	FALSE	638 Charles Street, Providence, RI, USA	High	Raw	NA	FALSE	41.85402	-71.42056	2016	October	Charles	4	440070029002006
1814	2016-10-14	471210	13:36:00	Bicycle	NA	1	FALSE	FALSE	1	825 Chalkstone Ave	ROSEBANK AVE	2016-10-14	Two-Way , Not Divided	Dry	Daylight	Clear	Not a Collision Between Two Motor Vehicles in Transport	Yes	No Controls	1	1	Pain Reported	2	41.83396	-71.43458	TRUE	FALSE	825 Chalkstone Ave, Providence, RI, USA	High	Raw	distance greater than 100m	TRUE	41.83396	-71.43458	2016	October	Elmhurst	12	440070023002010
1813	2016-10-15	472173	15:13:00	Pedestrian	1	NA	FALSE	FALSE	1	HARTFORD AVE	HARTFORD AVE	2016-10-15	Two-Way , Not Divided	Dry	Daylight	Clear	Not a Collision Between Two Motor Vehicles in Transport	No	No Controls	2	1	Pain Reported	NA	41.81916	-71.46286	FALSE	FALSE	Hartford Ave and Hartford Ave, Providence, RI, USA	Med	Raw	distance greater than 100m	TRUE	41.81916	-71.46286	2016	October	Hartford	7	440070018001016
1812	2016-10-16	472808	14:08:00	Pedestrian	1	NA	FALSE	FALSE	1	265 HARTFORD AVE	NA	2016-10-16	Unknown	Dry	Daylight	Clear	Not a Collision Between Two Motor Vehicles in Transport	No	No Controls	3	1	Pain Reported	NA	41.81725	-71.44976	TRUE	TRUE	265 Hartford Ave, Providence, RI, USA	High	Geocoded	distance greater than 100m	TRUE	41.8176247	-71.4517594	2016	October	Hartford	7	440070018002020