row_number	crash_date	crash_report_id	crash_time	collision_type	count_pedestrian	count_bicycle	scooter	wheel_chair	number_of_vehicles	street_or_highway	nearest_intersection	report_date	type_of_roadway	road_surface_condition	light_condition	weather_condition	manner_of_impact	hit_and_run	traffic_control	person_count	injury_count	most_serious_injury	number_of_lanes	lat_raw	lon_raw	has_st_number	is_intersection_null	address_sent_to_geocoder	api_coord_conf	best_coordinate_set	reason_for_qa	manually_qaed_record	final_lat	final_lon	year	month	pvd_nhood	pvd_wards	geoid20
1751	2017-01-03	513653	17:16:00	Pedestrian	1	NA	FALSE	FALSE	1	CRANSTON ST	WESTMINSTER ST	2017-01-03	Two-Way , Not Divided	Wet	Dark - Lighted	Rain	Not a Collision Between Two Motor Vehicles in Transport	No	Traffic Control Signal	5	1	Non-Incapacitating	NA	41.81765	-71.42139	FALSE	FALSE	Cranston Street and Westminster Street, Providence, RI, USA	Med High	Raw	NA	FALSE	41.81765	-71.42139	2017	January	Federal Hill	11	440070011002016
1752	2017-01-03	513775	21:17:00	Pedestrian	1	NA	FALSE	FALSE	1	HARRIS AVE	ATWELLS AVE	2017-01-03	Two-Way , Not Divided	Wet	Dark - Lighted	Rain	Not a Collision Between Two Motor Vehicles in Transport	No	No Controls	3	1	Pain Reported	NA	41.82449	-71.43538	FALSE	FALSE	Harris Ave and Atwells Ave, Providence, RI, USA	Med High	Raw	NA	FALSE	41.82449	-71.43538	2017	January	Olneyville	13	440070025003035
1749	2017-01-05	514569	16:48:00	Pedestrian	1	NA	FALSE	FALSE	1	PLAINFIELD ST	POCASSET AVE	2017-01-05	Two-Way , Not Divided	Dry	Dark - Lighted	Clear	Not a Collision Between Two Motor Vehicles in Transport	No	No Controls	3	1	Fatal	2	41.81398	-71.44758	FALSE	FALSE	Plainfield Street and Pocasset Ave, Providence, RI, USA	Med High	Raw	NA	FALSE	41.81398	-71.44758	2017	January	Silver Lake	15	440070016011009
1750	2017-01-05	514695	22:30:00	Pedestrian	1	NA	FALSE	FALSE	1	ATWELLS AVE	DEAN ST	2017-01-05	Two-Way, Divided, Unprotected (painted>4feet) Medium	Dry	Dark - Lighted	Clear	Not a Collision Between Two Motor Vehicles in Transport	No	Traffic Control Signal	5	1	Pain Reported	NA	41.82339	-71.4242	FALSE	FALSE	Atwells Ave and Dean Street, Providence, RI, USA	Med High	Raw	NA	FALSE	41.82339	-71.4242	2017	January	Federal Hill	13	440070009001030
1748	2017-01-09	517284	17:10:00	Pedestrian	1	NA	FALSE	FALSE	1	Broad Street	BROAD ST	2017-01-11	Two-Way , Not Divided	Slush	Dark - Lighted	Clear	Not a Collision Between Two Motor Vehicles in Transport	Yes	No Controls	1	0	No Injury	NA	41.81634	-71.41923	FALSE	FALSE	Broad Street and Broad Street, Providence, RI, USA	Med	Raw	distance greater than 100m	TRUE	41.81634	-71.41923	2017	January	Upper South Providence	11	440070007003003
1747	2017-01-10	517086	22:26:00	Pedestrian	1	NA	FALSE	FALSE	1	MEMORIAL BLVD	STEEPLE ST	2017-01-10	Two-Way , Not Divided	Wet	Dark - Lighted	Rain	Not a Collision Between Two Motor Vehicles in Transport	No	Pavement Markings	3	1	Pain Reported	NA	41.82677	-71.41063	FALSE	FALSE	Memorial Blvd and Steeple Street, Providence, RI, USA	Med	Raw	distance greater than 100m	TRUE	41.82677	-71.41063	2017	January	Downtown	1	440070008001033
1746	2017-01-12	518123	17:05:00	Bicycle	NA	1	FALSE	FALSE	1	ATWELLS AVE	EAGLE ST	2017-01-12	Two-Way, Not Divided With a Continuous Left Turn Lane	Dry	Dark - Lighted	Clear	Not a Collision Between Two Motor Vehicles in Transport	No	Traffic Control Signal	2	0	No Injury	NA	41.82446	-71.4355	FALSE	FALSE	Atwells Ave and Eagle Street, Providence, RI, USA	Med High	Raw	NA	FALSE	41.82446	-71.4355	2017	January	Olneyville	15	440070025003034
1745	2017-01-13	518744	18:45:00	Pedestrian	1	NA	FALSE	FALSE	1	FRANCIS ST	MEMORIAL BLVD	2017-01-13	Two-Way, Not Divided With a Continuous Left Turn Lane	Dry	Dark - Lighted	Clear	Not a Collision Between Two Motor Vehicles in Transport	No	Traffic Control Signal	3	1	Pain Reported	NA	41.82601	-71.4154	FALSE	FALSE	Francis Street and Memorial Blvd, Providence, RI, USA	Med	Raw	NA	FALSE	41.82601	-71.4154	2017	January	Downtown	12	440070008001035
1743	2017-01-17	520281	17:11:00	Pedestrian	1	NA	FALSE	FALSE	1	FRIENDSHIP ST	DORRANCE ST	2017-01-17	One-Way Trafficway	Wet	Dark - Lighted	Rain	Not a Collision Between Two Motor Vehicles in Transport	No	Traffic Control Signal	2	1	Pain Reported	1	41.82197	-71.40948	FALSE	FALSE	Friendship Street and Dorrance Street, Providence, RI, USA	Med High	Raw	NA	FALSE	41.82197	-71.40948	2017	January	Downtown	1	440070008003047
1744	2017-01-17	520447	21:35:00	Pedestrian	1	NA	FALSE	FALSE	1	Raymond St	Chalkstone Ave	2017-01-18	Two-Way , Not Divided	Wet	Dark - Lighted	Rain	Not a Collision Between Two Motor Vehicles in Transport	No	Traffic Control Signal	5	1	Incapacitating	NA	41.83419	-71.43024	FALSE	FALSE	Raymond Street and Chalkstone Ave, Providence, RI, USA	Med	Raw	NA	FALSE	41.83419	-71.43024	2017	January	Elmhurst	12	440070025001007
1742	2017-01-21	522425	15:41:00	Pedestrian	1	NA	FALSE	FALSE	1	LLOYD AVE	ARLINGTON AVE	2017-01-21	Two-Way , Not Divided	Dry	Daylight	Clear	Not a Collision Between Two Motor Vehicles in Transport	No	Stop Signs	4	1	Pain Reported	NA	41.83348	-71.3943	FALSE	FALSE	Lloyd Ave and Arlington Ave, Providence, RI, USA	Med High	Raw	NA	FALSE	41.83348	-71.3943	2017	January	College Hill	2	440070034004033
1740	2017-01-24	523489	12:15:00	Pedestrian	1	NA	FALSE	FALSE	1	601 North Main St	N MAIN ST	2017-01-24	Two-Way , Not Divided	Wet	Daylight	Rain	Not a Collision Between Two Motor Vehicles in Transport	No	No Controls	3	0	No Injury	NA	41.83723	-71.40947	TRUE	FALSE	601 North Main Street, Providence, RI, USA	High	Raw	NA	FALSE	41.83723	-71.40947	2017	January	College Hill	3	440070031004002
1741	2017-01-24	523713	20:47:00	Pedestrian	1	NA	FALSE	FALSE	1	DAVE GAVITT WAY	ATWELLS AVE	2017-01-24	One-Way Trafficway	Wet	Dark - Lighted	Clear	Not a Collision Between Two Motor Vehicles in Transport	Yes	Traffic Control Signal	4	2	Pain Reported	1	41.82317	-71.42053	FALSE	FALSE	Dave Gavitt Way and Atwells Ave, Providence, RI, USA	Med High	Raw	NA	FALSE	41.82317	-71.42053	2017	January	Federal Hill	13	440070009001039
1738	2017-01-26	524755	14:51:00	Pedestrian	1	NA	FALSE	FALSE	1	PRAIRIE AVE	THURBERS AVE	2017-01-26	Two-Way , Not Divided	Wet	Daylight	Clear	Not a Collision Between Two Motor Vehicles in Transport	No	No Controls	4	1	Pain Reported	NA	41.79856	-71.41183	FALSE	FALSE	Prairie Ave and Thurbers Ave, Providence, RI, USA	Med High	Raw	NA	FALSE	41.79856	-71.41183	2017	January	Lower South Providence	10	440070005003002
1739	2017-01-26	524921	19:46:00	Pedestrian	1	NA	FALSE	FALSE	1	353 SMITH ST	ORMS ST	2017-01-26	Two-Way , Not Divided	Wet	Dark - Lighted	Clear	Other	No	No Controls	2	1	Pain Reported	NA	41.83428	-71.4233	TRUE	FALSE	353 Smith Street, Providence, RI, USA	High	Raw	NA	FALSE	41.83428	-71.4233	2017	January	Smith Hill	12	440070026001013
1737	2017-01-28	525334	01:22:00	Bicycle	NA	1	FALSE	FALSE	1	ATWELLS AVE	HANNAH ST	2017-01-28	Two-Way , Not Divided	Dry	Dark - Lighted	Clear	Not a Collision Between Two Motor Vehicles in Transport	Yes	Traffic Control Signal	1	1	Pain Reported	NA	41.82507	-71.44867	FALSE	FALSE	Atwells Ave and Hannah Street, Providence, RI, USA	Med High	Raw	NA	FALSE	41.82507	-71.44867	2017	January	Olneyville	6	440070021024017
1736	2017-01-31	527074	15:39:00	Pedestrian	1	NA	FALSE	FALSE	1	THURBERS AVE	PRAIRIE AVE	2017-01-31	Two-Way , Not Divided	Snow	Daylight	Snow	Other	No	Traffic Control Signal	2	1	Incapacitating	NA	41.79873	-71.41191	FALSE	FALSE	Thurbers Ave and Prairie Ave, Providence, RI, USA	Med High	Raw	NA	FALSE	41.79873	-71.41191	2017	January	Lower South Providence	10	440070005001018
1735	2017-02-02	527670	15:51:00	Bicycle	NA	1	FALSE	FALSE	1	SERVICE ROAD 7	BROADWAY	2017-02-02	One-Way Trafficway	Dry	Daylight	Clear	Not a Collision Between Two Motor Vehicles in Transport	No	Traffic Control Signal	2	0	No Injury	NA	41.82169	-71.4208	FALSE	FALSE	Service Road 7 and Broadway, Providence, RI, USA	Med High	Raw	NA	FALSE	41.82169	-71.4208	2017	February	Federal Hill	13	440070011002001
1734	2017-02-04	529337	12:00:00	Pedestrian	1	NA	FALSE	FALSE	1	BROAD ST	CAHIR ST	2017-02-04	Two-Way, Not Divided With a Continuous Left Turn Lane	Dry	Daylight	Clear	Not a Collision Between Two Motor Vehicles in Transport	No	Traffic Control Signal	2	1	Pain Reported	NA	41.8169	-71.41798	FALSE	FALSE	Broad Street and Cahir Street, Providence, RI, USA	Med	Raw	NA	FALSE	41.8169	-71.41798	2017	February	Upper South Providence	11	440070007003002
1732	2017-02-08	530740	12:53:00	Bicycle	NA	1	FALSE	FALSE	1	BROAD ST	CAHIR ST	2017-02-08	Two-Way, Divided, Unprotected (painted>4feet) Medium	Dry	Daylight	Clear	Other	No	Traffic Control Signal	3	0	No Injury	NA	41.81692	-71.41795	FALSE	FALSE	Broad Street and Cahir Street, Providence, RI, USA	Med	Raw	NA	FALSE	41.81692	-71.41795	2017	February	Upper South Providence	11	440070007003002
1733	2017-02-08	531678	12:48:00	Pedestrian	1	NA	FALSE	FALSE	1	PRAIRIE AVE	PAVILION AVE	2017-02-10	Two-Way , Not Divided	Dry	Daylight	Clear	Not a Collision Between Two Motor Vehicles in Transport	Yes	No Controls	2	1	Pain Reported	NA	41.79505	-71.41036	FALSE	FALSE	Prairie Ave and Pavilion Ave, Providence, RI, USA	Med High	Raw	NA	FALSE	41.79505	-71.41036	2017	February	Elmwood	10	440070005003017
1731	2017-02-12	532510	10:39:00	Pedestrian	1	NA	FALSE	FALSE	1	850 MANTON AVE	NA	2017-02-12	Unknown	Slush	Daylight	Cloudy	Not a Collision Between Two Motor Vehicles in Transport	No	No Controls	5	1	Non-Incapacitating	NA	41.83391	-71.46728	TRUE	TRUE	850 Manton Ave, Providence, RI, USA	High	Raw	distance greater than 100m	TRUE	41.83391	-71.46728	2017	February	Manton	6	440070020002027
1728	2017-02-14	533947	16:25:00	Pedestrian	1	NA	FALSE	FALSE	1	Dean st	ATWELLS AVE	2017-02-14	Two-Way , Not Divided	Dry	Daylight	Clear	Other	No	No Controls	3	1	Non-Incapacitating	NA	41.82332	-71.42413	FALSE	FALSE	Dean Street and Atwells Ave, Providence, RI, USA	Med High	Raw	NA	FALSE	41.82332	-71.42413	2017	February	Federal Hill	13	440070009001028
1729	2017-02-14	533969	16:28:00	Pedestrian	1	NA	FALSE	FALSE	1	WESTMINSTER ST	TOBEY ST	2017-02-14	Two-Way , Not Divided	Dry	Daylight	Clear	Not a Collision Between Two Motor Vehicles in Transport	No	No Controls	3	1	Non-Incapacitating	NA	41.81617	-71.43472	FALSE	FALSE	Westminster Street and Tobey Street, Providence, RI, USA	Med High	Raw	NA	FALSE	41.81617	-71.43472	2017	February	West End	13	440070010002007
1730	2017-02-14	533979	18:28:00	Pedestrian	1	NA	FALSE	FALSE	1	SUPERIOR ST	CRANSTON ST	2017-02-14	Two-Way , Not Divided	Slush	Dark - Lighted	Clear	Not a Collision Between Two Motor Vehicles in Transport	Yes	No Controls	2	1	Pain Reported	NA	41.81042	-71.43262	FALSE	FALSE	Superior Street and Cranston Street, Providence, RI, USA	Med High	Raw	NA	FALSE	41.81042	-71.43262	2017	February	West End	8	440070013002005
1727	2017-02-15	534617	17:43:00	Pedestrian	1	NA	FALSE	FALSE	1	SILVER SPRING ST	BISMARK ST	2017-02-15	Two-Way , Not Divided	Wet	Dark - Lighted	Cloudy	Not a Collision Between Two Motor Vehicles in Transport	No	No Controls	5	1	Incapacitating	NA	41.85441	-71.41203	FALSE	FALSE	Silver Spring Street and Bismark Street, Providence, RI, USA	Med High	Raw	NA	FALSE	41.85441	-71.41203	2017	February	Charles	4	440070029002000
1726	2017-02-17	535255	07:58:00	Pedestrian	1	NA	FALSE	FALSE	1	BARTON ST	WESTMINSTER ST	2017-02-17	Two-Way , Not Divided	Dry	Daylight	Clear	Not a Collision Between Two Motor Vehicles in Transport	No	No Controls	4	1	Pain Reported	2	41.81677	-71.43675	FALSE	FALSE	Barton Street and Westminster Street, Providence, RI, USA	Med High	Raw	NA	FALSE	41.81677	-71.43675	2017	February	Federal Hill	13	440070010002008
1724	2017-02-20	537110	07:48:00	Pedestrian	1	NA	FALSE	FALSE	1	48 OLIVE ST	NA	2017-02-20	Unknown	Dry	Daylight	Clear	Not a Collision Between Two Motor Vehicles in Transport	No	No Controls	3	1	Pain Reported	NA	41.82841	-71.40207	TRUE	TRUE	48 Olive Street, Providence, RI, USA	High	Raw	NA	FALSE	41.82841	-71.40207	2017	February	College Hill	2	440070036023005
1725	2017-02-20	537384	22:11:00	Pedestrian	1	NA	FALSE	FALSE	1	CANAL ST	SMITH ST	2017-02-21	One-Way Trafficway	Dry	Dark - Lighted	Clear	Not a Collision Between Two Motor Vehicles in Transport	Yes	Traffic Control Signal	3	1	Pain Reported	NA	41.8314	-71.41134	FALSE	FALSE	Canal Street and Smith Street, Providence, RI, USA	Med	Raw	NA	FALSE	41.8314	-71.41134	2017	February	Downtown	3	440070031003033
1722	2017-02-22	538024	15:13:00	Pedestrian	1	NA	FALSE	FALSE	1	BROADWAY	DE PASQUALE AVE	2017-02-22	Two-Way, Divided, Unprotected (painted>4feet) Medium	Dry	Daylight	Clear	Not a Collision Between Two Motor Vehicles in Transport	No	No Controls	2	1	Pain Reported	NA	41.82077	-71.42526	FALSE	FALSE	Broadway and De Pasquale Ave, Providence, RI, USA	Med	Raw	NA	FALSE	41.82077	-71.42526	2017	February	Federal Hill	13	440070011001006
1723	2017-02-22	538035	16:09:00	Pedestrian	1	NA	FALSE	FALSE	1	BROAD ST	ROGER WILLIAMS PARK	2017-02-22	Two-Way, Divided, Unprotected (painted>4feet) Medium	Dry	Daylight	Clear	Not a Collision Between Two Motor Vehicles in Transport	Yes	Traffic Control Signal	3	1	Pain Reported	NA	41.8133	-71.42185	FALSE	FALSE	Broad Street and Roger Williams Park, Providence, RI, USA	Med	Neither	distance greater than 100m	TRUE	41.792874	-71.408055	2017	February	South Elmwood	10	440070001021003
1720	2017-02-23	538398	09:23:00	Bicycle	NA	1	FALSE	FALSE	1	BRANCH AVE	N MAIN ST	2017-02-23	Two-Way , Not Divided	Dry	Daylight	Clear	Not a Collision Between Two Motor Vehicles in Transport	No	Traffic Control Signal	2	0	No Injury	NA	41.84199	-71.40798	FALSE	FALSE	Branch Ave and N Main Street, Providence, RI, USA	Med	Raw	NA	FALSE	41.84199	-71.40798	2017	February	Mount Hope	3	440070033004014
1721	2017-02-23	538515	15:05:00	Bicycle	NA	1	FALSE	FALSE	1	859 North Main St.	NA	2017-02-23	Two-Way, Divided, Positive Median Barrier	Dry	Daylight	Clear	Not a Collision Between Two Motor Vehicles in Transport	Yes	No Controls	3	1	Pain Reported	NA	41.84376	-71.40679	TRUE	TRUE	859 North Main St., Providence, RI, USA	High	Raw	NA	FALSE	41.84376	-71.40679	2017	February	Mount Hope	3	440070032004006
1719	2017-02-24	538783	14:48:00	Pedestrian	1	NA	FALSE	FALSE	1	ELMWOOD AVE	BROAD ST	2017-02-24	Two-Way , Not Divided	Dry	Daylight	Clear	Not a Collision Between Two Motor Vehicles in Transport	No	Traffic Control Signal	3	1	Pain Reported	NA	41.813	-71.42203	FALSE	FALSE	Elmwood Ave and Broad Street, Providence, RI, USA	Med High	Raw	NA	FALSE	41.813	-71.42203	2017	February	West End	11	440070012001006
1718	2017-02-27	539713	08:08:00	Pedestrian	1	NA	FALSE	FALSE	1	BROADWAY	KNIGHT ST	2017-02-27	Two-Way , Not Divided	Dry	Daylight	Clear	Not a Collision Between Two Motor Vehicles in Transport	No	Traffic Control Signal	7	1	Pain Reported	NA	41.8198	-71.42936	FALSE	FALSE	Broadway and Knight Street, Providence, RI, USA	Med	Raw	NA	FALSE	41.8198	-71.42936	2017	February	Federal Hill	13	440070011001015
1716	2017-02-28	540168	08:00:00	Pedestrian	1	NA	FALSE	FALSE	1	SMITHFIELD AVE	NELLIE ST	2017-02-28	Two-Way , Not Divided	Dry	Daylight	Clear	Not a Collision Between Two Motor Vehicles in Transport	No	No Controls	2	1	Pain Reported	NA	41.85759	-71.41084	FALSE	FALSE	Smithfield Ave and Nellie Street, Providence, RI, USA	Med High	Raw	NA	FALSE	41.85759	-71.41084	2017	February	Charles	4	440070029001002
1717	2017-02-28	540331	18:04:00	Pedestrian	1	NA	FALSE	FALSE	1	ADMIRAL ST	DURHAM ST	2017-02-28	Two-Way , Not Divided	Dry	Dark - Lighted	Cloudy	Not a Collision Between Two Motor Vehicles in Transport	No	No Controls	2	1	Pain Reported	NA	41.84788	-71.43576	FALSE	FALSE	Admiral Street and Durham Street, Providence, RI, USA	Med High	Raw	NA	FALSE	41.84788	-71.43576	2017	February	Elmhurst	14	440070028012007
1715	2017-03-03	541589	21:25:00	Pedestrian	1	NA	FALSE	FALSE	1	2 SACKETT ST	NA	2017-03-03	Two-Way , Not Divided	Dry	Dark - Lighted	Clear	Not a Collision Between Two Motor Vehicles in Transport	No	No Controls	2	1	Pain Reported	2	41.79611	-71.41228	TRUE	TRUE	2 Sackett Street, Providence, RI, USA	High	Raw	NA	FALSE	41.79611	-71.41228	2017	March	Elmwood	9	440070002004006
1714	2017-03-04	541776	19:53:00	Pedestrian	1	NA	FALSE	FALSE	1	847 BROAD ST	NA	2017-03-04	Two-Way , Not Divided	Dry	Dark - Lighted	Clear	Not a Collision Between Two Motor Vehicles in Transport	Yes	No Controls	1	1	Pain Reported	NA	41.80094	-71.41796	TRUE	TRUE	847 Broad Street, Providence, RI, USA	High	Raw	NA	FALSE	41.80094	-71.41796	2017	March	Elmwood	9	440070004004011
1712	2017-03-09	543757	07:24:00	Pedestrian	1	NA	FALSE	FALSE	1	MEETING ST	HOPE ST	2017-03-09	Two-Way , Not Divided	Dry	Daylight	Clear	Not a Collision Between Two Motor Vehicles in Transport	Yes	Person	2	0	No Injury	NA	41.82936	-71.39816	FALSE	FALSE	Meeting Street and Hope Street, Providence, RI, USA	Med High	Raw	NA	FALSE	41.82936	-71.39816	2017	March	College Hill	2	440070036011013
1713	2017-03-09	544271	19:45:00	Pedestrian	1	NA	FALSE	FALSE	1	HAWKINS ST	ADMIRAL ST	2017-03-09	Two-Way , Not Divided	Dry	Dark - Lighted	Clear	Not a Collision Between Two Motor Vehicles in Transport	No	Stop Signs	2	1	Pain Reported	2	41.84594	-71.42837	FALSE	FALSE	Hawkins Street and Admiral Street, Providence, RI, USA	Med High	Raw	NA	FALSE	41.84594	-71.42837	2017	March	Wanskuck	4	440070027001007
1711	2017-03-13	545647	14:56:00	Pedestrian	1	NA	FALSE	FALSE	1	BROAD ST	SUMTER ST	2017-03-13	Two-Way , Not Divided	Dry	Daylight	Clear	Not a Collision Between Two Motor Vehicles in Transport	No	No Controls	2	1	Pain Reported	2	41.79775	-71.41413	FALSE	FALSE	Broad Street and Sumter Street, Providence, RI, USA	Med	Raw	NA	FALSE	41.79775	-71.41413	2017	March	Elmwood	9	440070005003006
1710	2017-03-17	547416	20:33:00	Pedestrian	1	NA	FALSE	FALSE	1	Francis St	NA	2017-03-17	Two-Way , Not Divided	Dry	Dark - Lighted	Clear	Not a Collision Between Two Motor Vehicles in Transport	Yes	No Controls	2	1	Pain Reported	NA	41.8309	-71.41638	FALSE	TRUE	Francis Street, Providence, RI, USA	Inaccurate	Raw	distance greater than 100m	TRUE	41.8309	-71.41638	2017	March	Downtown	12	440070008001006
1708	2017-03-18	547480	01:06:00	Pedestrian	1	NA	FALSE	FALSE	1	ELMWOOD AVE	HEMPSTEAD ST	2017-03-18	Two-Way, Divided, Unprotected (painted>4feet) Medium	Dry	Dark - Lighted	Clear	Angle (Front - to - Side) Opposite Direction	Yes	No Controls	1	1	Pain Reported	NA	41.78987	-71.42175	FALSE	FALSE	Elmwood Ave and Hempstead Street, Providence, RI, USA	Med High	Raw	NA	FALSE	41.78987	-71.42175	2017	March	Elmwood	8	440070002005034
1709	2017-03-18	548223	20:20:00	Pedestrian	1	NA	FALSE	FALSE	1	Charles St.	Randall St.	2017-03-19	One-Way Trafficway	Dry	Dark - Lighted	Clear	Not a Collision Between Two Motor Vehicles in Transport	Yes	No Controls	1	1	Pain Reported	NA	41.83665	-71.41272	FALSE	FALSE	Charles St. and Randall St., Providence, RI, USA	Med	Raw	NA	FALSE	41.83665	-71.41272	2017	March	Mount Hope	3	440070031003005
1707	2017-03-22	549708	08:57:00	Pedestrian	1	NA	FALSE	FALSE	1	PLAIN ST	PUBLIC ST	2017-03-22	Two-Way , Not Divided	Dry	Daylight	Clear	Not a Collision Between Two Motor Vehicles in Transport	Yes	Stop Signs	3	1	Pain Reported	NA	41.80665	-71.40997	FALSE	FALSE	Plain Street and Public Street, Providence, RI, USA	Med High	Raw	NA	FALSE	41.80665	-71.40997	2017	March	Upper South Providence	11	440070006002008
1706	2017-03-23	550352	12:05:00	Pedestrian	1	NA	FALSE	FALSE	1	BROAD ST	HARVARD AVE	2017-03-23	Two-Way , Not Divided	Dry	Daylight	Clear	Not a Collision Between Two Motor Vehicles in Transport	No	No Controls	3	1	Pain Reported	NA	41.80867	-71.4207	FALSE	FALSE	Broad Street and Harvard Ave, Providence, RI, USA	Med	Raw	NA	FALSE	41.80867	-71.4207	2017	March	Elmwood	11	440070004001003
1705	2017-03-24	550717	13:35:00	Pedestrian	1	NA	FALSE	FALSE	1	FLOWER ST	WHELAN ST	2017-03-24	Two-Way , Not Divided	Wet	Daylight	Sleet, Hail (Freezing Rain or Drizzle)	Not a Collision Between Two Motor Vehicles in Transport	No	No Controls	2	1	Pain Reported	NA	41.83921	-71.43712	FALSE	FALSE	Flower Street and Whelan Street, Providence, RI, USA	Med High	Geocoded	distance greater than 100m	TRUE	41.8189349	-71.456749	2017	March	Hartford	7	440070018002008
1704	2017-03-26	551314	21:02:00	Pedestrian	1	NA	FALSE	FALSE	1	ADMIRAL ST	GRAPE ST	2017-03-26	Two-Way , Not Divided	Wet	Dark - Lighted	Cloudy	Not a Collision Between Two Motor Vehicles in Transport	No	No Controls	3	1	Pain Reported	NA	41.84625	-71.43011	FALSE	FALSE	Admiral Street and Grape Street, Providence, RI, USA	Med High	Raw	NA	FALSE	41.84625	-71.43011	2017	March	Wanskuck	14	440070028012018
1703	2017-03-30	552934	08:03:00	Bicycle	NA	1	FALSE	FALSE	1	ACADEMY AVE	WHITFORD AVE	2017-03-30	Two-Way , Not Divided	Dry	Daylight	Clear	Not a Collision Between Two Motor Vehicles in Transport	No	Stop Signs	3	1	Pain Reported	NA	41.83897	-71.44487	FALSE	FALSE	Academy Ave and Whitford Ave, Providence, RI, USA	Med High	Raw	NA	FALSE	41.83897	-71.44487	2017	March	Mount Pleasant	5	440070023006006
1701	2017-03-31	553543	15:10:00	Pedestrian	1	NA	FALSE	FALSE	1	PUBLIC ST	OCEAN ST	2017-03-31	Two-Way, Divided, Unprotected (painted>4feet) Medium	Wet	Daylight	Rain	Not a Collision Between Two Motor Vehicles in Transport	No	No Controls	4	1	Pain Reported	NA	41.80623	-71.41188	FALSE	FALSE	Public Street and Ocean Street, Providence, RI, USA	Med High	Raw	NA	FALSE	41.80623	-71.41188	2017	March	Upper South Providence	11	440070006002009
1702	2017-03-31	553643	22:34:00	Pedestrian	1	NA	FALSE	FALSE	1	Elmwood Ave	Princeton Ave	2017-04-01	Two-Way , Not Divided	Wet	Dark - Lighted	Rain	Not a Collision Between Two Motor Vehicles in Transport	Yes	Pavement Markings	1	1	Pain Reported	NA	41.80542	-71.42521	FALSE	FALSE	Elmwood Ave and Princeton Ave, Providence, RI, USA	Med High	Raw	NA	FALSE	41.80542	-71.42521	2017	March	West End	9	440070003023001
1699	2017-04-01	553984	12:25:00	Pedestrian	1	NA	FALSE	FALSE	1	CHALKSTONE AVE	ACADEMY AVE	2017-04-01	Two-Way, Divided, Unprotected (painted>4feet) Medium	Wet	Daylight	Sleet, Hail (Freezing Rain or Drizzle)	Not a Collision Between Two Motor Vehicles in Transport	Yes	Traffic Control Signal	4	1	Pain Reported	2	41.83245	-71.44453	FALSE	FALSE	Chalkstone Ave and Academy Ave, Providence, RI, USA	Med High	Raw	NA	FALSE	41.83245	-71.44453	2017	April	Mount Pleasant	5	440070023003006
1700	2017-04-01	554144	20:55:00	Pedestrian	1	NA	FALSE	FALSE	1	MEMORIAL BLVD	EXCHANGE ST	2017-04-01	Two-Way , Not Divided	Dry	Dark - Lighted	Cloudy	Not a Collision Between Two Motor Vehicles in Transport	No	Traffic Control Signal	4	1	Incapacitating	NA	41.8268	-71.41207	FALSE	FALSE	Memorial Blvd and Exchange Street, Providence, RI, USA	Med High	Raw	NA	FALSE	41.8268	-71.41207	2017	April	Downtown	1	440070008001034
1697	2017-04-03	554764	15:54:00	Pedestrian	2	NA	FALSE	FALSE	1	BRIDGHAM ST	ELMWOOD AVE	2017-04-03	Two-Way , Not Divided	Dry	Daylight	Clear	Not a Collision Between Two Motor Vehicles in Transport	Yes	Traffic Control Signal	2	2	Pain Reported	NA	41.81277	-71.42218	FALSE	FALSE	Bridgham Street and Elmwood Ave, Providence, RI, USA	Med High	Raw	NA	FALSE	41.81277	-71.42218	2017	April	West End	11	440070012001006
1698	2017-04-03	554767	16:11:00	Pedestrian	1	NA	FALSE	FALSE	1	PRAIRIE AVE	POTTERS AVE	2017-04-03	Two-Way , Not Divided	Dry	Daylight	Clear	Not a Collision Between Two Motor Vehicles in Transport	No	No Controls	3	1	Pain Reported	NA	41.80375	-71.41406	FALSE	FALSE	Prairie Ave and Potters Ave, Providence, RI, USA	Med High	Raw	NA	FALSE	41.80375	-71.41406	2017	April	Lower South Providence	11	440070004003009
1696	2017-04-07	556651	20:09:00	Pedestrian	1	NA	FALSE	FALSE	1	100 LAURA ST	HAMILTON ST	2017-04-07	Two-Way , Not Divided	Dry	Dark - Lighted	Clear	Not a Collision Between Two Motor Vehicles in Transport	No	No Controls	2	1	Pain Reported	NA	41.80116	-71.42243	TRUE	FALSE	100 Laura Street, Providence, RI, USA	High	Raw	NA	FALSE	41.80116	-71.42243	2017	April	Elmwood	9	440070003024004
1694	2017-04-08	556707	02:09:00	Pedestrian	1	NA	FALSE	FALSE	1	CRANSTON ST	PARADE ST	2017-04-08	Two-Way , Not Divided	Dry	Dark - Lighted	Clear	Not a Collision Between Two Motor Vehicles in Transport	Yes	Unknown	1	1	Pain Reported	NA	41.8118	-71.43114	FALSE	FALSE	Cranston Street and Parade Street, Providence, RI, USA	Med High	Raw	NA	FALSE	41.8118	-71.43114	2017	April	West End	8	440070013002004