row_number	crash_date	crash_report_id	crash_time	collision_type	count_pedestrian	count_bicycle	scooter	wheel_chair	number_of_vehicles	street_or_highway	nearest_intersection	report_date	type_of_roadway	road_surface_condition	light_condition	weather_condition	manner_of_impact	hit_and_run	traffic_control	person_count	injury_count	most_serious_injury	number_of_lanes	lat_raw	lon_raw	has_st_number	is_intersection_null	address_sent_to_geocoder	api_coord_conf	best_coordinate_set	reason_for_qa	manually_qaed_record	final_lat	final_lon	year	month	pvd_nhood	pvd_wards	geoid20
1695	2017-04-08	556790	17:50:00	Pedestrian	1	NA	FALSE	FALSE	1	SABIN ST	W EXCHANGE ST	2017-04-08	One-Way Trafficway	Dry	Daylight	Clear	Not a Collision Between Two Motor Vehicles in Transport	No	No Controls	3	1	Pain Reported	3	41.82462	-71.41556	FALSE	FALSE	Sabin Street and W Exchange Street, Providence, RI, USA	Med High	Raw	NA	FALSE	41.82462	-71.41556	2017	April	Downtown	1	440070008001059
1693	2017-04-09	557105	15:23:00	Bicycle	NA	1	FALSE	FALSE	1	BATTEY ST	WASHINGTON ST	2017-04-09	Two-Way , Not Divided	Dry	Daylight	Clear	Not a Collision Between Two Motor Vehicles in Transport	No	Stop Signs	3	1	Pain Reported	NA	41.81794	-71.42472	FALSE	FALSE	Battey Street and Washington Street, Providence, RI, USA	Med High	Raw	NA	FALSE	41.81794	-71.42472	2017	April	Federal Hill	13	440070011002011
1692	2017-04-11	557829	14:31:00	Pedestrian	1	NA	FALSE	FALSE	1	Pitman St	E GEORGE ST	2017-04-11	One-Way Trafficway	Dry	Daylight	Clear	Not a Collision Between Two Motor Vehicles in Transport	No	No Controls	5	1	Pain Reported	NA	41.8268	-71.38731	FALSE	FALSE	Pitman Street and E George Street, Providence, RI, USA	Med	Neither	distance greater than 100m	TRUE	41.82668	-71.388506	2017	April	Fox Point	1	440070035003008
1689	2017-04-12	558143	11:17:00	Pedestrian	1	NA	FALSE	FALSE	1	THOMAS ST	ANGELL ST	2017-04-12	One-Way Trafficway	Dry	Daylight	Clear	Not a Collision Between Two Motor Vehicles in Transport	No	Traffic Control Signal	2	1	Pain Reported	NA	41.82751	-71.40765	FALSE	FALSE	Thomas Street and Angell Street, Providence, RI, USA	Med	Raw	NA	FALSE	41.82751	-71.40765	2017	April	College Hill	2	440070036023017
1690	2017-04-12	558315	14:58:00	Pedestrian	1	NA	FALSE	FALSE	1	FELIX ST	CHALKSTONE AVE	2017-04-12	Two-Way , Not Divided	Dry	Daylight	Clear	Not a Collision Between Two Motor Vehicles in Transport	No	Stop Signs	3	1	Pain Reported	NA	41.83457	-71.42839	FALSE	FALSE	Felix Street and Chalkstone Ave, Providence, RI, USA	Med High	Raw	NA	FALSE	41.83457	-71.42839	2017	April	Smith Hill	12	440070025001005
1691	2017-04-12	558422	20:30:00	Pedestrian	1	NA	FALSE	FALSE	1	ELMWOOD AVE	PARKIS AVE	2017-04-12	Two-Way , Not Divided	Dry	Dark - Lighted	Clear	Other	Yes	Unknown	2	1	Pain Reported	4	41.80913	-71.42451	FALSE	FALSE	Elmwood Ave and Parkis Ave, Providence, RI, USA	Med High	Raw	NA	FALSE	41.80913	-71.42451	2017	April	West End	11	440070003021001
1688	2017-04-14	558762	00:09:00	Pedestrian	1	NA	FALSE	FALSE	1	MEMORIAL BLVD	WASHINGTON ST	2017-04-14	Two-Way, Divided, Positive Median Barrier	Dry	Dark - Lighted	Clear	Other	No	Traffic Control Signal	2	1	Non-Incapacitating	4	41.8263	-71.41009	FALSE	FALSE	Memorial Blvd and Washington Street, Providence, RI, USA	Med High	Raw	NA	FALSE	41.8263	-71.41009	2017	April	Downtown	1	440070008003003
1686	2017-04-15	559294	12:47:00	Pedestrian	1	NA	FALSE	FALSE	1	E GEORGE ST	IVES ST	2017-04-15	Two-Way , Not Divided	Dry	Daylight	Clear	Other	No	Stop Signs	3	1	Pain Reported	NA	41.82567	-71.39262	FALSE	FALSE	E George Street and Ives Street, Providence, RI, USA	Med High	Raw	NA	FALSE	41.82567	-71.39262	2017	April	Fox Point	1	440070035002006
1687	2017-04-15	559491	15:15:00	Bicycle	NA	1	FALSE	FALSE	1	Valley St	BARSTOW ST	2017-04-15	Two-Way, Divided, Unprotected (painted>4feet) Medium	Dry	Daylight	Clear	Not a Collision Between Two Motor Vehicles in Transport	No	No Controls	2	0	No Injury	NA	41.82406	-71.43959	FALSE	FALSE	Valley Street and Barstow Street, Providence, RI, USA	Med High	Raw	NA	FALSE	41.82406	-71.43959	2017	April	Olneyville	15	440070019001006
1684	2017-04-16	559728	12:55:00	Bicycle	NA	1	FALSE	FALSE	1	HILLCREST AVE	CHALKSTONE AVE	2017-04-16	Two-Way, Divided, Unprotected (painted>4feet) Medium	Dry	Daylight	Clear	Not a Collision Between Two Motor Vehicles in Transport	No	Stop Signs	2	1	Pain Reported	NA	41.83289	-71.45858	FALSE	FALSE	Hillcrest Ave and Chalkstone Ave, Providence, RI, USA	Med	Raw	NA	FALSE	41.83289	-71.45858	2017	April	Manton	5	440070024006024
1685	2017-04-16	559787	17:07:00	Bicycle	NA	1	FALSE	FALSE	1	EARLY ST	BROAD ST	2017-04-16	Two-Way , Not Divided	Dry	Daylight	Clear	Not a Collision Between Two Motor Vehicles in Transport	Yes	No Controls	1	1	Pain Reported	NA	41.79547	-71.41127	FALSE	FALSE	Early Street and Broad Street, Providence, RI, USA	Med High	Raw	NA	FALSE	41.79547	-71.41127	2017	April	Elmwood	9	440070005003015
1683	2017-04-17	560145	18:47:00	Pedestrian	1	NA	TRUE	FALSE	1	Branch Avenue	RT 146 South Exit Ramp	2017-04-17	Two-Way, Divided, Unprotected (painted>4feet) Medium	Dry	Dusk	Clear	Not a Collision Between Two Motor Vehicles in Transport	No	Traffic Control Signal	3	0	No Injury	NA	41.85338	-71.42771	FALSE	FALSE	Branch Avenue and Rt 146 South Exit Ramp, Providence, RI, USA	Med High	Raw	distance greater than 100m	TRUE	41.85338	-71.42771	2017	April	Wanskuck	4	440070028021007
1682	2017-04-18	560537	19:57:00	Bicycle	NA	1	FALSE	FALSE	1	COLLEGE ST	COLLEGE ST	2017-04-18	Two-Way , Not Divided	Dry	Dark - Lighted	Clear	Not a Collision Between Two Motor Vehicles in Transport	No	Traffic Control Signal	2	1	Pain Reported	NA	41.82564	-71.40785	FALSE	FALSE	College Street and College Street, Providence, RI, USA	Med	Raw	distance greater than 100m	TRUE	41.82564	-71.40785	2017	April	Downtown	1	440070036023022
1681	2017-04-19	560650	14:13:00	Pedestrian	1	NA	FALSE	FALSE	1	PENNSYLVANIA AVE	PRAIRIE AVE	2017-04-19	Two-Way , Not Divided	Dry	Daylight	Clear	Not a Collision Between Two Motor Vehicles in Transport	Yes	Stop Signs	2	1	Non-Incapacitating	NA	41.79785	-71.41152	FALSE	FALSE	Pennsylvania Ave and Prairie Ave, Providence, RI, USA	Med	Raw	NA	FALSE	41.79785	-71.41152	2017	April	Lower South Providence	10	440070005003002
1680	2017-04-23	561942	13:01:00	Pedestrian	1	NA	FALSE	FALSE	1	SMITH ST	HUXLEY AVE	2017-04-23	Two-Way , Not Divided	Dry	Daylight	Clear	Not a Collision Between Two Motor Vehicles in Transport	No	No Controls	3	1	Pain Reported	NA	41.83783	-71.43405	FALSE	FALSE	Smith Street and Huxley Ave, Providence, RI, USA	Med High	Raw	NA	FALSE	41.83783	-71.43405	2017	April	Elmhurst	5	440070023005012
1679	2017-04-25	563003	18:35:00	Pedestrian	1	NA	FALSE	FALSE	1	ACADEMY AVE	CHALKSTONE AVE	2017-04-25	Two-Way , Not Divided	Wet	Daylight	Rain	Not a Collision Between Two Motor Vehicles in Transport	No	Traffic Control Signal	3	1	Pain Reported	NA	41.83243	-71.44453	FALSE	FALSE	Academy Ave and Chalkstone Ave, Providence, RI, USA	Med High	Raw	NA	FALSE	41.83243	-71.44453	2017	April	Mount Pleasant	6	440070023003006
1677	2017-04-28	563569	00:51:00	Pedestrian	1	NA	FALSE	FALSE	1	STONELAW AVE	SHARON ST	2017-04-28	Two-Way , Not Divided	Dry	Dark - Lighted	Cloudy	Other	No	No Controls	3	0	No Injury	2	41.84682	-71.44274	FALSE	FALSE	Stonelaw Ave and Sharon Street, Providence, RI, USA	Med High	Raw	NA	FALSE	41.84682	-71.44274	2017	April	Elmhurst	14	440070024002016
1678	2017-04-28	563645	14:40:00	Pedestrian	1	NA	TRUE	FALSE	1	MANTON AVE	FRUIT HILL AVE	2017-04-28	Two-Way , Not Divided	Dry	Daylight	Clear	Not a Collision Between Two Motor Vehicles in Transport	No	Traffic Control Signal	3	0	No Injury	NA	41.83388	-71.46783	FALSE	FALSE	Manton Ave and Fruit Hill Ave, Providence, RI, USA	Med High	Raw	NA	FALSE	41.83388	-71.46783	2017	April	Manton	6	440070020002027
1676	2017-04-29	564089	16:22:00	Pedestrian	1	NA	FALSE	FALSE	1	895 ELMWOOD AVENUE	NA	2017-04-29	Two-Way , Not Divided	Dry	Daylight	Clear	Not a Collision Between Two Motor Vehicles in Transport	No	No Controls	4	1	Non-Incapacitating	NA	41.7882	-71.42084	TRUE	TRUE	895 Elmwood Avenue, Providence, RI, USA	High	Raw	NA	FALSE	41.7882	-71.42084	2017	April	Elmwood	8	440070002005018
1675	2017-04-30	564319	11:53:00	Pedestrian	1	NA	FALSE	FALSE	1	CRANSTON ST	HARRISON ST	2017-04-30	Two-Way , Not Divided	Dry	Daylight	Clear	Not a Collision Between Two Motor Vehicles in Transport	No	Stop Signs	3	1	Pain Reported	NA	41.81305	-71.42872	FALSE	FALSE	Cranston Street and Harrison Street, Providence, RI, USA	Med High	Raw	NA	FALSE	41.81305	-71.42872	2017	April	West End	13	440070012002009
1674	2017-05-01	564705	12:07:00	Bicycle	NA	1	FALSE	FALSE	1	GROVE ST	VINTON ST	2017-05-01	One-Way Trafficway	Dry	Daylight	Clear	Not a Collision Between Two Motor Vehicles in Transport	Yes	No Controls	3	1	Pain Reported	NA	41.82075	-71.42856	FALSE	FALSE	Grove Street and Vinton Street, Providence, RI, USA	Med High	Raw	NA	FALSE	41.82075	-71.42856	2017	May	Federal Hill	13	440070011001010
1673	2017-05-02	565279	16:42:00	Bicycle	NA	1	FALSE	FALSE	1	MANTON AVE	Unit St	2017-05-02	Two-Way, Divided, Unprotected (painted>4feet) Medium	Dry	Daylight	Clear	Angle (Front - to - Side) Right Angle (Includes Broadside)	No	No Controls	2	1	Pain Reported	NA	41.82538	-71.45468	FALSE	FALSE	Manton Ave and Unit Street, Providence, RI, USA	Med High	Raw	NA	FALSE	41.82538	-71.45468	2017	May	Olneyville	6	440070021022006
1672	2017-05-04	566153	17:37:00	Pedestrian	1	NA	FALSE	FALSE	1	MANTON AVE	PALFREY PL	2017-05-04	Two-Way , Not Divided	Dry	Daylight	Clear	Other	Yes	Traffic Control Signal	2	1	Pain Reported	NA	41.83389	-71.4677	FALSE	FALSE	Manton Ave and Palfrey Pl, Providence, RI, USA	Med High	Raw	NA	FALSE	41.83389	-71.4677	2017	May	Manton	6	440070020002027
1670	2017-05-05	566337	00:08:00	Bicycle	NA	1	FALSE	FALSE	1	CRANSTON ST	POTTERS AVE	2017-05-05	Two-Way, Divided, Unprotected (painted>4feet) Medium	Dry	Dark - Lighted	Clear	Not a Collision Between Two Motor Vehicles in Transport	No	No Controls	3	1	Non-Incapacitating	NA	41.80505	-71.43778	FALSE	FALSE	Cranston Street and Potters Ave, Providence, RI, USA	Med High	Raw	NA	FALSE	41.80505	-71.43778	2017	May	West End	8	440070014005016
1671	2017-05-05	566566	14:59:00	Pedestrian	1	NA	FALSE	FALSE	1	DOUGLAS AVE	EATON ST	2017-05-05	Two-Way , Not Divided	Wet	Daylight	Rain	Not a Collision Between Two Motor Vehicles in Transport	Yes	No Controls	1	1	Pain Reported	NA	41.84099	-71.4273	FALSE	FALSE	Douglas Ave and Eaton Street, Providence, RI, USA	Med High	Raw	NA	FALSE	41.84099	-71.4273	2017	May	Smith Hill	14	440070027003006
1668	2017-05-07	567253	18:42:00	Pedestrian	1	NA	FALSE	FALSE	1	15 CLEMATIS ST	CHALKSTONE AVE	2017-05-07	Two-Way , Not Divided	Dry	Daylight	Clear	Not a Collision Between Two Motor Vehicles in Transport	No	No Controls	3	1	Pain Reported	NA	41.83303	-71.4459	TRUE	FALSE	15 Clematis Street, Providence, RI, USA	High	Raw	NA	FALSE	41.83303	-71.4459	2017	May	Mount Pleasant	5	440070021013008
1669	2017-05-07	567341	00:01:00	Bicycle	NA	1	FALSE	FALSE	1	BROADWAY	COURTLAND ST	2017-05-07	Two-Way , Not Divided	Wet	Dark - Lighted	Cloudy	Other	Yes	No Controls	2	1	Pain Reported	2	41.81936	-71.43122	FALSE	FALSE	Broadway and Courtland Street, Providence, RI, USA	Med	Raw	NA	FALSE	41.81936	-71.43122	2017	May	Federal Hill	13	440070011001013
1665	2017-05-10	567889	08:59:00	Pedestrian	1	NA	FALSE	FALSE	1	PUBLIC ST	PRAIRIE AVE	2017-05-10	Two-Way, Divided, Unprotected (painted>4feet) Medium	Dry	Daylight	Clear	Not a Collision Between Two Motor Vehicles in Transport	Yes	Traffic Control Signal	5	1	Incapacitating	NA	41.80556	-71.41481	FALSE	FALSE	Public Street and Prairie Ave, Providence, RI, USA	Med High	Raw	NA	FALSE	41.80556	-71.41481	2017	May	Upper South Providence	11	440070004002008
1666	2017-05-10	567996	14:16:00	Pedestrian	1	NA	FALSE	FALSE	1	DEAN ST	W FOUNTAIN ST	2017-05-10	Two-Way , Not Divided	Dry	Daylight	Cloudy	Not a Collision Between Two Motor Vehicles in Transport	No	Pavement Markings	2	1	Pain Reported	NA	41.81955	-71.42104	FALSE	FALSE	Dean Street and W Fountain Street, Providence, RI, USA	Med	Raw	NA	FALSE	41.81955	-71.42104	2017	May	Federal Hill	13	440070011002010
1667	2017-05-10	568407	23:06:00	Pedestrian	1	NA	FALSE	FALSE	1	VALLEY ST	DEAN ST	2017-05-11	Two-Way, Divided, Unprotected (painted>4feet) Medium	Dry	Dark - Lighted	Clear	Not a Collision Between Two Motor Vehicles in Transport	No	Traffic Control Signal	2	1	Non-Incapacitating	NA	41.83149	-71.42836	FALSE	FALSE	Valley Street and Dean Street, Providence, RI, USA	Med	Raw	distance greater than 100m	TRUE	41.83149	-71.42836	2017	May	Valley	12	440070025001011
1664	2017-05-12	569842	21:27:00	Pedestrian	1	NA	FALSE	FALSE	1	375 Plainfield St	NA	2017-05-12	Two-Way , Not Divided	Dry	Dark - Lighted	Clear	Not a Collision Between Two Motor Vehicles in Transport	No	No Controls	2	1	Pain Reported	NA	41.81377	-71.44875	TRUE	TRUE	375 Plainfield Street, Providence, RI, USA	High	Geocoded	distance greater than 100m	TRUE	41.813786	-71.4505596	2017	May	Silver Lake	15	440070016011011
1663	2017-05-13	570185	13:06:00	Bicycle	NA	1	FALSE	FALSE	1	cranston st	wendell st	2017-05-16	Two-Way , Not Divided	Dry	Daylight	Cloudy	Not a Collision Between Two Motor Vehicles in Transport	No	No Controls	2	0	No Injury	NA	41.80938	-71.42439	FALSE	FALSE	Cranston Street and Wendell Street, Providence, RI, USA	Med High	Geocoded	distance greater than 100m	TRUE	41.8115212	-71.4315335	2017	May	West End	8	440070013002004
1661	2017-05-15	569919	10:59:00	Pedestrian	1	NA	FALSE	FALSE	1	635 ELMWOOD AVE	NA	2017-05-15	Two-Way, Divided, Positive Median Barrier	Wet	Daylight	Rain	Not a Collision Between Two Motor Vehicles in Transport	No	No Controls	4	1	Pain Reported	4	41.79479	-71.4245	TRUE	TRUE	635 Elmwood Ave, Providence, RI, USA	High	Raw	NA	FALSE	41.79479	-71.4245	2017	May	Elmwood	9	440070002002008
1662	2017-05-15	569971	15:30:00	Bicycle	NA	1	FALSE	FALSE	1	GALLUP ST	GORDON AVE	2017-05-15	Two-Way , Not Divided	Dry	Daylight	Cloudy	Not a Collision Between Two Motor Vehicles in Transport	No	Stop Signs	3	1	Pain Reported	NA	41.79971	-71.41403	FALSE	FALSE	Gallup Street and Gordon Ave, Providence, RI, USA	Med High	Raw	NA	FALSE	41.79971	-71.41403	2017	May	Lower South Providence	10	440070005002000
1659	2017-05-16	570432	14:23:00	Pedestrian	1	NA	FALSE	FALSE	1	DUTTON ST	ATWELLS AVE	2017-05-16	Two-Way , Not Divided	Dry	Daylight	Clear	Not a Collision Between Two Motor Vehicles in Transport	Yes	No Controls	1	1	Pain Reported	NA	41.82558	-71.45317	FALSE	FALSE	Dutton Street and Atwells Ave, Providence, RI, USA	Med High	Raw	NA	FALSE	41.82558	-71.45317	2017	May	Mount Pleasant	6	440070021024011
1660	2017-05-16	570503	17:47:00	Pedestrian	1	NA	FALSE	FALSE	1	BROAD ST	CLAVERICK ST	2017-05-16	Two-Way , Not Divided	Dry	Daylight	Clear	Not a Collision Between Two Motor Vehicles in Transport	No	Traffic Control Signal	7	1	Pain Reported	NA	41.81938	-71.41493	FALSE	FALSE	Broad Street and Claverick Street, Providence, RI, USA	Med	Raw	NA	FALSE	41.81938	-71.41493	2017	May	Downtown	1	440070008002004
1656	2017-05-18	570932	07:57:00	Pedestrian	1	NA	FALSE	FALSE	1	ATWELLS AVE	VALLEY ST	2017-05-18	Two-Way, Divided, Unprotected (painted>4feet) Medium	Dry	Daylight	Clear	Not a Collision Between Two Motor Vehicles in Transport	No	Traffic Control Signal	2	0	No Injury	NA	41.82456	-71.43948	FALSE	FALSE	Atwells Ave and Valley Street, Providence, RI, USA	Med High	Raw	NA	FALSE	41.82456	-71.43948	2017	May	Olneyville	15	440070025003031
1657	2017-05-18	571007	13:00:00	Bicycle	NA	1	FALSE	FALSE	1	DOUGLAS AVE	LUBEC ST	2017-05-18	Two-Way, Divided, Unprotected (painted>4feet) Medium	Dry	Daylight	Clear	Not a Collision Between Two Motor Vehicles in Transport	No	No Controls	2	1	Pain Reported	NA	41.84258	-71.44515	FALSE	FALSE	Douglas Ave and Lubec Street, Providence, RI, USA	Med High	Geocoded	distance greater than 100m	TRUE	41.8557294	-71.4416833	2017	May	Wanskuck	4	440070028021009
1658	2017-05-18	571177	15:38:00	Pedestrian	1	NA	FALSE	FALSE	1	RICHMOND ST	POINT ST	2017-05-18	Two-Way , Not Divided	Dry	Daylight	Clear	Not a Collision Between Two Motor Vehicles in Transport	No	Traffic Control Signal	3	1	Pain Reported	NA	41.81657	-71.40728	FALSE	FALSE	Richmond Street and Point Street, Providence, RI, USA	Med High	Raw	NA	FALSE	41.81657	-71.40728	2017	May	Downtown	1	440070006001024
1654	2017-05-19	571646	15:16:00	Bicycle	NA	1	FALSE	FALSE	1	WESTMINSTER ST	DEXTER ST	2017-05-19	Two-Way , Not Divided	Dry	Daylight	Clear	Not a Collision Between Two Motor Vehicles in Transport	Yes	Pavement Markings	1	0	No Injury	NA	41.81659	-71.43134	FALSE	FALSE	Westminster Street and Dexter Street, Providence, RI, USA	Med High	Raw	NA	FALSE	41.81659	-71.43134	2017	May	West End	13	440070010001017
1655	2017-05-19	572160	13:23:00	Bicycle	NA	NA	FALSE	FALSE	2	I 95 N	DOUGLAS AVE	2017-05-19	Two-Way , Not Divided	Dry	Daylight	Clear	Angle (Front - to - Side) Same Direction	Yes	No Controls	1	0	No Injury	NA	41.8347	-71.41607	FALSE	FALSE	I 95 N and Douglas Ave, Providence, RI, USA	Med High	Raw	distance greater than 100m	TRUE	41.8347	-71.41607	2017	May	Smith Hill	12	440070031003028
1653	2017-05-21	572355	03:47:00	Pedestrian	1	NA	FALSE	FALSE	1	BROAD ST	SOMERSET ST	2017-05-21	Two-Way , Not Divided	Dry	Dark - Lighted	Clear	Other	Yes	No Controls	3	1	Incapacitating	2	41.81373	-71.42156	FALSE	FALSE	Broad Street and Somerset Street, Providence, RI, USA	Med	Raw	NA	FALSE	41.81373	-71.42156	2017	May	West End	11	440070012001005
1651	2017-05-22	573119	15:40:00	Pedestrian	1	NA	FALSE	FALSE	1	SMITH ST	CHALKSTONE AVE	2017-05-22	Two-Way , Not Divided	Dry	Daylight	Rain	Not a Collision Between Two Motor Vehicles in Transport	No	No Controls	3	1	Pain Reported	NA	41.83521	-71.42565	FALSE	FALSE	Smith Street and Chalkstone Ave, Providence, RI, USA	Med High	Raw	NA	FALSE	41.83521	-71.42565	2017	May	Smith Hill	12	440070026003014
1652	2017-05-22	573133	15:03:00	Pedestrian	1	NA	FALSE	FALSE	1	UNION AVE	SORRENTO ST	2017-05-22	Two-Way, Divided, Unprotected (painted>4feet) Medium	Wet	Daylight	Cloudy	Not a Collision Between Two Motor Vehicles in Transport	No	No Controls	2	1	Non-Incapacitating	NA	41.81003	-71.4355	FALSE	FALSE	Union Ave and Sorrento Street, Providence, RI, USA	Med High	Raw	NA	FALSE	41.81003	-71.4355	2017	May	West End	8	440070013003004
1650	2017-05-25	574021	13:24:00	Pedestrian	1	NA	FALSE	FALSE	1	ATWELLS AVE	VALLEY ST	2017-05-25	Two-Way , Not Divided	Wet	Daylight	Rain	Not a Collision Between Two Motor Vehicles in Transport	No	Traffic Control Signal	4	1	Pain Reported	2	41.82456	-71.43949	FALSE	FALSE	Atwells Ave and Valley Street, Providence, RI, USA	Med High	Raw	NA	FALSE	41.82456	-71.43949	2017	May	Olneyville	15	440070025003031
1649	2017-05-29	575796	21:01:00	Pedestrian	1	NA	FALSE	FALSE	1	Huntington Ave	NA	2017-05-30	One-Way Trafficway	Dry	Dark - Lighted	Clear	Not a Collision Between Two Motor Vehicles in Transport	No	No Controls	5	1	Pain Reported	NA	41.80394	-71.43901	FALSE	TRUE	Huntington Ave, Providence, RI, USA	Inaccurate	Geocoded	distance greater than 100m	TRUE	41.8025522	-71.4361117	2017	May	West End	8	440070014004017
1648	2017-05-31	576369	12:47:00	Bicycle	NA	1	FALSE	FALSE	1	391 CHARLES ST	SILVER SPRING ST	2017-05-31	Two-Way , Not Divided	Dry	Daylight	Clear	Other	No	No Controls	4	1	Pain Reported	NA	41.84455	-71.41863	TRUE	FALSE	391 Charles Street, Providence, RI, USA	High	Raw	NA	FALSE	41.84455	-71.41863	2017	May	Charles	4	440070029004013
1647	2017-06-01	576803	21:40:00	Pedestrian	1	NA	FALSE	FALSE	1	PLAINFIELD ST	DUXBURY ST	2017-06-01	Two-Way , Not Divided	Dry	Dark - Lighted	Clear	Other	No	No Controls	2	1	Pain Reported	NA	41.81215	-71.46159	FALSE	FALSE	Plainfield Street and Duxbury Street, Providence, RI, USA	Med High	Raw	NA	FALSE	41.81215	-71.46159	2017	June	Silver Lake	7	440070018005007
1645	2017-06-02	576913	16:45:00	Bicycle	NA	1	FALSE	FALSE	1	PUMGANSETT ST	ADMIRAL ST	2017-06-02	Two-Way , Not Divided	Wet	Daylight	Cloudy	Not a Collision Between Two Motor Vehicles in Transport	No	Pavement Markings	3	1	Pain Reported	NA	41.84268	-71.422	FALSE	FALSE	Pumgansett Street and Admiral Street, Providence, RI, USA	Med High	Raw	NA	FALSE	41.84268	-71.422	2017	June	Wanskuck	4	440070027002010
1646	2017-06-02	576980	20:08:00	Bicycle	NA	1	FALSE	FALSE	1	HAMLIN ST	ELMWOOD AVE	2017-06-02	Two-Way , Not Divided	Dry	Daylight	Clear	Not a Collision Between Two Motor Vehicles in Transport	No	No Controls	2	0	No Injury	NA	41.7809	-71.42112	FALSE	FALSE	Hamlin Street and Elmwood Ave, Providence, RI, USA	Med High	Raw	NA	FALSE	41.7809	-71.42112	2017	June	South Elmwood	8	440070001024029
1643	2017-06-05	577920	15:00:00	Pedestrian	1	NA	FALSE	FALSE	1	PUBLIC ST	HILTON ST	2017-06-05	Two-Way , Not Divided	Dry	Daylight	Cloudy	Not a Collision Between Two Motor Vehicles in Transport	No	No Controls	2	1	Pain Reported	NA	41.80593	-71.41316	FALSE	FALSE	Public Street and Hilton Street, Providence, RI, USA	Med High	Raw	NA	FALSE	41.80593	-71.41316	2017	June	Upper South Providence	11	440070004002009
1644	2017-06-05	577944	18:50:00	Bicycle	NA	1	FALSE	FALSE	1	4TH ST	SUMMIT AVE	2017-06-05	Two-Way , Not Divided	Dry	Dark - Lighted	Clear	Other	Yes	No Controls	2	0	No Injury	NA	41.85052	-71.39825	FALSE	FALSE	4th Street and Summit Ave, Providence, RI, USA	Med	Raw	NA	FALSE	41.85052	-71.39825	2017	June	Hope	3	440070033004033
1641	2017-06-07	578785	07:51:00	Pedestrian	1	NA	FALSE	FALSE	1	SMITH STREET	STATE ST / GASPEE ST	2017-06-07	Two-Way, Divided, Unprotected (painted>4feet) Medium	Dry	Daylight	Clear	Not a Collision Between Two Motor Vehicles in Transport	No	Traffic Control Signal	3	1	Pain Reported	NA	41.83152	-71.41278	FALSE	FALSE	Smith Street and State Street / Gaspee Street, Providence, RI, USA	Med High	Raw	NA	FALSE	41.83152	-71.41278	2017	June	Downtown	12	440070031003034
1642	2017-06-07	578795	07:54:00	Pedestrian	1	NA	FALSE	FALSE	1	US HWY 6 E	WESTMINSTER ST	2017-06-07	One-Way Trafficway	Dry	Daylight	Cloudy	Head-On (Front - to - Front)	No	Traffic Control Signal	2	1	Pain Reported	2	41.81576	-71.43875	FALSE	FALSE	Us Hwy 6 E and Westminster Street, Providence, RI, USA	Med High	Raw	distance greater than 100m	TRUE	41.81576	-71.43875	2017	June	West End	13	440070010002009
1640	2017-06-09	579795	15:40:00	Bicycle	NA	1	FALSE	FALSE	1	POINT ST	PARSONAGE ST	2017-06-09	Two-Way , Not Divided	Dry	Daylight	Cloudy	Not a Collision Between Two Motor Vehicles in Transport	No	No Controls	6	1	Pain Reported	NA	41.81596	-71.40876	FALSE	FALSE	Point Street and Parsonage Street, Providence, RI, USA	Med High	Raw	NA	FALSE	41.81596	-71.40876	2017	June	Downtown	1	440070006001022
1639	2017-06-11	580350	03:36:00	Bicycle	NA	1	FALSE	FALSE	1	BROADWAY	EMPIRE ST	2017-06-11	Two-Way , Not Divided	Dry	Dark - Unknown Lighting	Clear	Not a Collision Between Two Motor Vehicles in Transport	Yes	No Controls	1	1	Pain Reported	2	41.82256	-71.41744	FALSE	FALSE	Broadway and Empire Street, Providence, RI, USA	Med	Raw	NA	FALSE	41.82256	-71.41744	2017	June	Downtown	1	440070008001058
1638	2017-06-12	581408	23:13:00	Pedestrian	1	NA	FALSE	FALSE	1	WATERMAN ST	COOKE ST	2017-06-13	One-Way Trafficway	Dry	Dark - Lighted	Clear	Other	No	No Controls	2	1	Non-Incapacitating	1	41.82762	-71.39502	FALSE	FALSE	Waterman Street and Cooke Street, Providence, RI, USA	Med High	Raw	NA	FALSE	41.82762	-71.39502	2017	June	College Hill	1	440070036013000
1637	2017-06-13	582052	19:59:00	Bicycle	NA	1	FALSE	FALSE	1	PEARL ST	PRAIRIE AVE	2017-06-13	Two-Way , Not Divided	Dry	Daylight	Clear	Angle (Front - to - Side) Right Angle (Includes Broadside)	Yes	Stop Signs	2	1	Incapacitating	2	41.81185	-71.41527	FALSE	FALSE	Pearl Street and Prairie Ave, Providence, RI, USA	Med	Raw	NA	FALSE	41.81185	-71.41527	2017	June	Upper South Providence	11	440070007001011
1635	2017-06-15	582589	12:42:00	Pedestrian	1	NA	FALSE	FALSE	1	BUTLER DR	BLACKSTONE BLVD	2017-06-15	Two-Way , Not Divided	Dry	Daylight	Clear	Not a Collision Between Two Motor Vehicles in Transport	No	Other	2	1	Pain Reported	NA	41.84622	-71.38698	FALSE	FALSE	Butler Dr and Blackstone Blvd, Providence, RI, USA	Med	Raw	distance greater than 100m	TRUE	41.84622	-71.38698	2017	June	Blackstone	2	440070034001005