row_number	crash_date	crash_report_id	crash_time	collision_type	count_pedestrian	count_bicycle	scooter	wheel_chair	number_of_vehicles	street_or_highway	nearest_intersection	report_date	type_of_roadway	road_surface_condition	light_condition	weather_condition	manner_of_impact	hit_and_run	traffic_control	person_count	injury_count	most_serious_injury	number_of_lanes	lat_raw	lon_raw	has_st_number	is_intersection_null	address_sent_to_geocoder	api_coord_conf	best_coordinate_set	reason_for_qa	manually_qaed_record	final_lat	final_lon	year	month	pvd_nhood	pvd_wards	geoid20
1455	2017-12-04	660417	13:01:00	Pedestrian	1	NA	FALSE	FALSE	1	BROADWAY	COURTLAND ST	2017-12-04	Two-Way , Not Divided	Dry	Daylight	Clear	Not a Collision Between Two Motor Vehicles in Transport	No	Pavement Markings	4	1	Pain Reported	NA	41.81936	-71.43122	FALSE	FALSE	Broadway and Courtland Street, Providence, RI, USA	Med	Raw	NA	FALSE	41.81936	-71.43122	2017	December	Federal Hill	13	440070011001013
1456	2017-12-04	661095	09:00:00	Pedestrian	1	NA	FALSE	FALSE	1	ADMIRAL ST	HAWKINS ST	2017-12-05	Two-Way , Not Divided	Dry	Dark - Lighted	Clear	Not a Collision Between Two Motor Vehicles in Transport	Yes	No Controls	1	1	Pain Reported	NA	41.84592	-71.42837	FALSE	FALSE	Admiral Street and Hawkins Street, Providence, RI, USA	Med High	Raw	NA	FALSE	41.84592	-71.42837	2017	December	Wanskuck	4	440070027001007
1451	2017-12-05	661150	16:39:00	Pedestrian	1	NA	FALSE	FALSE	1	HOPE ST	LAURISTON ST	2017-12-05	Two-Way, Divided, Unprotected (painted>4feet) Medium	Wet	Dark - Lighted	Rain	Not a Collision Between Two Motor Vehicles in Transport	No	Stop Signs	4	1	Pain Reported	NA	41.84865	-71.39519	FALSE	FALSE	Hope Street and Lauriston Street, Providence, RI, USA	Med High	Raw	NA	FALSE	41.84865	-71.39519	2017	December	Hope	3	440070033002015
1452	2017-12-05	661159	18:21:00	Pedestrian	1	NA	FALSE	FALSE	1	BROAD ST	MASSACHUSETTS AVE	2017-12-05	Two-Way , Not Divided	Wet	Dark - Lighted	Rain	Not a Collision Between Two Motor Vehicles in Transport	Yes	No Controls	1	1	Non-Incapacitating	NA	41.78632	-71.40191	FALSE	FALSE	Broad Street and Massachusetts Ave, Providence, RI, USA	Med	Raw	NA	FALSE	41.78632	-71.40191	2017	December	Washington Park	10	440070001014010
1453	2017-12-05	661350	20:05:00	Pedestrian	1	NA	FALSE	FALSE	1	WASHINGTON ST	EMPIRE ST	2017-12-05	Two-Way, Divided, Unprotected (painted>4feet) Medium	Wet	Dark - Lighted	Rain	Head-On (Front - to - Front)	No	Traffic Control Signal	3	1	Pain Reported	NA	41.82182	-71.41645	FALSE	FALSE	Washington Street and Empire Street, Providence, RI, USA	Med	Raw	NA	FALSE	41.82182	-71.41645	2017	December	Downtown	1	440070008001072
1454	2017-12-05	661394	18:35:00	Pedestrian	1	NA	FALSE	FALSE	1	GEORGE ST	THAYER ST	2017-12-05	Two-Way, Divided, Unprotected (painted>4feet) Medium	Wet	Dark - Lighted	Rain	Not a Collision Between Two Motor Vehicles in Transport	No	No Controls	3	1	Pain Reported	NA	41.82553	-71.40045	FALSE	FALSE	George Street and Thayer Street, Providence, RI, USA	Med	Raw	NA	FALSE	41.82553	-71.40045	2017	December	College Hill	2	440070036023025
1449	2017-12-06	661527	07:00:00	Pedestrian	1	NA	FALSE	FALSE	1	Manton Ave	NA	2017-12-06	Two-Way , Not Divided	Wet	Dawn	Cloudy	Not a Collision Between Two Motor Vehicles in Transport	Yes	Traffic Control Signal	3	1	Pain Reported	3	41.82537	-71.45463	FALSE	TRUE	Manton Ave, Providence, RI, USA	Inaccurate	Raw	distance greater than 100m	TRUE	41.82537	-71.45463	2017	December	Olneyville	6	440070021022005
1450	2017-12-06	661779	17:48:00	Pedestrian	1	NA	FALSE	FALSE	1	SMITH ST	COMMON ST	2017-12-06	Two-Way , Not Divided	Dry	Dark - Lighted	Cloudy	Not a Collision Between Two Motor Vehicles in Transport	No	Stop Signs	3	1	Pain Reported	NA	41.83266	-71.4192	FALSE	FALSE	Smith Street and Common Street, Providence, RI, USA	Med High	Raw	NA	FALSE	41.83266	-71.4192	2017	December	Smith Hill	12	440070026001015
1447	2017-12-10	664475	19:40:00	Pedestrian	1	NA	FALSE	FALSE	1	CHALKSTONE AVE	OAKWOOD AVE	2017-12-11	Two-Way , Not Divided	Dry	Dark - Lighted	Clear	Other	No	No Controls	3	1	Non-Incapacitating	2	41.83316	-71.45967	FALSE	FALSE	Chalkstone Ave and Oakwood Ave, Providence, RI, USA	Med High	Raw	NA	FALSE	41.83316	-71.45967	2017	December	Manton	5	440070024006026
1448	2017-12-10	665445	21:51:00	Pedestrian	1	NA	FALSE	FALSE	1	Westminster St	WESTMINSTER ST EXIT	2017-12-10	Two-Way , Not Divided	Dry	Daylight	Clear	Not a Collision Between Two Motor Vehicles in Transport	Yes	No Controls	1	1	Pain Reported	NA	41.81578	-71.43823	FALSE	FALSE	Westminster Street and Westminster St Exit, Providence, RI, USA	Med	Raw	distance greater than 100m	TRUE	41.81578	-71.43823	2017	December	West End	13	440070010002009
1443	2017-12-12	665496	17:28:00	Bicycle	NA	1	FALSE	FALSE	1	BATTEY ST	W FOUNTAIN ST	2017-12-12	Two-Way, Divided, Unprotected (painted>4feet) Medium	Wet	Dark - Lighted	Cloudy	Head-On (Front - to - Front)	Yes	Stop Signs	1	1	Non-Incapacitating	NA	41.81861	-71.4248	FALSE	FALSE	Battey Street and W Fountain Street, Providence, RI, USA	Med High	Raw	NA	FALSE	41.81861	-71.4248	2017	December	Federal Hill	13	440070011002007
1444	2017-12-12	665756	21:01:00	Pedestrian	1	NA	FALSE	FALSE	1	GEORGE ST	BROWN ST	2017-12-12	Two-Way , Not Divided	Dry	Dark - Lighted	Clear	Not a Collision Between Two Motor Vehicles in Transport	No	No Controls	2	1	Pain Reported	NA	41.82535	-71.40283	FALSE	FALSE	George Street and Brown Street, Providence, RI, USA	Med	Raw	NA	FALSE	41.82535	-71.40283	2017	December	College Hill	2	440070036023025
1445	2017-12-12	665912	19:50:00	Pedestrian	1	NA	FALSE	FALSE	1	Atwells Ave	DEAN ST	2017-12-13	Two-Way , Not Divided	Dry	Dark - Lighted	Clear	Not a Collision Between Two Motor Vehicles in Transport	Yes	Traffic Control Signal	2	1	Pain Reported	NA	41.82339	-71.4242	FALSE	FALSE	Atwells Ave and Dean Street, Providence, RI, USA	Med High	Raw	NA	FALSE	41.82339	-71.4242	2017	December	Federal Hill	13	440070009001030
1446	2017-12-12	666156	18:22:00	Pedestrian	1	NA	FALSE	FALSE	1	50 KENNEDY PLZ	DORRANCE ST	2017-12-13	Two-Way, Divided, Unprotected (painted>4feet) Medium	Dry	Dark - Not Lighted	Clear	Not a Collision Between Two Motor Vehicles in Transport	Yes	No Controls	1	0	No Injury	2	41.82425	-71.4122	TRUE	FALSE	50 Kennedy Plz, Providence, RI, USA	High	Raw	distance greater than 100m	TRUE	41.82425	-71.4122	2017	December	Downtown	1	440070008003016
1442	2017-12-14	666520	11:07:00	Pedestrian	1	NA	FALSE	FALSE	1	10 PARK ROW	NA	2017-12-14	Two-Way , Not Divided	Snow	Daylight	Snow	Other	No	No Controls	3	1	Non-Incapacitating	NA	41.83618	-71.41545	TRUE	TRUE	10 Park Row, Providence, RI, USA	High	Raw	distance greater than 100m	TRUE	41.83618	-71.41545	2017	December	Smith Hill	4	440070029004024
1440	2017-12-18	668981	11:55:00	Pedestrian	1	NA	FALSE	FALSE	1	Trask Street	EDDY ST	2017-12-18	Two-Way , Not Divided	Dry	Daylight	Clear	Not a Collision Between Two Motor Vehicles in Transport	No	Stop Signs	4	0	No Injury	NA	41.8052	-71.40714	FALSE	FALSE	Trask Street and Eddy Street, Providence, RI, USA	Med High	Raw	NA	FALSE	41.8052	-71.40714	2017	December	Lower South Providence	11	440070006001076
1441	2017-12-18	669271	20:40:00	Pedestrian	1	NA	FALSE	FALSE	1	STAR ST	North Main Street	2017-12-18	One-Way Trafficway	Wet	Dark - Lighted	Clear	Not a Collision Between Two Motor Vehicles in Transport	No	Stop Signs	2	1	Pain Reported	NA	41.83195	-71.41052	FALSE	FALSE	Star Street and North Main Street, Providence, RI, USA	Med	Raw	NA	FALSE	41.83195	-71.41052	2017	December	College Hill	3	440070031004017
1439	2017-12-19	669669	17:20:00	Pedestrian	1	NA	FALSE	FALSE	1	711 Broad Street	PUBLIC ST	2017-12-19	Two-Way , Not Divided	Dry	Dark - Lighted	Clear	Not a Collision Between Two Motor Vehicles in Transport	No	No Controls	2	1	Pain Reported	NA	41.80448	-71.41937	TRUE	FALSE	711 Broad Street, Providence, RI, USA	High	Raw	NA	FALSE	41.80448	-71.41937	2017	December	Elmwood	11	440070004002006
1438	2017-12-21	670891	16:57:00	Bicycle	NA	1	FALSE	FALSE	1	HARRIS AVE	ATWELLS AVE	2017-12-21	Two-Way, Divided, Positive Median Barrier	Dry	Dark - Lighted	Clear	Not a Collision Between Two Motor Vehicles in Transport	No	Traffic Control Signal	3	1	Non-Incapacitating	2	41.82451	-71.43532	FALSE	FALSE	Harris Ave and Atwells Ave, Providence, RI, USA	Med High	Raw	NA	FALSE	41.82451	-71.43532	2017	December	Olneyville	13	440070025003035
1437	2017-12-27	673142	19:01:00	Pedestrian	1	NA	FALSE	FALSE	1	KENNEDY PLZ	ARCADE ST	2017-12-27	Two-Way, Divided, Unprotected (painted>4feet) Medium	Dry	Dark - Lighted	Clear	Not a Collision Between Two Motor Vehicles in Transport	Yes	Pavement Markings	1	1	Non-Incapacitating	2	41.82481	-71.41146	FALSE	FALSE	Kennedy Plz and Arcade Street, Providence, RI, USA	Med High	Raw	NA	FALSE	41.82481	-71.41146	2017	December	Downtown	1	440070008003016
1436	2018-01-02	675267	16:59:00	Pedestrian	2	NA	FALSE	FALSE	1	HARRIS AVE	PROVIDENCE PLACE	2018-01-02	One-Way Trafficway	Snow	Dark - Lighted	Clear	Not a Collision Between Two Motor Vehicles in Transport	No	No Controls	3	2	Pain Reported	1	41.82779	-71.41904	FALSE	FALSE	Harris Ave and Providence Place, Providence, RI, USA	Med High	Raw	NA	FALSE	41.82779	-71.41904	2018	January	Smith Hill	13	440070025003004
1434	2018-01-03	675451	08:24:00	Pedestrian	1	NA	FALSE	FALSE	1	CROMWELL ST	BUCKLIN ST	2018-01-03	Two-Way, Divided, Unprotected (painted>4feet) Medium	Dry	Daylight	Clear	Other	No	Stop Signs	3	0	No Injury	NA	41.80878	-71.42463	FALSE	FALSE	Cromwell Street and Bucklin Street, Providence, RI, USA	Med High	Geocoded	distance greater than 100m	TRUE	41.8090645	-71.4280139	2018	January	West End	11	440070012003013
1435	2018-01-03	675559	14:31:00	Pedestrian	1	NA	FALSE	FALSE	1	48 BRIDGHAM ST	NA	2018-01-03	Two-Way , Not Divided	Dry	Daylight	Clear	Not a Collision Between Two Motor Vehicles in Transport	Yes	No Controls	1	1	Pain Reported	NA	41.81274	-71.42542	TRUE	TRUE	48 Bridgham Street, Providence, RI, USA	High	Raw	NA	FALSE	41.81274	-71.42542	2018	January	West End	11	440070012001002
1433	2018-01-05	676180	12:14:00	Pedestrian	1	NA	FALSE	FALSE	1	HARTFORD AVE	BOWLETT ST	2018-01-05	Two-Way , Not Divided	Dry	Daylight	Clear	Not a Collision Between Two Motor Vehicles in Transport	No	No Controls	3	1	Pain Reported	NA	41.81911	-71.46252	FALSE	FALSE	Hartford Ave and Bowlett Street, Providence, RI, USA	Med High	Raw	NA	FALSE	41.81911	-71.46252	2018	January	Hartford	7	440070018001016
1431	2018-01-08	678070	11:45:00	Pedestrian	1	NA	FALSE	FALSE	1	EXCHANGE TER	EXCHANGE ST	2018-01-08	Two-Way , Not Divided	Wet	Daylight	Clear	Other	No	No Controls	3	1	Pain Reported	NA	41.82581	-71.41246	FALSE	FALSE	Exchange Ter and Exchange Street, Providence, RI, USA	Med High	Raw	distance greater than 100m	TRUE	41.82581	-71.41246	2018	January	Downtown	1	440070008001042
1432	2018-01-08	678239	17:13:00	Pedestrian	1	NA	FALSE	FALSE	1	Bridgham Street	WESTMINSTER ST	2018-01-08	Two-Way, Divided, Unprotected (painted>4feet) Medium	Wet	Daylight	Clear	Not a Collision Between Two Motor Vehicles in Transport	Yes	Stop Signs	1	1	Pain Reported	NA	41.81693	-71.42849	FALSE	FALSE	Bridgham Street and Westminster Street, Providence, RI, USA	Med High	Raw	NA	FALSE	41.81693	-71.42849	2018	January	West End	13	440070011002027
1429	2018-01-11	680330	17:23:00	Pedestrian	1	NA	FALSE	FALSE	1	WESTMINSTER ST	DEXTER ST	2018-01-11	Two-Way , Not Divided	Wet	Dark - Lighted	Clear	Not a Collision Between Two Motor Vehicles in Transport	Yes	No Controls	3	1	Incapacitating	NA	41.81659	-71.43134	FALSE	FALSE	Westminster Street and Dexter Street, Providence, RI, USA	Med High	Raw	NA	FALSE	41.81659	-71.43134	2018	January	West End	13	440070010001017
1430	2018-01-11	680386	16:33:00	Pedestrian	1	NA	FALSE	FALSE	1	67 glenbridge ave	RICHLAND ST	2018-01-11	Two-Way , Not Divided	Wet	Dark - Lighted	Clear	Not a Collision Between Two Motor Vehicles in Transport	No	No Controls	4	1	Pain Reported	NA	41.824	-71.45978	TRUE	FALSE	67 Glenbridge Ave, Providence, RI, USA	High	Raw	NA	FALSE	41.824	-71.45978	2018	January	Manton	6	440070020002046
1427	2018-01-12	680963	18:34:00	Pedestrian	1	NA	FALSE	FALSE	1	POTTERS AVE	CRANSTON ST	2018-01-12	Two-Way , Not Divided	Wet	Dark - Lighted	Rain	Not a Collision Between Two Motor Vehicles in Transport	Yes	No Controls	1	1	Pain Reported	2	41.80496	-71.43755	FALSE	FALSE	Potters Ave and Cranston Street, Providence, RI, USA	Med High	Raw	NA	FALSE	41.80496	-71.43755	2018	January	West End	8	440070014004003
1428	2018-01-12	681016	18:57:00	Pedestrian	1	NA	FALSE	FALSE	1	BROAD ST	BROAD ST	2018-01-12	Two-Way, Divided, Unprotected (painted>4feet) Medium	Wet	Dark - Lighted	Rain	Not a Collision Between Two Motor Vehicles in Transport	No	No Controls	2	1	Non-Incapacitating	NA	41.81348	-71.42158	FALSE	FALSE	Broad Street and Broad Street, Providence, RI, USA	Med	Raw	distance greater than 100m	TRUE	41.81348	-71.42158	2018	January	West End	11	440070007003019
1426	2018-01-13	681247	13:06:00	Pedestrian	1	NA	FALSE	FALSE	1	TERRACE AVE	WALLACE ST	2018-01-13	Two-Way , Not Divided	Dry	Daylight	Clear	Not a Collision Between Two Motor Vehicles in Transport	No	Stop Signs	3	1	Pain Reported	NA	41.80845	-71.45217	FALSE	FALSE	Terrace Ave and Wallace Street, Providence, RI, USA	Med High	Raw	NA	FALSE	41.80845	-71.45217	2018	January	Silver Lake	15	440070016023001
1425	2018-01-14	681838	11:44:00	Pedestrian	1	NA	FALSE	FALSE	1	WESTMINSTER ST	EMPIRE ST	2018-01-14	Two-Way , Not Divided	Dry	Daylight	Clear	Not a Collision Between Two Motor Vehicles in Transport	No	Traffic Control Signal	2	1	Pain Reported	NA	41.82097	-71.41532	FALSE	FALSE	Westminster Street and Empire Street, Providence, RI, USA	Med High	Raw	NA	FALSE	41.82097	-71.41532	2018	January	Downtown	1	440070008003071
1424	2018-01-18	683327	17:57:00	Pedestrian	1	NA	FALSE	FALSE	1	manton ave	pelham st	2018-01-18	Two-Way , Not Divided	Dry	Dark - Lighted	Cloudy	Not a Collision Between Two Motor Vehicles in Transport	No	No Controls	2	1	Incapacitating	NA	41.8209	-71.44776	FALSE	FALSE	Manton Ave and Pelham Street, Providence, RI, USA	Med High	Raw	NA	FALSE	41.8209	-71.44776	2018	January	Olneyville	15	440070019005010
1423	2018-01-21	684438	17:59:00	Pedestrian	1	NA	FALSE	FALSE	1	POCASSET AVE	MAGNOLIA ST	2018-01-21	Two-Way , Not Divided	Dry	Dark - Lighted	Clear	Not a Collision Between Two Motor Vehicles in Transport	No	No Controls	5	0	No Injury	NA	41.81191	-71.44996	FALSE	FALSE	Pocasset Ave and Magnolia Street, Providence, RI, USA	Med High	Raw	NA	FALSE	41.81191	-71.44996	2018	January	Silver Lake	15	440070016012015
1422	2018-01-23	685030	08:36:00	Pedestrian	1	NA	FALSE	FALSE	1	ROANOKE ST	MOUNT PLEASANT AVE	2018-01-23	Two-Way, Divided, Unprotected (painted>4feet) Medium	Wet	Daylight	Sleet, Hail (Freezing Rain or Drizzle)	Not a Collision Between Two Motor Vehicles in Transport	No	No Controls	2	1	Pain Reported	NA	41.83124	-71.44948	FALSE	FALSE	Roanoke Street and Mount Pleasant Ave, Providence, RI, USA	Med High	Raw	NA	FALSE	41.83124	-71.44948	2018	January	Mount Pleasant	6	440070021025002
1421	2018-01-25	686787	19:30:00	Bicycle	NA	1	FALSE	FALSE	1	MEETING ST	BROWN ST	2018-01-26	Two-Way , Not Divided	Dry	Dark - Lighted	Clear	Not a Collision Between Two Motor Vehicles in Transport	No	No Controls	2	0	No Injury	NA	41.82898	-71.40341	FALSE	FALSE	Meeting Street and Brown Street, Providence, RI, USA	Med High	Raw	NA	FALSE	41.82898	-71.40341	2018	January	College Hill	2	440070036023000
1420	2018-01-26	687173	17:22:00	Pedestrian	1	NA	FALSE	FALSE	1	S MAIN ST	TRANSIT ST	2018-01-26	Two-Way , Not Divided	Dry	Daylight	Clear	Not a Collision Between Two Motor Vehicles in Transport	No	Stop Signs	4	1	Pain Reported	NA	41.82011	-71.40298	FALSE	FALSE	S Main Street and Transit Street, Providence, RI, USA	Med High	Raw	NA	FALSE	41.82011	-71.40298	2018	January	Fox Point	1	440070037002034
1419	2018-01-28	687837	18:30:00	Pedestrian	1	NA	FALSE	FALSE	1	HARTFORD AVE	MANTON AVE	2018-01-28	One-Way Trafficway	Wet	Dark - Lighted	Clear	Not a Collision Between Two Motor Vehicles in Transport	Yes	Traffic Control Signal	3	1	Pain Reported	NA	41.81685	-71.44356	FALSE	FALSE	Hartford Ave and Manton Ave, Providence, RI, USA	Med	Raw	distance greater than 100m	TRUE	41.81685	-71.44356	2018	January	Olneyville	15	440070019002013
1418	2018-01-29	688324	17:54:00	Pedestrian	1	NA	FALSE	FALSE	1	Brook St	Manning Walk	2018-01-29	Two-Way , Not Divided	Dry	Dark - Lighted	Cloudy	Not a Collision Between Two Motor Vehicles in Transport	No	Warning Signs	4	1	Incapacitating	2	41.82653	-71.39919	FALSE	FALSE	Brook Street and Manning Walk, Providence, RI, USA	Med High	Raw	NA	FALSE	41.82653	-71.39919	2018	January	College Hill	1	440070036011023
1417	2018-02-01	690041	20:45:00	Bicycle	NA	1	FALSE	FALSE	1	WASHINGTON ST	GREENE ST	2018-02-01	Two-Way, Divided, Unprotected (painted>4feet) Medium	Dry	Dark - Lighted	Clear	Not a Collision Between Two Motor Vehicles in Transport	Yes	Traffic Control Signal	1	1	Non-Incapacitating	2	41.82126	-71.4172	FALSE	FALSE	Washington Street and Greene Street, Providence, RI, USA	Med	Raw	NA	FALSE	41.82126	-71.4172	2018	February	Downtown	1	440070008001074
1416	2018-02-05	691126	09:51:00	Pedestrian	1	NA	FALSE	FALSE	1	DORRANCE ST	FULTON ST	2018-02-05	Two-Way , Not Divided	Wet	Daylight	Clear	Not a Collision Between Two Motor Vehicles in Transport	Yes	Traffic Control Signal	1	1	Pain Reported	2	41.82411	-71.41234	FALSE	FALSE	Dorrance Street and Fulton Street, Providence, RI, USA	Med High	Raw	NA	FALSE	41.82411	-71.41234	2018	February	Downtown	1	440070008003016
1415	2018-02-06	691958	17:33:00	Pedestrian	1	NA	FALSE	FALSE	1	HOPE ST	5TH ST	2018-02-06	Two-Way, Divided, Unprotected (painted>4feet) Medium	Dry	Dark - Lighted	Clear	Not a Collision Between Two Motor Vehicles in Transport	No	Pavement Markings	3	1	Non-Incapacitating	2	41.84993	-71.39458	FALSE	FALSE	Hope Street and 5th Street, Providence, RI, USA	Med High	Raw	NA	FALSE	41.84993	-71.39458	2018	February	Hope	3	440070033002017
1414	2018-02-07	692247	20:53:00	Pedestrian	1	NA	FALSE	FALSE	1	Admiral Street	BERKSHIRE ST	2018-02-08	Two-Way, Divided, Unprotected (painted>4feet) Medium	Wet	Dark - Lighted	Rain	Not a Collision Between Two Motor Vehicles in Transport	No	Stop Signs	2	1	Pain Reported	NA	41.84417	-71.4237	FALSE	FALSE	Admiral Street and Berkshire Street, Providence, RI, USA	Med High	Raw	NA	FALSE	41.84417	-71.4237	2018	February	Wanskuck	4	440070027002015
1412	2018-02-09	692603	08:34:00	Pedestrian	1	NA	FALSE	FALSE	1	EXCHANGE ST	EXCHANGE TER	2018-02-09	Two-Way , Not Divided	Dry	Daylight	Clear	Not a Collision Between Two Motor Vehicles in Transport	No	Pavement Markings	2	1	Pain Reported	NA	41.82621	-71.41169	FALSE	FALSE	Exchange Street and Exchange Ter, Providence, RI, USA	Med High	Raw	NA	FALSE	41.82621	-71.41169	2018	February	Downtown	1	440070008001043
1413	2018-02-09	692872	19:18:00	Pedestrian	1	NA	FALSE	FALSE	1	150 Eaton Street	HUXLEY AVE	2018-02-09	Two-Way, Divided, Unprotected (painted>4feet) Medium	Dry	Dark - Lighted	Clear	Not a Collision Between Two Motor Vehicles in Transport	Yes	No Controls	2	1	Pain Reported	NA	41.84143	-71.43306	TRUE	FALSE	150 Eaton Street, Providence, RI, USA	High	Raw	NA	FALSE	41.84143	-71.43306	2018	February	Elmhurst	5	440070024003000
1411	2018-02-11	693419	02:06:00	Pedestrian	1	NA	FALSE	FALSE	1	Fountain Street	EMPIRE ST	2018-02-11	One-Way Trafficway	Wet	Dark - Lighted	Rain	Not a Collision Between Two Motor Vehicles in Transport	Yes	Traffic Control Signal	1	1	Pain Reported	NA	41.82237	-71.41709	FALSE	FALSE	Fountain Street and Empire Street, Providence, RI, USA	Med High	Raw	NA	FALSE	41.82237	-71.41709	2018	February	Downtown	1	440070008001073
1410	2018-02-13	694544	15:50:00	Pedestrian	1	NA	FALSE	FALSE	1	BLACKSTONE BLVD	ROCHAMBEAU AVE	2018-02-13	Two-Way , Not Divided	Dry	Daylight	Clear	Not a Collision Between Two Motor Vehicles in Transport	No	No Controls	5	1	Pain Reported	NA	41.84554	-71.38722	FALSE	FALSE	Blackstone Blvd and Rochambeau Ave, Providence, RI, USA	Med High	Raw	NA	FALSE	41.84554	-71.38722	2018	February	Blackstone	2	440070034001005
1407	2018-02-16	695805	12:34:00	Bicycle	NA	1	FALSE	FALSE	1	ADMIRAL ST	DOUGLAS AVE	2018-02-16	Two-Way , Not Divided	Dry	Daylight	Cloudy	Not a Collision Between Two Motor Vehicles in Transport	No	No Controls	4	1	Pain Reported	NA	41.84607	-71.42907	FALSE	FALSE	Admiral Street and Douglas Ave, Providence, RI, USA	Med High	Raw	NA	FALSE	41.84607	-71.42907	2018	February	Wanskuck	14	440070027001007
1408	2018-02-16	695811	13:33:00	Pedestrian	1	NA	FALSE	FALSE	1	877 Chalkstone Ave	LISBON ST	2018-02-16	Two-Way , Not Divided	Dry	Daylight	Clear	Not a Collision Between Two Motor Vehicles in Transport	No	No Controls	4	1	Pain Reported	2	41.83331	-71.43655	TRUE	FALSE	877 Chalkstone Ave, Providence, RI, USA	High	Raw	NA	FALSE	41.83331	-71.43655	2018	February	Elmhurst	5	440070023002010
1409	2018-02-16	696187	18:46:00	Bicycle	NA	1	FALSE	FALSE	1	EMPIRE ST	BROADWAY	2018-02-16	Two-Way , Not Divided	Dry	Dark - Lighted	Clear	Not a Collision Between Two Motor Vehicles in Transport	No	Traffic Control Signal	2	0	No Injury	NA	41.82272	-71.41751	FALSE	FALSE	Empire Street and Broadway, Providence, RI, USA	Med High	Raw	NA	FALSE	41.82272	-71.41751	2018	February	Downtown	1	440070008001058
1405	2018-02-17	696306	15:38:00	Pedestrian	1	NA	FALSE	FALSE	1	Cranston Street	DEXTER ST	2018-02-17	Two-Way, Divided, Unprotected (painted>4feet) Medium	Dry	Daylight	Clear	Not a Collision Between Two Motor Vehicles in Transport	Yes	No Controls	1	1	Pain Reported	NA	41.8126	-71.42959	FALSE	FALSE	Cranston Street and Dexter Street, Providence, RI, USA	Med High	Raw	NA	FALSE	41.8126	-71.42959	2018	February	West End	11	440070012002009
1406	2018-02-17	696381	19:14:00	Pedestrian	1	NA	FALSE	FALSE	1	BORDEN ST	PLAIN ST	2018-02-17	Two-Way , Not Divided	Snow	Dark - Lighted	Snow	Not a Collision Between Two Motor Vehicles in Transport	No	No Controls	2	1	Pain Reported	NA	41.81332	-71.41151	FALSE	FALSE	Borden Street and Plain Street, Providence, RI, USA	Med High	Raw	NA	FALSE	41.81332	-71.41151	2018	February	Upper South Providence	11	440070006001066
1404	2018-02-20	697438	18:08:00	Pedestrian	3	NA	FALSE	FALSE	1	VIRGINIA LN	FERNANDO ST	2018-02-20	Two-Way , Not Divided	Dry	Dark - Lighted	Clear	Not a Collision Between Two Motor Vehicles in Transport	Yes	No Controls	3	1	Pain Reported	NA	41.84767	-71.43076	FALSE	FALSE	Virginia Ln and Fernando Street, Providence, RI, USA	Med High	Raw	NA	FALSE	41.84767	-71.43076	2018	February	Wanskuck	14	440070028022014
1403	2018-02-21	697810	18:03:00	Pedestrian	1	NA	FALSE	FALSE	1	BROADWAY	HARRIS AVE	2018-02-21	Two-Way, Divided, Unprotected (painted>4feet) Medium	Dry	Dark - Lighted	Clear	Other	No	Stop Signs	4	1	Pain Reported	NA	41.81705	-71.44029	FALSE	FALSE	Broadway and Harris Ave, Providence, RI, USA	Med	Raw	NA	FALSE	41.81705	-71.44029	2018	February	Olneyville	15	440070019001016
1402	2018-02-22	698399	19:51:00	Pedestrian	1	NA	FALSE	FALSE	1	CHARLES ST	CHARLES ST	2018-02-22	Two-Way , Not Divided	Dry	Dark - Lighted	Clear	Not a Collision Between Two Motor Vehicles in Transport	No	No Controls	3	1	Pain Reported	NA	41.85245	-71.42032	FALSE	FALSE	Charles Street and Charles Street, Providence, RI, USA	Med	Raw	distance greater than 100m	TRUE	41.85245	-71.42032	2018	February	Charles	4	440070029003004
1400	2018-02-23	698978	18:00:00	Pedestrian	1	NA	FALSE	FALSE	1	SMITHFIELD AVE	SMITHFIELD AVE	2018-02-23	Two-Way, Divided, Unprotected (painted>4feet) Medium	Wet	Dark - Lighted	Rain	Not a Collision Between Two Motor Vehicles in Transport	No	No Controls	6	1	Fatal	2	41.85868	-71.41096	FALSE	FALSE	Smithfield Ave and Smithfield Ave, Providence, RI, USA	Med High	Raw	distance greater than 100m	TRUE	41.85868	-71.41096	2018	February	Charles	4	440070029001002
1401	2018-02-23	699129	11:00:00	Bicycle	NA	1	FALSE	FALSE	1	ACADEMY AVE	ATWELLS AVE	2018-02-24	Two-Way , Not Divided	Wet	Daylight	Rain	Angle (Front - to - Side) Right Angle (Includes Broadside)	No	Traffic Control Signal	2	0	No Injury	NA	41.82479	-71.4434	FALSE	FALSE	Academy Ave and Atwells Ave, Providence, RI, USA	Med High	Raw	NA	FALSE	41.82479	-71.4434	2018	February	Olneyville	6	440070022003014