row_number	crash_date	crash_report_id	crash_time	collision_type	count_pedestrian	count_bicycle	scooter	wheel_chair	number_of_vehicles	street_or_highway	nearest_intersection	report_date	type_of_roadway	road_surface_condition	light_condition	weather_condition	manner_of_impact	hit_and_run	traffic_control	person_count	injury_count	most_serious_injury	number_of_lanes	lat_raw	lon_raw	has_st_number	is_intersection_null	address_sent_to_geocoder	api_coord_conf	best_coordinate_set	reason_for_qa	manually_qaed_record	final_lat	final_lon	year	month	pvd_nhood	pvd_wards	geoid20
1396	2018-02-24	699498	17:31:00	Pedestrian	1	NA	FALSE	FALSE	1	1297 BROAD ST	NA	2018-02-24	Two-Way , Not Divided	Wet	Dark - Lighted	Rain	Not a Collision Between Two Motor Vehicles in Transport	No	No Controls	4	1	Pain Reported	NA	41.79108	-71.40593	TRUE	TRUE	1297 Broad Street, Providence, RI, USA	High	Raw	NA	FALSE	41.79108	-71.40593	2018	February	Washington Park	10	440070001021010
1397	2018-02-24	699513	17:48:00	Pedestrian	1	NA	FALSE	FALSE	1	LINWOOD AVE	CRANSTON ST	2018-02-24	Two-Way , Not Divided	Wet	Dark - Lighted	Rain	Not a Collision Between Two Motor Vehicles in Transport	No	Traffic Control Signal	2	1	Pain Reported	NA	41.80708	-71.43585	FALSE	FALSE	Linwood Ave and Cranston Street, Providence, RI, USA	Med High	Raw	NA	FALSE	41.80708	-71.43585	2018	February	West End	8	440070014003006
1398	2018-02-24	699654	15:38:00	Bicycle	NA	1	FALSE	FALSE	1	MANTON AVE	HYAT ST	2018-02-24	Two-Way, Divided, Unprotected (painted>4feet) Medium	Dry	Daylight	Rain	Not a Collision Between Two Motor Vehicles in Transport	Yes	Pavement Markings	1	0	No Injury	2	41.82139	-71.44843	FALSE	FALSE	Manton Ave and Hyat Street, Providence, RI, USA	Med High	Raw	NA	FALSE	41.82139	-71.44843	2018	February	Olneyville	15	440070019005009
1399	2018-02-24	704133	17:42:00	Pedestrian	1	NA	FALSE	FALSE	1	DOUGLAS AVENUE	EATON STREET	2018-03-07	Two-Way , Not Divided	Dry	Dark - Lighted	Clear	Other	Yes	Traffic Control Signal	1	0	Unknown	NA	41.83457	-71.41644	FALSE	FALSE	Douglas Avenue and Eaton Street, Providence, RI, USA	Med High	Geocoded	distance greater than 100m	TRUE	41.8410051	-71.4273088	2018	February	Smith Hill	14	440070027003006
1394	2018-02-25	699965	02:48:00	Pedestrian	1	NA	FALSE	FALSE	1	BROAD ST	BROAD ST	2018-02-25	Two-Way , Not Divided	Dry	Dark - Lighted	Clear	Head-On (Front - to - Front)	Yes	No Controls	4	1	Pain Reported	NA	41.79215	-71.40714	FALSE	FALSE	Broad Street and Broad Street, Providence, RI, USA	Med	Raw	distance greater than 100m	TRUE	41.79215	-71.40714	2018	February	Washington Park	10	440070001021005
1395	2018-02-25	700132	16:14:00	Pedestrian	1	NA	FALSE	FALSE	1	CHALKSTONE AVE	BERLIN ST	2018-02-25	Two-Way , Not Divided	Wet	Daylight	Rain	Not a Collision Between Two Motor Vehicles in Transport	Yes	No Controls	1	1	Pain Reported	2	41.83227	-71.44158	FALSE	FALSE	Chalkstone Ave and Berlin Street, Providence, RI, USA	Med High	Raw	NA	FALSE	41.83227	-71.44158	2018	February	Valley	6	440070023003003
1393	2018-02-27	700739	14:20:00	Pedestrian	1	NA	FALSE	FALSE	1	DORRANCE ST	WESTMINSTER ST	2018-02-27	Two-Way , Not Divided	Dry	Daylight	Clear	Not a Collision Between Two Motor Vehicles in Transport	No	Traffic Control Signal	2	1	Pain Reported	NA	41.8236	-71.41165	FALSE	FALSE	Dorrance Street and Westminster Street, Providence, RI, USA	Med High	Raw	NA	FALSE	41.8236	-71.41165	2018	February	Downtown	1	440070008003029
1392	2018-03-01	701370	08:05:00	Pedestrian	1	NA	FALSE	FALSE	1	BROADWAY	KNIGHT ST	2018-03-01	Two-Way , Not Divided	Dry	Daylight	Clear	Not a Collision Between Two Motor Vehicles in Transport	No	Pavement Markings	3	1	Pain Reported	NA	41.8198	-71.42936	FALSE	FALSE	Broadway and Knight Street, Providence, RI, USA	Med	Raw	NA	FALSE	41.8198	-71.42936	2018	March	Federal Hill	13	440070011001015
1389	2018-03-02	702124	13:20:00	Pedestrian	1	NA	FALSE	FALSE	1	BROAD ST	BROAD ST	2018-03-02	Two-Way , Not Divided	Wet	Daylight	Rain	Not a Collision Between Two Motor Vehicles in Transport	No	No Controls	3	1	Non-Incapacitating	NA	41.79692	-71.41307	FALSE	FALSE	Broad Street and Broad Street, Providence, RI, USA	Med	Raw	distance greater than 100m	TRUE	41.79692	-71.41307	2018	March	Elmwood	10	440070005003008
1390	2018-03-02	702183	19:07:00	Pedestrian	1	NA	FALSE	FALSE	1	BROADWAY	HARKNESS ST	2018-03-02	Two-Way , Not Divided	Wet	Dark - Lighted	Clear	Not a Collision Between Two Motor Vehicles in Transport	No	No Controls	3	1	Pain Reported	NA	41.81862	-71.43441	FALSE	FALSE	Broadway and Harkness Street, Providence, RI, USA	Med	Raw	NA	FALSE	41.81862	-71.43441	2018	March	Federal Hill	13	440070010001013
1391	2018-03-02	702324	21:16:00	Pedestrian	1	NA	FALSE	FALSE	1	Cranston St	DEXTER ST	2018-03-02	Two-Way , Not Divided	Wet	Dark - Lighted	Rain	Not a Collision Between Two Motor Vehicles in Transport	Yes	No Controls	1	1	Pain Reported	NA	41.81259	-71.42961	FALSE	FALSE	Cranston Street and Dexter Street, Providence, RI, USA	Med High	Raw	NA	FALSE	41.81259	-71.42961	2018	March	West End	11	440070012002009
1388	2018-03-03	702484	13:09:00	Pedestrian	1	NA	FALSE	FALSE	1	Angel St	BENEFIT ST	2018-03-03	Two-Way , Not Divided	Dry	Daylight	Clear	Not a Collision Between Two Motor Vehicles in Transport	Yes	Traffic Control Signal	3	1	Pain Reported	2	41.82725	-71.40751	FALSE	FALSE	Angel Street and Benefit Street, Providence, RI, USA	Med High	Raw	NA	FALSE	41.82725	-71.40751	2018	March	College Hill	2	440070036023019
1386	2018-03-04	702707	02:48:00	Pedestrian	2	NA	FALSE	FALSE	1	MESSER ST	CRANSTON ST	2018-03-04	Two-Way , Not Divided	Dry	Dark - Lighted	Cloudy	Not a Collision Between Two Motor Vehicles in Transport	Yes	No Controls	2	0	No Injury	NA	41.80963	-71.43345	FALSE	FALSE	Messer Street and Cranston Street, Providence, RI, USA	Med High	Raw	NA	FALSE	41.80963	-71.43345	2018	March	West End	8	440070013002008
1387	2018-03-04	702989	19:10:00	Pedestrian	1	NA	FALSE	FALSE	1	Parade St	HOLLYWOOD RD	2018-03-04	Two-Way , Not Divided	Dry	Dark - Lighted	Clear	Not a Collision Between Two Motor Vehicles in Transport	No	Pavement Markings	4	1	Incapacitating	NA	41.81576	-71.433090000000007	FALSE	FALSE	Parade Street and Hollywood Rd, Providence, RI, USA	Med High	Raw	NA	FALSE	41.81576	-71.433090000000007	2018	March	West End	13	440070013001000
1385	2018-03-06	703644	15:50:00	Pedestrian	1	NA	FALSE	FALSE	1	REGENT AVE	HAROLD ST	2018-03-06	Two-Way , Not Divided	Dry	Daylight	Clear	Not a Collision Between Two Motor Vehicles in Transport	Yes	Stop Signs	1	1	Pain Reported	NA	41.82972	-71.4387	FALSE	FALSE	Regent Ave and Harold Street, Providence, RI, USA	Med High	Raw	NA	FALSE	41.82972	-71.4387	2018	March	Valley	12	440070022001010
1383	2018-03-07	704051	13:21:00	Pedestrian	1	NA	FALSE	FALSE	1	NARRAGANSETT BLVD	WASHINGTON AVE	2018-03-07	Two-Way , Not Divided	Wet	Daylight	Rain	Not a Collision Between Two Motor Vehicles in Transport	No	No Controls	3	1	Pain Reported	NA	41.78823	-71.39574	FALSE	FALSE	Narragansett Blvd and Washington Ave, Providence, RI, USA	Med High	Raw	NA	FALSE	41.78823	-71.39574	2018	March	Washington Park	10	440070001012005
1384	2018-03-07	704252	19:48:00	Pedestrian	1	NA	FALSE	FALSE	1	THURBERS AVE	BROAD ST	2018-03-07	Two-Way , Not Divided	Snow	Dark - Lighted	Snow	Other	No	No Controls	2	1	Pain Reported	NA	41.79822	-71.41453	FALSE	FALSE	Thurbers Ave and Broad Street, Providence, RI, USA	Med High	Raw	NA	FALSE	41.79822	-71.41453	2018	March	Elmwood	10	440070005002009
1382	2018-03-08	704642	18:04:00	Pedestrian	1	NA	FALSE	FALSE	1	COLLEGE ST	BENEFIT ST	2018-03-08	Two-Way , Not Divided	Dry	Dusk	Cloudy	Other	Yes	Pavement Markings	4	1	Pain Reported	NA	41.826	-71.40683	FALSE	FALSE	College Street and Benefit Street, Providence, RI, USA	Med	Raw	NA	FALSE	41.826	-71.40683	2018	March	College Hill	2	440070036023024
1381	2018-03-10	705343	20:10:00	Pedestrian	1	NA	FALSE	FALSE	1	atwells ave	STEUBEN ST	2018-03-10	Two-Way, Divided, Unprotected (painted>4feet) Medium	Dry	Dark - Lighted	Clear	Other	Yes	Person	1	1	Pain Reported	NA	41.82508	-71.44905	FALSE	FALSE	Atwells Ave and Steuben Street, Providence, RI, USA	Med High	Raw	NA	FALSE	41.82508	-71.44905	2018	March	Olneyville	6	440070021024018
1378	2018-03-12	705961	00:14:00	Other	NA	NA	FALSE	FALSE	1	BROADWAY	DEAN ST	2018-03-12	Two-Way , Not Divided	Dry	Dark - Lighted	Clear	Other	No	Flashing Traffic Control Signal	2	1	Non-Incapacitating	2	41.82139	-71.42258	FALSE	FALSE	Broadway and Dean Street, Providence, RI, USA	Med	Raw	NA	FALSE	41.82139	-71.42258	2018	March	Federal Hill	13	440070011001002
1379	2018-03-12	706008	07:31:00	Pedestrian	1	NA	FALSE	FALSE	1	CHARLES ST	LEDGE ST	2018-03-12	Two-Way , Not Divided	Dry	Daylight	Clear	Not a Collision Between Two Motor Vehicles in Transport	No	No Controls	5	1	Pain Reported	NA	41.85335	-71.42046	FALSE	FALSE	Charles Street and Ledge Street, Providence, RI, USA	Med	Raw	NA	FALSE	41.85335	-71.42046	2018	March	Charles	4	440070029002006
1380	2018-03-12	706159	13:54:00	Pedestrian	1	NA	FALSE	FALSE	1	ATLANTIC AVE	NIAGARA ST	2018-03-12	Two-Way , Not Divided	Dry	Daylight	Clear	Not a Collision Between Two Motor Vehicles in Transport	Yes	No Controls	2	1	Pain Reported	NA	41.79925	-71.41661	FALSE	FALSE	Atlantic Ave and Niagara Street, Providence, RI, USA	Med High	Geocoded	distance greater than 100m	TRUE	41.7986319	-71.4186449	2018	March	Elmwood	9	440070002001002
1377	2018-03-14	707593	23:55:00	Pedestrian	1	NA	FALSE	FALSE	1	SOMERSET ST	BROAD ST	2018-03-15	Two-Way , Not Divided	Wet	Dark - Lighted	Cloudy	Other	No	No Controls	4	1	Incapacitating	2	41.81332	-71.42129	FALSE	FALSE	Somerset Street and Broad Street, Providence, RI, USA	Med	Raw	NA	FALSE	41.81332	-71.42129	2018	March	Upper South Providence	11	440070007003019
1376	2018-03-17	709180	01:53:00	Pedestrian	1	NA	FALSE	FALSE	1	ACORN ST	ATWELLS AVE	2018-03-17	Two-Way , Not Divided	Dry	Dark - Lighted	Clear	Other	Yes	No Controls	4	1	Pain Reported	2	41.82385	-71.42801	FALSE	FALSE	Acorn Street and Atwells Ave, Providence, RI, USA	Med High	Raw	NA	FALSE	41.82385	-71.42801	2018	March	Federal Hill	13	440070009001021
1375	2018-03-20	711110	18:15:00	Bicycle	NA	1	FALSE	FALSE	1	BERGEN ST	ANDEM ST	2018-03-21	Two-Way , Not Divided	Dry	Dark - Lighted	Clear	Not a Collision Between Two Motor Vehicles in Transport	Yes	Stop Signs	1	1	Pain Reported	NA	41.83078	-71.43984	FALSE	FALSE	Bergen Street and Andem Street, Providence, RI, USA	Med High	Raw	NA	FALSE	41.83078	-71.43984	2018	March	Valley	12	440070022004000
1374	2018-03-21	711316	16:26:00	Pedestrian	1	NA	FALSE	FALSE	1	881 WESTMINSTER ST	NA	2018-03-21	Two-Way , Not Divided	Wet	Daylight	Snow	Not a Collision Between Two Motor Vehicles in Transport	No	No Controls	4	1	Pain Reported	2	41.81737	-71.42278	TRUE	TRUE	881 Westminster Street, Providence, RI, USA	High	Raw	NA	FALSE	41.81737	-71.42278	2018	March	West End	11	440070011002023
1373	2018-03-26	713019	18:01:00	Bicycle	NA	1	FALSE	FALSE	1	159 WEYBOSSET ST	NA	2018-03-26	Two-Way , Not Divided	Dry	Daylight	Clear	Not a Collision Between Two Motor Vehicles in Transport	No	No Controls	5	1	Pain Reported	2	41.82249	-71.41157	TRUE	TRUE	159 Weybosset Street, Providence, RI, USA	High	Raw	NA	FALSE	41.82249	-71.41157	2018	March	Downtown	1	440070008003043
1372	2018-03-27	713626	17:39:00	Pedestrian	1	NA	FALSE	FALSE	1	Dean Street	BROADWAY	2018-03-27	Two-Way, Divided, Unprotected (painted>4feet) Medium	Dry	Daylight	Clear	Not a Collision Between Two Motor Vehicles in Transport	No	No Controls	2	1	Non-Incapacitating	2	41.82133	-71.42247	FALSE	FALSE	Dean Street and Broadway, Providence, RI, USA	Med High	Raw	NA	FALSE	41.82133	-71.42247	2018	March	Federal Hill	13	440070011002002
1371	2018-03-30	714851	12:53:00	Pedestrian	1	NA	FALSE	FALSE	1	SALMON ST	MANTON AVE	2018-03-30	Two-Way , Not Divided	Dry	Daylight	Clear	Not a Collision Between Two Motor Vehicles in Transport	No	Pavement Markings	3	1	Pain Reported	NA	41.82521	-71.45405	FALSE	FALSE	Salmon Street and Manton Ave, Providence, RI, USA	Med High	Raw	NA	FALSE	41.82521	-71.45405	2018	March	Olneyville	6	440070020001024
1369	2018-04-02	715753	12:00:00	Pedestrian	1	NA	FALSE	FALSE	1	ELM ST	EDDY ST	2018-04-02	Two-Way , Not Divided	Wet	Daylight	Sleet, Hail (Freezing Rain or Drizzle)	Other	No	No Controls	4	1	Non-Incapacitating	NA	41.81825	-71.40748	FALSE	FALSE	Elm Street and Eddy Street, Providence, RI, USA	Med	Raw	NA	FALSE	41.81825	-71.40748	2018	April	Downtown	1	440070006001001
1370	2018-04-02	715886	15:11:00	Pedestrian	1	NA	FALSE	FALSE	1	BROADWAY	SERVICE ROAD 8	2018-04-02	Two-Way , Not Divided	Dry	Daylight	Clear	Not a Collision Between Two Motor Vehicles in Transport	No	Traffic Control Signal	3	1	Pain Reported	NA	41.82212	-71.41976	FALSE	FALSE	Broadway and Service Road 8, Providence, RI, USA	Med High	Raw	distance greater than 100m	TRUE	41.82212	-71.41976	2018	April	Federal Hill	1	440070008001063
1368	2018-04-03	716182	13:01:00	Pedestrian	1	NA	FALSE	FALSE	1	S MAIN ST	COLLEGE ST	2018-04-03	One-Way Trafficway	Dry	Daylight	Cloudy	Not a Collision Between Two Motor Vehicles in Transport	No	Pavement Markings	2	1	Pain Reported	NA	41.82528	-71.40756	FALSE	FALSE	S Main Street and College Street, Providence, RI, USA	Med High	Raw	NA	FALSE	41.82528	-71.40756	2018	April	Downtown	2	440070036023033
1366	2018-04-06	717576	14:55:00	Pedestrian	1	NA	FALSE	FALSE	1	BROAD ST	BROAD ST	2018-04-06	Two-Way, Divided, Unprotected (painted>4feet) Medium	Wet	Daylight	Snow	Not a Collision Between Two Motor Vehicles in Transport	Yes	Pavement Markings	2	1	Pain Reported	NA	41.80572	-71.41978	FALSE	FALSE	Broad Street and Broad Street, Providence, RI, USA	Med	Raw	distance greater than 100m	TRUE	41.80572	-71.41978	2018	April	Elmwood	9	440070004002004
1367	2018-04-06	717770	20:09:00	Pedestrian	1	NA	FALSE	FALSE	1	DOUGLAS AVE	DOUGLAS AVE	2018-04-06	Two-Way , Not Divided	Wet	Dark - Lighted	Cloudy	Not a Collision Between Two Motor Vehicles in Transport	No	No Controls	2	1	Pain Reported	NA	41.83567	-71.41871	FALSE	FALSE	Douglas Ave and Douglas Ave, Providence, RI, USA	Med High	Raw	distance greater than 100m	TRUE	41.83567	-71.41871	2018	April	Smith Hill	12	440070026002012
1365	2018-04-11	720016	21:46:00	Pedestrian	1	NA	FALSE	FALSE	1	HAGAN ST	Charles St	2018-04-11	Two-Way , Not Divided	Dry	Dark - Lighted	Clear	Not a Collision Between Two Motor Vehicles in Transport	No	Stop Signs	3	1	Pain Reported	NA	41.85707	-71.42112	FALSE	FALSE	Hagan Street and Charles Street, Providence, RI, USA	Med High	Raw	NA	FALSE	41.85707	-71.42112	2018	April	Charles	4	440070029001035
1364	2018-04-12	720530	15:29:00	Pedestrian	1	NA	FALSE	FALSE	1	Althea St	Union Ave	2018-04-12	Two-Way, Divided, Unprotected (painted>4feet) Medium	Dry	Daylight	Clear	Not a Collision Between Two Motor Vehicles in Transport	No	No Controls	2	1	Pain Reported	NA	41.80934	-71.43873	FALSE	FALSE	Althea Street and Union Ave, Providence, RI, USA	Med High	Raw	NA	FALSE	41.80934	-71.43873	2018	April	West End	13	440070013003006
1363	2018-04-14	721313	12:09:00	Pedestrian	1	NA	FALSE	FALSE	1	1010 CHALKSTONE AVENUE	TIFFANY ST	2018-04-14	Two-Way , Not Divided	Dry	Daylight	Clear	Other	No	No Controls	2	1	Pain Reported	NA	41.83226	-71.44098	TRUE	FALSE	1010 Chalkstone Avenue, Providence, RI, USA	High	Raw	NA	FALSE	41.83226	-71.44098	2018	April	Valley	6	440070023003002
1362	2018-04-17	722323	14:42:00	Pedestrian	1	NA	FALSE	FALSE	1	291 Thayer st	CUSHING ST	2018-04-17	One-Way Trafficway	Dry	Daylight	Clear	Not a Collision Between Two Motor Vehicles in Transport	No	Stop Signs	2	1	Pain Reported	NA	41.83	-71.4009	TRUE	FALSE	291 Thayer Street, Providence, RI, USA	High	Raw	NA	FALSE	41.83	-71.4009	2018	April	College Hill	2	440070036011009
1361	2018-04-22	724088	13:23:00	Pedestrian	1	NA	FALSE	FALSE	1	DOUGLAS AVE	WAYNE ST	2018-04-22	Two-Way , Not Divided	Dry	Daylight	Clear	Not a Collision Between Two Motor Vehicles in Transport	No	No Controls	3	1	Non-Incapacitating	NA	41.83594	-71.41935	FALSE	FALSE	Douglas Ave and Wayne Street, Providence, RI, USA	Med High	Raw	NA	FALSE	41.83594	-71.41935	2018	April	Smith Hill	12	440070026002012
1359	2018-04-23	724379	13:39:00	Pedestrian	1	NA	FALSE	FALSE	1	BROAD ST	ADELAIDE AVE	2018-04-23	Two-Way , Not Divided	Dry	Dark - Lighted	Clear	Not a Collision Between Two Motor Vehicles in Transport	Yes	No Controls	1	1	Pain Reported	NA	41.79874	-71.41534	FALSE	FALSE	Broad Street and Adelaide Ave, Providence, RI, USA	Med	Raw	NA	FALSE	41.79874	-71.41534	2018	April	Elmwood	9	440070005002009
1360	2018-04-23	724398	15:19:00	Pedestrian	1	NA	FALSE	FALSE	1	235 Eaton St	RADCLIFFE AVE	2018-04-23	Two-Way , Not Divided	Dry	Daylight	Clear	Not a Collision Between Two Motor Vehicles in Transport	No	No Controls	3	1	Pain Reported	NA	41.84115	-71.43001	TRUE	FALSE	235 Eaton Street, Providence, RI, USA	High	Raw	distance greater than 100m	TRUE	41.84115	-71.43001	2018	April	Elmhurst	14	440070024003000
1358	2018-04-24	724893	07:23:00	Pedestrian	1	NA	FALSE	FALSE	1	POWER ST	THAYER ST	2018-04-24	Two-Way , Not Divided	Dry	Daylight	Clear	Not a Collision Between Two Motor Vehicles in Transport	No	Pavement Markings	3	1	Pain Reported	NA	41.82296	-71.39996	FALSE	FALSE	Power Street and Thayer Street, Providence, RI, USA	Med High	Raw	NA	FALSE	41.82296	-71.39996	2018	April	College Hill	1	440070036011037
1355	2018-04-26	725871	11:15:00	Pedestrian	1	NA	FALSE	FALSE	1	PLAINFIELD ST	EDNA ST	2018-04-26	Two-Way, Divided, Positive Median Barrier	Dry	Daylight	Clear	Other	No	Traffic Control Signal	3	1	Pain Reported	NA	41.81592	-71.44513	FALSE	FALSE	Plainfield Street and Edna Street, Providence, RI, USA	Med High	Raw	NA	FALSE	41.81592	-71.44513	2018	April	Olneyville	15	440070016011000
1356	2018-04-26	725895	16:13:00	Bicycle	NA	1	FALSE	FALSE	1	718 PLAINFIELD ST	NA	2018-04-26	Two-Way , Not Divided	Dry	Daylight	Clear	Not a Collision Between Two Motor Vehicles in Transport	No	No Controls	2	1	Pain Reported	2	41.81124	-71.46197	TRUE	TRUE	718 Plainfield Street, Providence, RI, USA	High	Raw	NA	FALSE	41.81124	-71.46197	2018	April	Silver Lake	7	440070017003006
1357	2018-04-26	726183	19:34:00	Bicycle	NA	1	FALSE	FALSE	1	EAST DR	GENERAL ST	2018-04-26	Two-Way , Not Divided	Dry	Dark - Lighted	Clear	Not a Collision Between Two Motor Vehicles in Transport	Yes	No Controls	2	1	Pain Reported	NA	41.85324	-71.44271	FALSE	FALSE	East Dr and General Street, Providence, RI, USA	Med	Raw	NA	FALSE	41.85324	-71.44271	2018	April	Wanskuck	14	440070028011017
1354	2018-04-27	726283	11:00:00	Pedestrian	1	NA	FALSE	FALSE	1	FULTON ST	DORRANCE ST	2018-04-27	Two-Way , Not Divided	Dry	Daylight	Clear	Not a Collision Between Two Motor Vehicles in Transport	No	Traffic Control Signal	5	1	Pain Reported	NA	41.82413	-71.41236	FALSE	FALSE	Fulton Street and Dorrance Street, Providence, RI, USA	Med	Raw	NA	FALSE	41.82413	-71.41236	2018	April	Downtown	1	440070008003016
1353	2018-04-28	726550	12:37:00	Pedestrian	1	NA	FALSE	FALSE	1	BROAD ST	OXFORD ST	2018-04-29	Two-Way , Not Divided	Dry	Daylight	Clear	Not a Collision Between Two Motor Vehicles in Transport	No	No Controls	3	1	Pain Reported	NA	41.79962	-71.41642	FALSE	FALSE	Broad Street and Oxford Street, Providence, RI, USA	Med	Geocoded	distance greater than 100m	TRUE	41.8004502	-71.417447	2018	April	Elmwood	9	440070004004011
1352	2018-04-30	726621	12:42:00	Pedestrian	1	NA	FALSE	FALSE	1	62 DUDLEY ST	NA	2018-04-30	Unknown	Dry	Daylight	Clear	Not a Collision Between Two Motor Vehicles in Transport	No	No Controls	3	1	Pain Reported	NA	41.80731	-71.40725	TRUE	TRUE	62 Dudley Street, Providence, RI, USA	High	Geocoded	distance greater than 100m	TRUE	41.8101086	-71.40962	2018	April	Upper South Providence	11	440070006002001
1351	2018-05-01	726741	11:45:00	Pedestrian	1	NA	FALSE	FALSE	1	CHARLES ST	CHARLES ST	2018-05-01	Unknown	Dry	Daylight	Clear	Not a Collision Between Two Motor Vehicles in Transport	Yes	No Controls	1	1	Pain Reported	NA	41.84688	-71.41936	FALSE	FALSE	Charles Street and Charles Street, Providence, RI, USA	Med	Raw	NA	FALSE	41.84688	-71.41936	2018	May	Charles	4	440070029004022
1350	2018-05-03	726983	15:16:00	Pedestrian	1	NA	FALSE	FALSE	1	S MAIN ST	COLLEGE ST	2018-05-03	One-Way Trafficway	Dry	Daylight	Clear	Not a Collision Between Two Motor Vehicles in Transport	No	Traffic Control Signal	4	1	Non-Incapacitating	2	41.82568	-71.40787	FALSE	FALSE	S Main Street and College Street, Providence, RI, USA	Med High	Raw	NA	FALSE	41.82568	-71.40787	2018	May	Downtown	2	440070036023022
1348	2018-05-04	727129	09:01:00	Pedestrian	1	NA	FALSE	FALSE	1	STEPHEN HOPKINS COURT	WILLIAM ELLERY PL	2018-05-04	Two-Way , Not Divided	Dry	Daylight	Clear	Not a Collision Between Two Motor Vehicles in Transport	Yes	No Controls	1	1	Pain Reported	NA	41.83745	-71.40714	FALSE	FALSE	Stephen Hopkins Court and William Ellery Pl, Providence, RI, USA	Med High	Raw	NA	FALSE	41.83745	-71.40714	2018	May	Mount Hope	3	440070031004005
1349	2018-05-04	727577	16:19:00	Pedestrian	1	NA	TRUE	FALSE	1	CHARLES ST	CORLISS ST	2018-05-04	Two-Way, Divided, Unprotected (painted>4feet) Medium	Dry	Daylight	Clear	Not a Collision Between Two Motor Vehicles in Transport	No	Stop Signs	2	1	Pain Reported	NA	41.83806	-71.41452	FALSE	FALSE	Charles Street and Corliss Street, Providence, RI, USA	Med	Raw	NA	FALSE	41.83806	-71.41452	2018	May	Mount Hope	4	440070029004031
1346	2018-05-05	727635	14:15:00	Pedestrian	1	NA	FALSE	FALSE	1	HOSPITAL ST	POINT ST	2018-05-05	Two-Way , Not Divided	Dry	Daylight	Clear	Other	No	No Controls	3	1	Pain Reported	NA	41.81583	-71.40961	FALSE	FALSE	Hospital Street and Point Street, Providence, RI, USA	Med High	Raw	NA	FALSE	41.81583	-71.40961	2018	May	Downtown	1	440070006001021
1347	2018-05-05	727662	21:55:00	Pedestrian	1	NA	FALSE	FALSE	1	MANTON AVE	LYNCH ST	2018-05-05	Two-Way , Not Divided	Dry	Dark - Lighted	Clear	Not a Collision Between Two Motor Vehicles in Transport	Yes	No Controls	1	1	Pain Reported	NA	41.82415	-71.4522	FALSE	FALSE	Manton Ave and Lynch Street, Providence, RI, USA	Med High	Raw	NA	FALSE	41.82415	-71.4522	2018	May	Olneyville	6	440070019004004
1345	2018-05-09	728178	15:59:00	Other	NA	1	FALSE	FALSE	1	601 N MAIN ST	NA	2018-05-09	Two-Way , Not Divided	Dry	Daylight	Clear	Not a Collision Between Two Motor Vehicles in Transport	No	No Controls	2	0	No Injury	NA	41.83825	-71.40925	TRUE	TRUE	601 N Main Street, Providence, RI, USA	High	Raw	distance greater than 100m	TRUE	41.83825	-71.40925	2018	May	Mount Hope	3	440070031004002
1344	2018-05-10	728408	12:40:00	Bicycle	NA	1	FALSE	FALSE	1	FEDERAL ST	DEAN ST	2018-05-10	Two-Way , Not Divided	Dry	Daylight	Clear	Not a Collision Between Two Motor Vehicles in Transport	No	No Controls	3	1	Pain Reported	NA	41.82228	-71.42327	FALSE	FALSE	Federal Street and Dean Street, Providence, RI, USA	Med High	Raw	NA	FALSE	41.82228	-71.42327	2018	May	Federal Hill	13	440070009001049
1342	2018-05-11	728771	13:45:00	Pedestrian	1	NA	FALSE	FALSE	1	VALLEY ST	RIVER AVE	2018-05-11	Two-Way , Not Divided	Dry	Daylight	Clear	Not a Collision Between Two Motor Vehicles in Transport	No	Traffic Control Signal	4	1	Pain Reported	2	41.82796	-71.43516	FALSE	FALSE	Valley Street and River Ave, Providence, RI, USA	Med High	Raw	NA	FALSE	41.82796	-71.43516	2018	May	Valley	12	440070022002007
1343	2018-05-11	728778	19:28:00	Pedestrian	1	NA	FALSE	FALSE	1	SMITH ST	CHALKSTONE AVE	2018-05-11	Two-Way , Not Divided	Dry	Dark - Lighted	Clear	Not a Collision Between Two Motor Vehicles in Transport	No	No Controls	3	1	Pain Reported	NA	41.83542	-71.42616	FALSE	FALSE	Smith Street and Chalkstone Ave, Providence, RI, USA	Med High	Raw	NA	FALSE	41.83542	-71.42616	2018	May	Smith Hill	12	440070026003014
1341	2018-05-14	729290	16:56:00	Pedestrian	1	NA	FALSE	FALSE	1	PACKET ST	S MAIN ST	2018-05-14	Two-Way , Not Divided	Dry	Daylight	Clear	Not a Collision Between Two Motor Vehicles in Transport	No	Stop Signs	2	1	Pain Reported	NA	41.8235	-71.40617	FALSE	FALSE	Packet Street and S Main Street, Providence, RI, USA	Med	Raw	distance greater than 100m	TRUE	41.8235	-71.40617	2018	May	Downtown	1	440070036021005
1339	2018-05-17	730033	00:58:00	Pedestrian	2	NA	FALSE	FALSE	1	S WATER ST	POINT ST	2018-05-17	One-Way Trafficway	Wet	Dark - Lighted	Rain	Angle (Front - to - Side) Right Angle (Includes Broadside)	No	Traffic Control Signal	4	2	Non-Incapacitating	NA	41.81869	-71.40178	FALSE	FALSE	S Water Street and Point Street, Providence, RI, USA	Med High	Raw	NA	FALSE	41.81869	-71.40178	2018	May	Fox Point	1	440070037002024