row_number	crash_date	crash_report_id	crash_time	collision_type	count_pedestrian	count_bicycle	scooter	wheel_chair	number_of_vehicles	street_or_highway	nearest_intersection	report_date	type_of_roadway	road_surface_condition	light_condition	weather_condition	manner_of_impact	hit_and_run	traffic_control	person_count	injury_count	most_serious_injury	number_of_lanes	lat_raw	lon_raw	has_st_number	is_intersection_null	address_sent_to_geocoder	api_coord_conf	best_coordinate_set	reason_for_qa	manually_qaed_record	final_lat	final_lon	year	month	pvd_nhood	pvd_wards	geoid20
1161	2018-11-03	752870	18:38:00	Pedestrian	1	NA	FALSE	FALSE	1	RANDALL ST	CHARLES ST	2018-11-03	Two-Way , Not Divided	Dry	Dark - Lighted	Clear	Not a Collision Between Two Motor Vehicles in Transport	No	No Controls	2	1	Pain Reported	NA	41.83761	-71.41032	FALSE	FALSE	Randall Street and Charles Street, Providence, RI, USA	Med	Raw	distance greater than 100m	TRUE	41.83761	-71.41032	2018	November	Mount Hope	3	440070031003016
1162	2018-11-03	752881	22:43:00	Pedestrian	1	NA	FALSE	FALSE	1	SMITH ST	CHALKSTONE AVE	2018-11-04	Two-Way , Not Divided	Dry	Dark - Lighted	Clear	Not a Collision Between Two Motor Vehicles in Transport	No	No Controls	3	1	Incapacitating	NA	41.8353	-71.42585	FALSE	FALSE	Smith Street and Chalkstone Ave, Providence, RI, USA	Med High	Raw	NA	FALSE	41.8353	-71.42585	2018	November	Smith Hill	12	440070026003014
1159	2018-11-04	753001	17:22:00	Pedestrian	1	NA	FALSE	FALSE	1	Camp Street	Jenkins Street	2018-11-05	Two-Way , Not Divided	Dry	Dark - Lighted	Clear	Not a Collision Between Two Motor Vehicles in Transport	Yes	Pavement Markings	2	1	Non-Incapacitating	1	41.84076	-71.4036	FALSE	FALSE	Camp Street and Jenkins Street, Providence, RI, USA	Med High	Raw	NA	FALSE	41.84076	-71.4036	2018	November	Mount Hope	3	440070031002006
1158	2018-11-05	753034	17:39:00	Pedestrian	1	NA	FALSE	FALSE	1	THURBERS AVE	PRAIRIE AVE	2018-11-05	Two-Way , Not Divided	Wet	Dark - Lighted	Rain	Not a Collision Between Two Motor Vehicles in Transport	No	Traffic Control Signal	4	1	Non-Incapacitating	NA	41.79873	-71.41191	FALSE	FALSE	Thurbers Ave and Prairie Ave, Providence, RI, USA	Med High	Raw	NA	FALSE	41.79873	-71.41191	2018	November	Lower South Providence	10	440070005001018
1157	2018-11-06	753073	08:59:00	Pedestrian	1	NA	FALSE	FALSE	1	PEACE ST	ELMWOOD AVE	2018-11-06	Two-Way , Not Divided	Wet	Daylight	Cloudy	Other	No	No Controls	4	1	Pain Reported	3	41.80655	-71.42477	FALSE	FALSE	Peace Street and Elmwood Ave, Providence, RI, USA	Med High	Raw	NA	FALSE	41.80655	-71.42477	2018	November	West End	9	440070003021004
1152	2018-11-07	755228	14:50:00	Pedestrian	1	NA	FALSE	FALSE	1	BUTLER AVE	S ANGELL ST	2018-11-07	Two-Way , Not Divided	Dry	Daylight	Clear	Not a Collision Between Two Motor Vehicles in Transport	No	Traffic Control Signal	2	1	Non-Incapacitating	NA	41.82947	-71.38504	FALSE	FALSE	Butler Ave and S Angell Street, Providence, RI, USA	Med High	Raw	NA	FALSE	41.82947	-71.38504	2018	November	Wayland	1	440070035004021
1153	2018-11-07	755230	16:31:00	Pedestrian	1	NA	FALSE	FALSE	1	51 silver spring st	NA	2018-11-07	Two-Way , Not Divided	Dry	Dusk	Clear	Not a Collision Between Two Motor Vehicles in Transport	No	No Controls	3	1	Pain Reported	NA	NA	NA	TRUE	TRUE	51 Silver Spring Street, Providence, RI, USA	High	Neither	raw coords null but geocoded coords found	TRUE	41.8458	-71.41741	2018	November	Charles	4	440070029004020
1154	2018-11-07	755244	17:47:00	Pedestrian	1	NA	FALSE	FALSE	1	CHALKSTONE AVE	FREDERICK ST	2018-11-07	Unknown	Dry	Dark - Lighted	Clear	Not a Collision Between Two Motor Vehicles in Transport	Yes	Stop Signs	1	1	Pain Reported	NA	41.83447	-71.42888	FALSE	FALSE	Chalkstone Ave and Frederick Street, Providence, RI, USA	Med High	Raw	NA	FALSE	41.83447	-71.42888	2018	November	Smith Hill	12	440070025001005
1155	2018-11-07	755252	18:00:00	Pedestrian	1	NA	FALSE	FALSE	1	FRANCIS ST	MEMORIAL BLVD	2018-11-07	Two-Way, Divided, Unprotected (painted>4feet) Medium	Dry	Dark - Lighted	Clear	Not a Collision Between Two Motor Vehicles in Transport	Yes	No Controls	2	1	Pain Reported	NA	41.82676	-71.4155	FALSE	FALSE	Francis Street and Memorial Blvd, Providence, RI, USA	Med	Raw	NA	FALSE	41.82676	-71.4155	2018	November	Downtown	12	440070008001035
1156	2018-11-07	755260	17:41:00	Bicycle	NA	1	FALSE	FALSE	1	Manton Ave	ATWELLS AVE	2018-11-07	Two-Way , Not Divided	Dry	Dark - Lighted	Clear	Not a Collision Between Two Motor Vehicles in Transport	No	No Controls	3	1	Pain Reported	NA	41.82537	-71.45466	FALSE	FALSE	Manton Ave and Atwells Ave, Providence, RI, USA	Med High	Raw	NA	FALSE	41.82537	-71.45466	2018	November	Olneyville	6	440070021022005
1150	2018-11-08	755318	12:27:00	Pedestrian	1	NA	FALSE	FALSE	1	94 ACADEMY AVE	ARMINGTON AVE	2018-11-08	Two-Way , Not Divided	Dry	Daylight	Clear	Not a Collision Between Two Motor Vehicles in Transport	No	No Controls	2	0	No Injury	NA	41.82734	-71.44373	TRUE	FALSE	94 Academy Ave, Providence, RI, USA	High	Raw	NA	FALSE	41.82734	-71.44373	2018	November	Mount Pleasant	6	440070022003008
1151	2018-11-08	755342	16:56:00	Pedestrian	1	NA	FALSE	FALSE	1	670 Chalkstone Ave	FREDERICK ST	2018-11-08	Two-Way, Divided, Unprotected (painted>4feet) Medium	Dry	Dark - Lighted	Clear	Not a Collision Between Two Motor Vehicles in Transport	Yes	No Controls	1	1	Pain Reported	NA	41.83447	-71.42888	TRUE	FALSE	670 Chalkstone Ave, Providence, RI, USA	High	Raw	NA	FALSE	41.83447	-71.42888	2018	November	Smith Hill	12	440070025001005
1147	2018-11-09	755424	11:53:00	Pedestrian	1	NA	FALSE	FALSE	1	MEMORIAL BLVD	FRANCIS ST	2018-11-09	Two-Way, Divided, Positive Median Barrier	Dry	Daylight	Clear	Other	Yes	Traffic Control Signal	1	1	Pain Reported	4	41.82589	-71.41538	FALSE	FALSE	Memorial Blvd and Francis Street, Providence, RI, USA	Med High	Raw	NA	FALSE	41.82589	-71.41538	2018	November	Downtown	1	440070008001035
1148	2018-11-09	755497	19:12:00	Pedestrian	1	NA	FALSE	FALSE	1	REGENT AVE	HURON ST	2018-11-09	Two-Way , Not Divided	Wet	Dark - Lighted	Rain	Not a Collision Between Two Motor Vehicles in Transport	No	Stop Signs	6	1	Incapacitating	NA	41.82952	-71.44119	FALSE	FALSE	Regent Ave and Huron Street, Providence, RI, USA	Med High	Raw	NA	FALSE	41.82952	-71.44119	2018	November	Valley	6	440070022004008
1149	2018-11-09	755502	21:59:00	Pedestrian	2	NA	FALSE	FALSE	1	WESTMINSTER ST	COLLEGE ST	2018-11-09	Two-Way , Not Divided	Wet	Dark - Lighted	Rain	Not a Collision Between Two Motor Vehicles in Transport	No	Traffic Control Signal	5	2	Pain Reported	NA	41.82529	-71.40895	FALSE	FALSE	Westminster Street and College Street, Providence, RI, USA	Med High	Raw	NA	FALSE	41.82529	-71.40895	2018	November	Downtown	1	440070008003004
1145	2018-11-16	756203	18:44:00	Pedestrian	1	NA	FALSE	FALSE	1	N MAIN ST	STEEPLE ST	2018-11-16	One-Way Trafficway	Wet	Dusk	Clear	Not a Collision Between Two Motor Vehicles in Transport	No	Traffic Control Signal	3	1	Pain Reported	NA	41.82749	-71.40906	FALSE	FALSE	N Main Street and Steeple Street, Providence, RI, USA	Med	Raw	NA	FALSE	41.82749	-71.40906	2018	November	Downtown	1	440070036023016
1144	2018-11-20	756562	12:40:00	Pedestrian	1	NA	FALSE	FALSE	1	N Main St	Frost St	2018-11-20	Two-Way , Not Divided	Wet	Daylight	Rain	Not a Collision Between Two Motor Vehicles in Transport	No	Traffic Control Signal	4	1	Pain Reported	4	NA	NA	FALSE	FALSE	N Main Street and Frost Street, Providence, RI, USA	Med	Geocoded	raw coords null but geocoded coords found	TRUE	41.8513298	-71.402373	2018	November	Hope	3	440070033004021
1143	2018-11-21	756671	08:34:00	Pedestrian	1	NA	FALSE	FALSE	1	EXIT 22A (RT )	FRANCIS ST	2018-11-21	Two-Way , Not Divided	Dry	Daylight	Clear	Not a Collision Between Two Motor Vehicles in Transport	No	Traffic Control Signal	2	1	Pain Reported	2	41.82577	-71.41527	FALSE	FALSE	Exit 22a (Rt ) and Francis Street, Providence, RI, USA	Med	Raw	distance greater than 100m	TRUE	41.82577	-71.41527	2018	November	Downtown	1	440070008001041
1142	2018-11-23	756781	08:19:00	Pedestrian	1	NA	FALSE	FALSE	1	Broadway	KNIGHT ST	2018-11-23	Two-Way, Divided, Unprotected (painted>4feet) Medium	Dry	Daylight	Clear	Other	No	Traffic Control Signal	2	1	Pain Reported	NA	41.8198	-71.42936	FALSE	FALSE	Broadway and Knight Street, Providence, RI, USA	Med	Raw	NA	FALSE	41.8198	-71.42936	2018	November	Federal Hill	13	440070011001015
1141	2018-11-24	756883	21:39:00	Pedestrian	1	NA	FALSE	FALSE	1	DYER STREET	DORRANCE STREET	2018-11-24	Two-Way, Divided, Unprotected (painted>4feet) Medium	Dry	Dark - Lighted	Clear	Not a Collision Between Two Motor Vehicles in Transport	No	No Controls	3	1	Pain Reported	NA	41.80338	-71.40157	FALSE	FALSE	Dyer Street and Dorrance Street, Providence, RI, USA	Med High	Geocoded	distance greater than 100m	TRUE	41.8212095	-71.4081639	2018	November	Downtown	1	440070008003051
1140	2018-11-25	756954	22:32:00	Pedestrian	1	NA	FALSE	FALSE	1	SAN SOUCI DR	VALLEY ST	2018-11-25	Unknown	Dry	Dark - Lighted	Clear	Not a Collision Between Two Motor Vehicles in Transport	Yes	No Controls	1	1	Pain Reported	NA	41.81742	-71.44157	FALSE	FALSE	San Souci Dr and Valley Street, Providence, RI, USA	Med High	Raw	NA	FALSE	41.81742	-71.44157	2018	November	Olneyville	15	440070019002012
1137	2018-11-26	757004	10:44:00	Pedestrian	1	NA	FALSE	FALSE	1	Broadway	Tobey Street	2018-11-26	Two-Way , Not Divided	Wet	Daylight	Cloudy	Other	No	No Controls	3	1	Pain Reported	2	41.81853	-71.43479	FALSE	FALSE	Broadway and Tobey Street, Providence, RI, USA	Med	Raw	NA	FALSE	41.81853	-71.43479	2018	November	Federal Hill	13	440070010001013
1138	2018-11-26	757064	18:13:00	Pedestrian	1	NA	FALSE	FALSE	1	Olney Street	Brown Street	2018-11-26	Two-Way , Not Divided	Wet	Dark - Not Lighted	Rain	Not a Collision Between Two Motor Vehicles in Transport	No	Pavement Markings	3	1	Non-Incapacitating	1	41.8356	-71.40546	FALSE	FALSE	Olney Street and Brown Street, Providence, RI, USA	Med High	Raw	NA	FALSE	41.8356	-71.40546	2018	November	College Hill	2	440070031001009
1139	2018-11-26	757074	19:03:00	Pedestrian	1	NA	FALSE	FALSE	1	ANGELL ST	WAYLAND AVE	2018-11-26	One-Way Trafficway	Wet	Dark - Lighted	Rain	Not a Collision Between Two Motor Vehicles in Transport	No	Traffic Control Signal	6	1	Non-Incapacitating	2	41.83017	-71.38783	FALSE	FALSE	Angell Street and Wayland Ave, Providence, RI, USA	Med High	Raw	NA	FALSE	41.83017	-71.38783	2018	November	Wayland	2	440070035004027
1136	2018-11-28	757291	19:31:00	Bicycle	NA	1	FALSE	FALSE	1	PUBLIC ST	BROAD ST	2018-11-28	Two-Way , Not Divided	Dry	Dark - Lighted	Clear	Not a Collision Between Two Motor Vehicles in Transport	No	Traffic Control Signal	2	1	Pain Reported	NA	41.80442	-71.41935	FALSE	FALSE	Public Street and Broad Street, Providence, RI, USA	Med High	Raw	NA	FALSE	41.80442	-71.41935	2018	November	Elmwood	11	440070004002006
1135	2018-11-29	757482	17:21:00	Pedestrian	1	NA	FALSE	FALSE	1	175 Douglas Ave	CANDACE ST	2018-11-30	Unknown	Dry	Dark - Lighted	Clear	Not a Collision Between Two Motor Vehicles in Transport	Yes	No Controls	1	1	Pain Reported	NA	41.83723	-71.42243	TRUE	FALSE	175 Douglas Ave, Providence, RI, USA	High	Raw	NA	FALSE	41.83723	-71.42243	2018	November	Smith Hill	12	440070026002005
1134	2018-11-30	757388	08:55:00	Bicycle	NA	1	FALSE	FALSE	1	Broadway	RINGGOLD ST	2018-11-30	Two-Way , Not Divided	Dry	Daylight	Clear	Not a Collision Between Two Motor Vehicles in Transport	No	No Controls	3	1	Pain Reported	NA	41.82121	-71.42335	FALSE	FALSE	Broadway and Ringgold Street, Providence, RI, USA	Med	Raw	NA	FALSE	41.82121	-71.42335	2018	November	Federal Hill	13	440070011001003
1133	2018-12-03	758688	09:27:00	Bicycle	NA	1	FALSE	FALSE	1	HOPE STREET	WILLIAMS STREET	2018-12-03	Two-Way , Not Divided	Wet	Daylight	Clear	Other	No	No Controls	6	1	Pain Reported	2	41.82258	-71.39685	FALSE	FALSE	Hope Street and Williams Street, Providence, RI, USA	Med High	Raw	NA	FALSE	41.82258	-71.39685	2018	December	Fox Point	1	440070036013015
1132	2018-12-04	758810	18:25:00	Pedestrian	1	NA	FALSE	FALSE	1	POTTERS AVE	ELMWOOD AVE	2018-12-04	Two-Way , Not Divided	Dry	Dark - Lighted	Clear	Head-On (Front - to - Front)	No	No Controls	2	1	Pain Reported	NA	41.80151	-71.42635	FALSE	FALSE	Potters Ave and Elmwood Ave, Providence, RI, USA	Med High	Raw	NA	FALSE	41.80151	-71.42635	2018	December	West End	9	440070003022008
1131	2018-12-06	759978	00:36:00	Bicycle	NA	1	FALSE	FALSE	1	Chalkstone Ave	SMITH ST	2018-12-06	Two-Way , Not Divided	Dry	Dark - Lighted	Clear	Not a Collision Between Two Motor Vehicles in Transport	No	Traffic Control Signal	2	1	Pain Reported	NA	41.83519	-71.42569	FALSE	FALSE	Chalkstone Ave and Smith Street, Providence, RI, USA	Med High	Raw	NA	FALSE	41.83519	-71.42569	2018	December	Smith Hill	12	440070026003014
1129	2018-12-07	760104	13:18:00	Pedestrian	1	NA	FALSE	FALSE	1	ANGELL ST	GANO ST	2018-12-07	Two-Way , Not Divided	Dry	Daylight	Clear	Not a Collision Between Two Motor Vehicles in Transport	No	Traffic Control Signal	3	1	Pain Reported	NA	41.82958	-71.39097	FALSE	FALSE	Angell Street and Gano Street, Providence, RI, USA	Med High	Raw	NA	FALSE	41.82958	-71.39097	2018	December	Wayland	1	440070035001013
1130	2018-12-07	760129	18:51:00	Pedestrian	1	NA	FALSE	FALSE	1	Academy Ave	NEWARK ST	2018-12-07	Two-Way , Not Divided	Dry	Daylight	Clear	Not a Collision Between Two Motor Vehicles in Transport	No	No Controls	3	1	Pain Reported	NA	41.82544	-71.4434	FALSE	FALSE	Academy Ave and Newark Street, Providence, RI, USA	Med High	Raw	NA	FALSE	41.82544	-71.4434	2018	December	Mount Pleasant	6	440070022003012
1127	2018-12-08	760262	21:48:00	Pedestrian	1	NA	FALSE	FALSE	1	100 francis st	AMERICAN EXPRESS PLZ	2018-12-08	Two-Way , Not Divided	Dry	Dark - Lighted	Clear	Not a Collision Between Two Motor Vehicles in Transport	No	No Controls	3	0	No Injury	NA	41.8279	-71.41534	TRUE	FALSE	100 Francis Street, Providence, RI, USA	High	Raw	distance greater than 100m	TRUE	41.8279	-71.41534	2018	December	Downtown	12	440070008001011
1128	2018-12-08	760271	22:44:00	Pedestrian	1	NA	FALSE	FALSE	1	BROADWAY	VINTON ST	2018-12-09	Two-Way , Not Divided	Dry	Dark - Lighted	Clear	Not a Collision Between Two Motor Vehicles in Transport	No	No Controls	3	1	Non-Incapacitating	NA	41.82007	-71.42819	FALSE	FALSE	Broadway and Vinton Street, Providence, RI, USA	Med	Raw	NA	FALSE	41.82007	-71.42819	2018	December	Federal Hill	13	440070011001010
1126	2018-12-09	760349	21:40:00	Pedestrian	1	NA	FALSE	FALSE	1	Ruggles Street	Sparrow Street	2018-12-09	Two-Way , Not Divided	Dry	Dark - Lighted	Clear	Not a Collision Between Two Motor Vehicles in Transport	Yes	No Controls	2	1	Pain Reported	1	41.83818	-71.42825	FALSE	FALSE	Ruggles Street and Sparrow Street, Providence, RI, USA	Med High	Raw	NA	FALSE	41.83818	-71.42825	2018	December	Smith Hill	12	440070026003011
1123	2018-12-10	760439	12:00:00	Pedestrian	1	NA	FALSE	FALSE	1	PLAINFIELD ST	PLAINFIELD ST	2018-12-10	Two-Way , Not Divided	Dry	Daylight	Clear	Not a Collision Between Two Motor Vehicles in Transport	Yes	No Controls	1	1	Pain Reported	NA	41.81414	-71.44737	FALSE	FALSE	Plainfield Street and Plainfield Street, Providence, RI, USA	Med	Raw	distance greater than 100m	TRUE	41.81414	-71.44737	2018	December	Silver Lake	15	440070016011009
1124	2018-12-10	760462	19:01:00	Pedestrian	1	NA	FALSE	FALSE	1	S WATER ST	S WATER ST	2018-12-10	One-Way Trafficway	Dry	Dark - Lighted	Clear	Not a Collision Between Two Motor Vehicles in Transport	No	Other	2	1	Pain Reported	2	41.82276	-71.40639	FALSE	FALSE	S Water Street and S Water Street, Providence, RI, USA	Med	Raw	distance greater than 100m	TRUE	41.82276	-71.40639	2018	December	Downtown	1	440070037002030
1125	2018-12-10	760469	15:30:00	Pedestrian	1	NA	FALSE	FALSE	1	Chalkstone Avenue	River Avenue	2018-12-10	Two-Way, Divided, Unprotected (painted>4feet) Medium	Dry	Daylight	Clear	Not a Collision Between Two Motor Vehicles in Transport	No	Traffic Control Signal	3	1	Pain Reported	1	41.83258	-71.43854	FALSE	FALSE	Chalkstone Avenue and River Avenue, Providence, RI, USA	Med High	Raw	NA	FALSE	41.83258	-71.43854	2018	December	Elmhurst	12	440070023002014
1122	2018-12-11	760504	07:48:00	Pedestrian	1	NA	FALSE	FALSE	1	PLEASANT VALLEY PKWY	RIVER AVE	2018-12-11	One-Way Trafficway	Dry	Daylight	Clear	Not a Collision Between Two Motor Vehicles in Transport	No	Other	4	1	Pain Reported	NA	41.8355	-71.43917	FALSE	FALSE	Pleasant Valley Pkwy and River Ave, Providence, RI, USA	Med High	Raw	NA	FALSE	41.8355	-71.43917	2018	December	Elmhurst	5	440070023004000
1121	2018-12-13	760719	12:05:00	Pedestrian	1	NA	FALSE	FALSE	1	CRANSTON ST	ALTHEA ST	2018-12-13	Two-Way , Not Divided	Dry	Daylight	Clear	Not a Collision Between Two Motor Vehicles in Transport	No	No Controls	7	1	Pain Reported	NA	41.80773	-71.43508	FALSE	FALSE	Cranston Street and Althea Street, Providence, RI, USA	Med High	Raw	NA	FALSE	41.80773	-71.43508	2018	December	West End	8	440070014003007
1120	2018-12-14	760881	18:45:00	Pedestrian	1	NA	FALSE	FALSE	1	442 MANTON AVE	SISSON ST	2018-12-14	Two-Way , Not Divided	Dry	Dark - Lighted	Clear	Not a Collision Between Two Motor Vehicles in Transport	No	Traffic Control Signal	3	1	Pain Reported	NA	41.82546	-71.45529	TRUE	FALSE	442 Manton Ave, Providence, RI, USA	High	Raw	NA	FALSE	41.82546	-71.45529	2018	December	Olneyville	6	440070021022006
1118	2018-12-17	761140	20:22:00	Pedestrian	1	NA	FALSE	FALSE	1	chalkstone ave	ROSEBANK AVE	2018-12-17	Two-Way , Not Divided	Dry	Dark - Lighted	Clear	Other	Yes	No Controls	1	1	Pain Reported	NA	41.83397	-71.43451	FALSE	FALSE	Chalkstone Ave and Rosebank Ave, Providence, RI, USA	Med High	Raw	NA	FALSE	41.83397	-71.43451	2018	December	Elmhurst	12	440070023002010
1119	2018-12-17	761144	20:46:00	Pedestrian	1	NA	FALSE	FALSE	1	Hartford Ave	HARTFORD AVE	2018-12-17	Two-Way , Not Divided	Dry	Dark - Lighted	Clear	Not a Collision Between Two Motor Vehicles in Transport	No	No Controls	2	1	Non-Incapacitating	NA	41.81843	-71.45779	FALSE	FALSE	Hartford Ave and Hartford Ave, Providence, RI, USA	Med	Raw	distance greater than 100m	TRUE	41.81843	-71.45779	2018	December	Hartford	7	440070018002012
1117	2018-12-19	761317	14:47:00	Pedestrian	1	NA	FALSE	FALSE	1	Dudley St	CULVER ST	2018-12-19	Two-Way , Not Divided	Dry	Daylight	Clear	Not a Collision Between Two Motor Vehicles in Transport	Yes	No Controls	4	1	Non-Incapacitating	NA	41.81057	-71.40878	FALSE	FALSE	Dudley Street and Culver Street, Providence, RI, USA	Med High	Raw	NA	FALSE	41.81057	-71.40878	2018	December	Upper South Providence	11	440070006001065
1115	2018-12-20	761378	08:51:00	Bicycle	NA	1	FALSE	FALSE	1	BERKLEY ST	RIVER AVE	2018-12-20	Two-Way, Divided, Unprotected (painted>4feet) Medium	Dry	Daylight	Clear	Not a Collision Between Two Motor Vehicles in Transport	Yes	Stop Signs	1	1	Pain Reported	NA	41.83153	-71.43778	FALSE	FALSE	Berkley Street and River Ave, Providence, RI, USA	Med High	Raw	NA	FALSE	41.83153	-71.43778	2018	December	Valley	12	440070022001004
1116	2018-12-20	761448	22:35:00	Pedestrian	1	NA	FALSE	FALSE	1	DOUGLAS AVE	DOUGLAS AVE	2018-12-20	Two-Way , Not Divided	Wet	Dark - Lighted	Cloudy	Not a Collision Between Two Motor Vehicles in Transport	No	No Controls	3	1	Incapacitating	NA	41.84775	-71.43098	FALSE	FALSE	Douglas Ave and Douglas Ave, Providence, RI, USA	Med High	Raw	distance greater than 100m	TRUE	41.84775	-71.43098	2018	December	Wanskuck	14	440070028022014
1113	2018-12-23	761670	07:30:00	Pedestrian	1	NA	FALSE	FALSE	1	160 Broad St	SERVICE ROAD 7	2018-12-23	One-Way Trafficway	Dry	Daylight	Clear	Not a Collision Between Two Motor Vehicles in Transport	No	Traffic Control Signal	2	1	Non-Incapacitating	NA	41.81736	-71.41696	TRUE	FALSE	160 Broad Street, Providence, RI, USA	High	Raw	NA	FALSE	41.81736	-71.41696	2018	December	Upper South Providence	11	440070007003001
1114	2018-12-23	761691	16:25:00	Pedestrian	1	NA	FALSE	FALSE	1	cutler st	BARSTOW ST	2018-12-23	Two-Way, Divided, Unprotected (painted>4feet) Medium	Dry	Daylight	Clear	Not a Collision Between Two Motor Vehicles in Transport	Yes	No Controls	1	1	Pain Reported	NA	41.82434	-71.44161	FALSE	FALSE	Cutler Street and Barstow Street, Providence, RI, USA	Med High	Raw	NA	FALSE	41.82434	-71.44161	2018	December	Olneyville	15	440070019006000
1112	2018-12-24	761785	17:41:00	Pedestrian	1	NA	FALSE	FALSE	1	BRANCH AVE	MOY ST	2018-12-24	Two-Way , Not Divided	Wet	Dark - Lighted	Cloudy	Not a Collision Between Two Motor Vehicles in Transport	Yes	No Controls	1	1	Incapacitating	NA	41.85492	-71.43664	FALSE	FALSE	Branch Ave and Moy Street, Providence, RI, USA	Med High	Raw	NA	FALSE	41.85492	-71.43664	2018	December	Wanskuck	4	440070028021011
1111	2018-12-26	761879	14:09:00	Pedestrian	1	NA	FALSE	FALSE	1	DORRANCE ST.	FOUNTAIN ST	2018-12-26	Two-Way , Not Divided	Dry	Daylight	Clear	Other	Yes	Traffic Control Signal	3	1	Non-Incapacitating	NA	41.8349	-71.41676	FALSE	FALSE	Dorrance St. and Fountain Street, Providence, RI, USA	Med High	Geocoded	distance greater than 100m	TRUE	41.8249124	-71.4146249	2018	December	Downtown	1	440070008001050
1110	2018-12-27	762031	14:03:00	Pedestrian	3	NA	FALSE	FALSE	1	AMERICAN EXPRESS PLZ	EXCHANGE ST	2018-12-28	Two-Way , Not Divided	Ice/Frost	Daylight	Clear	Not a Collision Between Two Motor Vehicles in Transport	No	Stop Signs	7	3	Pain Reported	NA	41.82833	-71.4132	FALSE	FALSE	American Express Plz and Exchange Street, Providence, RI, USA	Med	Raw	distance greater than 100m	TRUE	41.82833	-71.4132	2018	December	Downtown	12	440070008001014
1107	2018-12-28	762064	16:20:00	Pedestrian	1	NA	FALSE	FALSE	1	DEXTER ST	CRANSTON ST	2018-12-28	Two-Way , Not Divided	Wet	Dark - Lighted	Rain	Not a Collision Between Two Motor Vehicles in Transport	No	No Controls	3	1	Pain Reported	2	41.81254	-71.42956	FALSE	FALSE	Dexter Street and Cranston Street, Providence, RI, USA	Med High	Raw	NA	FALSE	41.81254	-71.42956	2018	December	West End	11	440070012002017
1108	2018-12-28	762081	19:05:00	Pedestrian	1	NA	FALSE	FALSE	1	Chalkstone Ave	Tiffany St.	2018-12-28	Two-Way , Not Divided	Wet	Dark - Lighted	Rain	Not a Collision Between Two Motor Vehicles in Transport	No	No Controls	2	1	Pain Reported	NA	41.83226	-71.44101	FALSE	FALSE	Chalkstone Ave and Tiffany St., Providence, RI, USA	Med High	Raw	NA	FALSE	41.83226	-71.44101	2018	December	Valley	6	440070023003002
1109	2018-12-28	762094	19:09:00	Pedestrian	1	NA	FALSE	FALSE	1	Plainfield Street	WEBSTER AVE	2018-12-28	Two-Way, Divided, Positive Median Barrier	Wet	Dark - Lighted	Rain	Not a Collision Between Two Motor Vehicles in Transport	No	Traffic Control Signal	8	1	Non-Incapacitating	1	41.81366	-71.45067	FALSE	FALSE	Plainfield Street and Webster Ave, Providence, RI, USA	Med High	Raw	NA	FALSE	41.81366	-71.45067	2018	December	Silver Lake	15	440070016011011
1106	2018-12-31	762772	21:15:00	Bicycle	NA	NA	FALSE	FALSE	2	SEABURY ST	POTTERS AVE	2019-01-05	Two-Way , Not Divided	Wet	Dark - Lighted	Rain	Not a Collision Between Two Motor Vehicles in Transport	Yes	No Controls	2	0	No Injury	2	41.80319	-71.43257	FALSE	FALSE	Seabury Street and Potters Ave, Providence, RI, USA	Med High	Raw	NA	FALSE	41.80319	-71.43257	2018	December	West End	8	440070014004012
1105	2019-01-02	762524	06:31:00	Pedestrian	1	NA	FALSE	FALSE	1	BLACKSTONE ST	EDDY ST	2019-01-03	Two-Way , Not Divided	Dry	Dark - Lighted	Clear	Not a Collision Between Two Motor Vehicles in Transport	No	No Controls	3	0	No Injury	NA	41.81013	-71.40723	FALSE	FALSE	Blackstone Street and Eddy Street, Providence, RI, USA	Med High	Raw	NA	FALSE	41.81013	-71.40723	2019	January	Upper South Providence	11	440070006001064
1103	2019-01-03	762583	17:22:00	Pedestrian	1	NA	FALSE	FALSE	1	Broadway	DEAN ST	2019-01-03	Two-Way, Divided, Unprotected (painted>4feet) Medium	Dry	Dark - Lighted	Clear	Not a Collision Between Two Motor Vehicles in Transport	No	Traffic Control Signal	3	1	Pain Reported	NA	41.8214	-71.42253	FALSE	FALSE	Broadway and Dean Street, Providence, RI, USA	Med	Raw	NA	FALSE	41.8214	-71.42253	2019	January	Federal Hill	13	440070011001002
1104	2019-01-03	763004	16:15:00	Pedestrian	1	NA	FALSE	FALSE	1	Westfield Street	Harrison Street	2019-01-08	Two-Way, Divided, Unprotected (painted>4feet) Medium	Dry	Daylight	Clear	Not a Collision Between Two Motor Vehicles in Transport	Yes	No Controls	1	1	Pain Reported	1	41.8103	-71.42739	FALSE	FALSE	Westfield Street and Harrison Street, Providence, RI, USA	Med High	Raw	NA	FALSE	41.8103	-71.42739	2019	January	West End	11	440070012003008