row_number	crash_date	crash_report_id	crash_time	collision_type	count_pedestrian	count_bicycle	scooter	wheel_chair	number_of_vehicles	street_or_highway	nearest_intersection	report_date	type_of_roadway	road_surface_condition	light_condition	weather_condition	manner_of_impact	hit_and_run	traffic_control	person_count	injury_count	most_serious_injury	number_of_lanes	lat_raw	lon_raw	has_st_number	is_intersection_null	address_sent_to_geocoder	api_coord_conf	best_coordinate_set	reason_for_qa	manually_qaed_record	final_lat	final_lon	year	month	pvd_nhood	pvd_wards	geoid20
1102	2019-01-09	763129	18:17:00	Bicycle	NA	1	FALSE	FALSE	1	BROAD ST	ELMWOOD AVE	2019-01-09	Two-Way , Not Divided	Dry	Dark - Lighted	Clear	Not a Collision Between Two Motor Vehicles in Transport	No	Traffic Control Signal	2	1	Non-Incapacitating	NA	41.8129	-71.42199	FALSE	FALSE	Broad Street and Elmwood Ave, Providence, RI, USA	Med	Raw	NA	FALSE	41.8129	-71.42199	2019	January	West End	11	440070007003020
1101	2019-01-11	763265	08:40:00	Pedestrian	1	NA	FALSE	FALSE	1	Washington Street	Eddy Street	2019-01-11	Two-Way, Divided, Unprotected (painted>4feet) Medium	Dry	Daylight	Clear	Not a Collision Between Two Motor Vehicles in Transport	No	Pavement Markings	3	1	Non-Incapacitating	1	41.82401	-71.4134	FALSE	FALSE	Washington Street and Eddy Street, Providence, RI, USA	Med	Raw	NA	FALSE	41.82401	-71.4134	2019	January	Downtown	1	440070008001052
1099	2019-01-14	764529	17:28:00	Pedestrian	1	NA	FALSE	FALSE	1	Douglas Ave	RIVER AVE	2019-01-14	Two-Way, Divided, Unprotected (painted>4feet) Medium	Dry	Dark - Lighted	Clear	Not a Collision Between Two Motor Vehicles in Transport	No	No Controls	4	1	Pain Reported	NA	41.8527	-71.43707	FALSE	FALSE	Douglas Ave and River Ave, Providence, RI, USA	Med High	Raw	NA	FALSE	41.8527	-71.43707	2019	January	Wanskuck	14	440070028021023
1100	2019-01-14	764570	12:20:00	Bicycle	NA	1	FALSE	FALSE	1	Elmwood Avenue	Cadillac Drive	2019-01-15	Two-Way, Divided, Positive Median Barrier	Dry	Daylight	Clear	Not a Collision Between Two Motor Vehicles in Transport	No	Stop Signs	2	1	Non-Incapacitating	2	41.78916	-71.42126	FALSE	FALSE	Elmwood Avenue and Cadillac Drive, Providence, RI, USA	Med High	Raw	NA	FALSE	41.78916	-71.42126	2019	January	Elmwood	9	440070002005033
1098	2019-01-15	764593	20:51:00	Pedestrian	1	NA	FALSE	FALSE	1	MANTON AVE	HERSCHEL ST	2019-01-15	Two-Way , Not Divided	Dry	Daylight	Clear	Not a Collision Between Two Motor Vehicles in Transport	No	No Controls	4	1	Pain Reported	NA	41.83331	-71.46961	FALSE	FALSE	Manton Ave and Herschel Street, Providence, RI, USA	Med High	Raw	NA	FALSE	41.83331	-71.46961	2019	January	Manton	5	440070020002024
1097	2019-01-16	764719	10:05:00	Pedestrian	1	NA	FALSE	FALSE	1	Potters Ave	PRAIRIE AVE	2019-01-16	Two-Way , Not Divided	Dry	Daylight	Clear	Not a Collision Between Two Motor Vehicles in Transport	No	Stop Signs	3	1	Pain Reported	NA	41.80407	-71.4143	FALSE	FALSE	Potters Ave and Prairie Ave, Providence, RI, USA	Med High	Raw	NA	FALSE	41.80407	-71.4143	2019	January	Lower South Providence	11	440070004003003
1096	2019-01-17	764853	15:51:00	Pedestrian	1	NA	FALSE	FALSE	1	WESTMINSTER ST	STOKES ST	2019-01-17	Two-Way , Not Divided	Dry	Daylight	Clear	Other	No	Traffic Control Signal	2	1	Pain Reported	NA	41.81673	-71.44285	FALSE	FALSE	Westminster Street and Stokes Street, Providence, RI, USA	Med High	Raw	NA	FALSE	41.81673	-71.44285	2019	January	Olneyville	15	440070019002013
1095	2019-01-20	765113	16:06:00	Bicycle	NA	NA	FALSE	FALSE	2	WESTMINSTER ST	SERVICE ROAD 8	2019-01-20	Two-Way , Not Divided	Ice/Frost	Daylight	Rain	Rear End(Front-to-Rear)	No	No Controls	4	0	No Injury	NA	41.81919	-71.41791	FALSE	FALSE	Westminster Street and Service Road 8, Providence, RI, USA	Med High	Raw	distance greater than 100m	TRUE	41.81919	-71.41791	2019	January	Downtown	1	440070008002009
1094	2019-01-22	765445	11:26:00	Pedestrian	1	NA	FALSE	FALSE	1	Bridgham Street	Westminster Street	2019-01-23	Two-Way, Divided, Unprotected (painted>4feet) Medium	Dry	Daylight	Clear	Not a Collision Between Two Motor Vehicles in Transport	No	No Controls	3	1	Pain Reported	1	41.81692	-71.42841	FALSE	FALSE	Bridgham Street and Westminster Street, Providence, RI, USA	Med High	Raw	NA	FALSE	41.81692	-71.42841	2019	January	West End	13	440070011002027
1093	2019-01-23	765504	18:18:00	Pedestrian	1	NA	FALSE	FALSE	1	DOYLE AVE	HOPE ST	2019-01-23	Two-Way , Not Divided	Wet	Dark - Not Lighted	Clear	Not a Collision Between Two Motor Vehicles in Transport	No	Traffic Control Signal	5	1	Non-Incapacitating	NA	41.83877	-71.4001	FALSE	FALSE	Doyle Ave and Hope Street, Providence, RI, USA	Med High	Raw	NA	FALSE	41.83877	-71.4001	2019	January	Mount Hope	3	440070034004012
1088	2019-01-24	765576	07:23:00	Pedestrian	1	NA	FALSE	FALSE	1	ADMIRAL ST	HUXLEY AVE	2019-01-24	Two-Way , Not Divided	Wet	Daylight	Rain	Other	No	No Controls	2	1	Pain Reported	2	41.83463	-71.41633	FALSE	FALSE	Admiral Street and Huxley Ave, Providence, RI, USA	Med High	Geocoded	distance greater than 100m	TRUE	41.8467787	-71.4326586	2019	January	Elmhurst	14	440070028012018
1089	2019-01-24	765594	12:10:00	Bicycle	NA	1	FALSE	FALSE	1	WEYBOSSET ST	UNION ST	2019-01-24	Two-Way , Not Divided	Wet	Daylight	Rain	Sideswipe, Same Direction	No	No Controls	3	1	Non-Incapacitating	NA	41.82237	-71.41167	FALSE	FALSE	Weybosset Street and Union Street, Providence, RI, USA	Med High	Raw	NA	FALSE	41.82237	-71.41167	2019	January	Downtown	1	440070008003043
1090	2019-01-24	765601	12:11:00	Pedestrian	1	NA	FALSE	FALSE	1	633 N Main St	N MAIN ST	2019-01-24	Two-Way , Not Divided	Wet	Daylight	Rain	Not a Collision Between Two Motor Vehicles in Transport	No	Pavement Markings	4	1	Incapacitating	2	41.83662	-71.4096	TRUE	FALSE	633 N Main Street, Providence, RI, USA	High	Raw	NA	FALSE	41.83662	-71.4096	2019	January	College Hill	3	440070031004002
1091	2019-01-24	765641	17:06:00	Pedestrian	1	NA	FALSE	FALSE	1	DUDLEY ST	GAY ST	2019-01-24	Two-Way , Not Divided	Wet	Dark - Lighted	Rain	Not a Collision Between Two Motor Vehicles in Transport	No	Stop Signs	2	1	Pain Reported	NA	41.81003	-71.4129	FALSE	FALSE	Dudley Street and Gay Street, Providence, RI, USA	Med High	Raw	NA	FALSE	41.81003	-71.4129	2019	January	Upper South Providence	11	440070007002016
1092	2019-01-24	765665	17:06:00	Pedestrian	1	NA	FALSE	FALSE	1	BLACKSTONE ST	EDDY ST	2019-01-24	Two-Way , Not Divided	Wet	Dark - Lighted	Rain	Not a Collision Between Two Motor Vehicles in Transport	No	Pavement Markings	2	1	Pain Reported	NA	41.81013	-71.40722	FALSE	FALSE	Blackstone Street and Eddy Street, Providence, RI, USA	Med High	Raw	NA	FALSE	41.81013	-71.40722	2019	January	Upper South Providence	11	440070006001064
1087	2019-01-26	765854	15:28:00	Pedestrian	1	NA	FALSE	FALSE	1	SPICER ST	BERNARD ST	2019-01-26	Two-Way , Not Divided	Dry	Daylight	Clear	Not a Collision Between Two Motor Vehicles in Transport	No	No Controls	3	1	Pain Reported	NA	41.79105	-71.40639	FALSE	FALSE	Spicer Street and Bernard Street, Providence, RI, USA	Med High	Raw	distance greater than 100m	TRUE	41.79105	-71.40639	2019	January	Washington Park	10	440070001023008
1086	2019-01-30	766269	19:26:00	Pedestrian	1	NA	FALSE	FALSE	1	ELMWOOD AVE	PARKIS AVE	2019-01-30	Two-Way , Not Divided	Wet	Dark - Lighted	Snow	Not a Collision Between Two Motor Vehicles in Transport	Yes	No Controls	2	1	Non-Incapacitating	NA	41.80883	-71.42462	FALSE	FALSE	Elmwood Ave and Parkis Ave, Providence, RI, USA	Med High	Raw	NA	FALSE	41.80883	-71.42462	2019	January	West End	11	440070003021002
1085	2019-02-02	766531	17:22:00	Pedestrian	2	NA	FALSE	FALSE	1	NARRAGANSETT BLVD	OHIO AVENUE	2019-02-02	Two-Way , Not Divided	Sand	Dark - Not Lighted	Clear	Not a Collision Between Two Motor Vehicles in Transport	No	No Controls	5	2	Pain Reported	NA	41.79008	-71.39635	FALSE	FALSE	Narragansett Blvd and Ohio Avenue, Providence, RI, USA	Med High	Raw	NA	FALSE	41.79008	-71.39635	2019	February	Washington Park	10	440070001012001
1084	2019-02-03	766608	17:33:00	Pedestrian	1	NA	FALSE	FALSE	1	BELLEVUE AVE	BUCKLIN ST	2019-02-03	Two-Way , Not Divided	Dry	Dark - Not Lighted	Clear	Not a Collision Between Two Motor Vehicles in Transport	Yes	No Controls	4	1	Pain Reported	NA	41.8072	-71.42712	FALSE	FALSE	Bellevue Ave and Bucklin Street, Providence, RI, USA	Med High	Raw	NA	FALSE	41.8072	-71.42712	2019	February	West End	9	440070003011004
1082	2019-02-04	766690	12:08:00	Pedestrian	1	NA	FALSE	FALSE	1	S MAIN ST	COLLEGE ST	2019-02-04	Two-Way , Not Divided	Dry	Daylight	Clear	Not a Collision Between Two Motor Vehicles in Transport	No	No Controls	5	1	Pain Reported	NA	41.82574	-71.40793	FALSE	FALSE	S Main Street and College Street, Providence, RI, USA	Med High	Raw	NA	FALSE	41.82574	-71.40793	2019	February	Downtown	1	440070036023022
1083	2019-02-04	766752	17:43:00	Pedestrian	1	NA	FALSE	FALSE	1	FRANCIS ST	FOUNTAIN ST	2019-02-04	Two-Way , Not Divided	Dry	Dark - Lighted	Clear	Not a Collision Between Two Motor Vehicles in Transport	No	Traffic Control Signal	2	1	Pain Reported	NA	41.82489	-71.4145	FALSE	FALSE	Francis Street and Fountain Street, Providence, RI, USA	Med	Raw	distance greater than 100m	TRUE	41.82489	-71.4145	2019	February	Downtown	1	440070008001050
1081	2019-02-05	766812	08:24:00	Pedestrian	1	NA	FALSE	FALSE	1	BRIDGHAM ST	CRANSTON ST	2019-02-05	Two-Way, Divided, Unprotected (painted>4feet) Medium	Wet	Daylight	Clear	Not a Collision Between Two Motor Vehicles in Transport	No	Traffic Control Signal	7	1	Non-Incapacitating	NA	41.81396	-71.42694	FALSE	FALSE	Bridgham Street and Cranston Street, Providence, RI, USA	Med High	Raw	NA	FALSE	41.81396	-71.42694	2019	February	West End	13	440070012001001
1078	2019-02-06	766933	12:03:00	Bicycle	NA	1	FALSE	FALSE	1	George St	Hope St	2019-02-06	Two-Way , Not Divided	Dry	Daylight	Clear	Not a Collision Between Two Motor Vehicles in Transport	No	Stop Signs	2	1	Pain Reported	2	NA	NA	FALSE	FALSE	George Street and Hope Street, Providence, RI, USA	Med	Geocoded	raw coords null but geocoded coords found	TRUE	41.8257801	-71.3972697	2019	February	College Hill	1	440070036013005
1079	2019-02-06	766983	20:00:00	Pedestrian	1	NA	FALSE	FALSE	1	Thayer St	MANNING WALK	2019-02-06	One-Way Trafficway	Wet	Dark - Lighted	Rain	Not a Collision Between Two Motor Vehicles in Transport	No	Other	5	1	Non-Incapacitating	NA	41.82636	-71.40045	FALSE	FALSE	Thayer Street and Manning Walk, Providence, RI, USA	Med High	Raw	NA	FALSE	41.82636	-71.40045	2019	February	College Hill	1	440070036011022
1080	2019-02-06	767003	21:03:00	Pedestrian	1	NA	FALSE	FALSE	1	MEMORIAL BLVD	STEEPLE ST	2019-02-06	Two-Way, Divided, Unprotected (painted>4feet) Medium	Wet	Dark - Lighted	Rain	Not a Collision Between Two Motor Vehicles in Transport	No	Traffic Control Signal	3	0	No Injury	NA	41.82678	-71.41066	FALSE	FALSE	Memorial Blvd and Steeple Street, Providence, RI, USA	Med	Raw	distance greater than 100m	TRUE	41.82678	-71.41066	2019	February	Downtown	1	440070008001033
1075	2019-02-07	767021	01:22:00	Bicycle	NA	1	FALSE	FALSE	1	BOND ST	ATWELLS AVE	2019-02-07	Two-Way , Not Divided	Wet	Dark - Lighted	Rain	Not a Collision Between Two Motor Vehicles in Transport	Yes	No Controls	2	1	Pain Reported	NA	41.82333	-71.42313	FALSE	FALSE	Bond Street and Atwells Ave, Providence, RI, USA	Med	Raw	NA	FALSE	41.82333	-71.42313	2019	February	Federal Hill	13	440070009001048
1076	2019-02-07	767117	18:30:00	Bicycle	NA	1	FALSE	FALSE	1	1910 WESTMINSTER ST	NA	2019-02-07	Two-Way , Not Divided	Wet	Dark - Not Lighted	Clear	Not a Collision Between Two Motor Vehicles in Transport	Yes	No Controls	1	1	Pain Reported	NA	41.81666	-71.44223	TRUE	TRUE	1910 Westminster Street, Providence, RI, USA	High	Raw	NA	FALSE	41.81666	-71.44223	2019	February	Olneyville	15	440070019002013
1077	2019-02-07	767123	17:22:00	Pedestrian	1	NA	FALSE	FALSE	1	DYER AVE	PRUDENCE AVE	2019-02-07	Two-Way , Not Divided	Wet	Dark - Lighted	Rain	Not a Collision Between Two Motor Vehicles in Transport	No	No Controls	3	1	Pain Reported	NA	41.80548	-71.45777	FALSE	FALSE	Dyer Ave and Prudence Ave, Providence, RI, USA	Med High	Raw	raw coords fall outside of city boundary	TRUE	41.80548	-71.45777	2019	February	NA	NA	440070147006000
1074	2019-02-08	767260	15:27:00	Pedestrian	1	NA	FALSE	FALSE	1	POCASSET AVE	WHAT CHEER AVE	2019-02-08	Unknown	Wet	Daylight	Clear	Not a Collision Between Two Motor Vehicles in Transport	No	No Controls	2	0	No Injury	NA	41.80666	-71.45694	FALSE	FALSE	Pocasset Ave and What Cheer Ave, Providence, RI, USA	Med High	Raw	NA	FALSE	41.80666	-71.45694	2019	February	Silver Lake	7	440070017002012
1073	2019-02-14	767835	07:31:00	Pedestrian	1	NA	FALSE	FALSE	1	Branch Ave	Woodward Ave	2019-02-14	Two-Way , Not Divided	Dry	Daylight	Clear	Not a Collision Between Two Motor Vehicles in Transport	Yes	No Controls	3	1	Pain Reported	2	NA	NA	FALSE	FALSE	Branch Ave and Woodward Ave, Providence, RI, USA	Med	Geocoded	raw coords null but geocoded coords found	TRUE	41.8534892	-71.4280628	2019	February	Wanskuck	4	440070028021006
1072	2019-02-15	768043	22:35:00	Pedestrian	1	NA	FALSE	FALSE	1	Gentian Ave	TEXAS AVE	2019-02-15	Two-Way , Not Divided	Wet	Dark - Lighted	Clear	Not a Collision Between Two Motor Vehicles in Transport	No	No Controls	4	1	Pain Reported	NA	41.85035	-71.44978	FALSE	FALSE	Gentian Ave and Texas Ave, Providence, RI, USA	Med High	Raw	NA	FALSE	41.85035	-71.44978	2019	February	Elmhurst	14	440070024004006
1070	2019-02-16	768060	09:44:00	Pedestrian	1	NA	FALSE	FALSE	1	BROAD ST	PORTLAND ST	2019-02-16	Two-Way , Not Divided	Dry	Daylight	Clear	Not a Collision Between Two Motor Vehicles in Transport	No	No Controls	2	1	Pain Reported	NA	41.81425	-71.42124	FALSE	FALSE	Broad Street and Portland Street, Providence, RI, USA	Med	Raw	NA	FALSE	41.81425	-71.42124	2019	February	West End	11	440070007003013
1071	2019-02-16	768115	16:35:00	Bicycle	NA	1	FALSE	FALSE	1	105 Harris Ave	ACORN ST	2019-02-16	Two-Way , Not Divided	Dry	Daylight	Clear	Not a Collision Between Two Motor Vehicles in Transport	No	No Controls	3	1	Incapacitating	NA	41.82607	-71.42889	TRUE	FALSE	105 Harris Ave, Providence, RI, USA	High	Raw	distance greater than 100m	TRUE	41.82607	-71.42889	2019	February	Valley	13	440070025003029
1069	2019-02-20	768549	08:57:00	Bicycle	NA	1	FALSE	FALSE	1	Memorial blvd	Collage St	2019-02-20	Two-Way , Not Divided	Dry	Daylight	Clear	Not a Collision Between Two Motor Vehicles in Transport	No	No Controls	4	1	Pain Reported	4	NA	NA	FALSE	FALSE	Memorial Blvd and Collage Street, Providence, RI, USA	Med High	Geocoded	raw coords null but geocoded coords found	TRUE	41.8253077	-71.4088081	2019	February	Downtown	1	440070008003005
1068	2019-02-21	768695	12:00:00	Pedestrian	1	NA	FALSE	FALSE	1	Newark Street	Valley Street	2019-02-21	Two-Way, Divided, Unprotected (painted>4feet) Medium	Dry	Daylight	Clear	Not a Collision Between Two Motor Vehicles in Transport	No	Pavement Markings	2	1	Pain Reported	1	41.82521	-71.43931	FALSE	FALSE	Newark Street and Valley Street, Providence, RI, USA	Med High	Raw	NA	FALSE	41.82521	-71.43931	2019	February	Valley	12	440070025003031
1065	2019-02-22	768791	09:17:00	Pedestrian	1	NA	FALSE	FALSE	1	WICKENDEN ST	TRAVERSE ST	2019-02-22	Two-Way , Not Divided	Dry	Daylight	Clear	Not a Collision Between Two Motor Vehicles in Transport	No	Pavement Markings	3	1	Pain Reported	NA	41.81931	-71.39968	FALSE	FALSE	Wickenden Street and Traverse Street, Providence, RI, USA	Med High	Raw	NA	FALSE	41.81931	-71.39968	2019	February	Fox Point	1	440070037004017
1066	2019-02-22	768804	13:20:00	Pedestrian	1	NA	FALSE	FALSE	1	WASHINGTON ST	EDDY ST	2019-02-22	Two-Way , Not Divided	Dry	Daylight	Clear	Not a Collision Between Two Motor Vehicles in Transport	No	Pavement Markings	3	1	Pain Reported	NA	41.82402	-71.41339	FALSE	FALSE	Washington Street and Eddy Street, Providence, RI, USA	Med	Raw	NA	FALSE	41.82402	-71.41339	2019	February	Downtown	1	440070008001052
1067	2019-02-22	768844	18:11:00	Pedestrian	1	NA	FALSE	FALSE	1	PARK ROW E	CANAL ST	2019-02-22	Two-Way, Divided, Unprotected (painted>4feet) Medium	Dry	Dark - Lighted	Clear	Other	No	Stop Signs	2	0	No Injury	NA	41.82846	-71.41071	FALSE	FALSE	Park Row E and Canal Street, Providence, RI, USA	Med High	Raw	NA	FALSE	41.82846	-71.41071	2019	February	Downtown	1	440070008001000
1062	2019-02-24	768979	02:57:00	Pedestrian	1	NA	FALSE	FALSE	1	WEYBOSSET ST	RICHMOND ST	2019-02-24	One-Way Trafficway	Dry	Dark - Lighted	Cloudy	Not a Collision Between Two Motor Vehicles in Transport	Yes	Traffic Control Signal	3	1	Pain Reported	NA	41.82112	-71.41289	FALSE	FALSE	Weybosset Street and Richmond Street, Providence, RI, USA	Med High	Raw	NA	FALSE	41.82112	-71.41289	2019	February	Downtown	1	440070008003064
1063	2019-02-24	769007	12:18:00	Pedestrian	1	NA	FALSE	FALSE	1	GREENWICH ST	PUBLIC ST	2019-02-24	Two-Way , Not Divided	Wet	Daylight	Rain	Not a Collision Between Two Motor Vehicles in Transport	No	Traffic Control Signal	2	1	Pain Reported	NA	41.80237	-71.42589	FALSE	FALSE	Greenwich Street and Public Street, Providence, RI, USA	Med High	Raw	NA	FALSE	41.80237	-71.42589	2019	February	West End	9	440070003023006
1064	2019-02-24	769037	17:51:00	Pedestrian	1	NA	FALSE	FALSE	1	STEEPLE ST	MEMORIAL BLVD	2019-02-24	Two-Way, Divided, Positive Median Barrier	Wet	Dark - Lighted	Cloudy	Not a Collision Between Two Motor Vehicles in Transport	No	Traffic Control Signal	2	1	Pain Reported	NA	41.82674	-71.41068	FALSE	FALSE	Steeple Street and Memorial Blvd, Providence, RI, USA	Med	Raw	distance greater than 100m	TRUE	41.82674	-71.41068	2019	February	Downtown	1	440070008001033
1061	2019-02-25	769159	18:24:00	Pedestrian	1	NA	FALSE	FALSE	1	CHARLES ST	195 NORTH ON RAMP	2019-02-25	One-Way Trafficway	Dry	Dark - Not Lighted	Clear	Not a Collision Between Two Motor Vehicles in Transport	No	No Controls	2	1	Pain Reported	NA	41.83696	-71.41315	FALSE	FALSE	Charles Street and 195 North On Ramp, Providence, RI, USA	Med	Raw	distance greater than 100m	TRUE	41.83696	-71.41315	2019	February	Mount Hope	3	440070031003005
1060	2019-02-26	769215	10:46:00	Pedestrian	1	NA	FALSE	FALSE	1	Meeting St	Thayer St	2019-02-26	Two-Way , Not Divided	Dry	Daylight	Clear	Not a Collision Between Two Motor Vehicles in Transport	No	No Controls	3	1	Pain Reported	2	NA	NA	FALSE	FALSE	Meeting Street and Thayer Street, Providence, RI, USA	Med High	Geocoded	raw coords null but geocoded coords found	TRUE	41.8291611	-71.4007664	2019	February	College Hill	2	440070036011016
1059	2019-03-01	769490	08:06:00	Pedestrian	1	NA	FALSE	FALSE	1	Chester St	Broad St	2019-03-01	Two-Way , Not Divided	Dry	Daylight	Clear	Not a Collision Between Two Motor Vehicles in Transport	No	Stop Signs	2	1	Pain Reported	2	NA	NA	FALSE	FALSE	Chester Street and Broad Street, Providence, RI, USA	Med	Geocoded	raw coords null but geocoded coords found	TRUE	41.8065063	-71.4200218	2019	March	Elmwood	9	440070004001011
1058	2019-03-02	769622	08:10:00	Pedestrian	1	NA	FALSE	FALSE	1	Dean St	Broadway	2019-03-02	Two-Way , Not Divided	Snow	Daylight	Snow	Not a Collision Between Two Motor Vehicles in Transport	No	Traffic Control Signal	2	1	Pain Reported	2	NA	NA	FALSE	FALSE	Dean Street and Broadway, Providence, RI, USA	Med High	Geocoded	raw coords null but geocoded coords found	TRUE	41.821414	-71.422531	2019	March	Federal Hill	13	440070011001002
1057	2019-03-03	771688	20:44:00	Pedestrian	1	NA	FALSE	FALSE	1	408 DOUGLAS AVENUE	NA	2019-03-03	Two-Way , Not Divided	Wet	Dark - Lighted	Snow	Not a Collision Between Two Motor Vehicles in Transport	Yes	No Controls	1	1	Pain Reported	NA	41.84092	-71.42726	TRUE	TRUE	408 Douglas Avenue, Providence, RI, USA	High	Raw	NA	FALSE	41.84092	-71.42726	2019	March	Smith Hill	12	440070027003007
1055	2019-03-08	772058	06:36:00	Pedestrian	1	NA	FALSE	FALSE	1	HARTFORD AVE	BODELL AVE	2019-03-08	Two-Way , Not Divided	Dry	Daylight	Clear	Not a Collision Between Two Motor Vehicles in Transport	No	Traffic Control Signal	2	2	Non-Incapacitating	NA	41.81768	-71.45395	FALSE	FALSE	Hartford Ave and Bodell Ave, Providence, RI, USA	Med High	Raw	NA	FALSE	41.81768	-71.45395	2019	March	Hartford	7	440070018002022
1056	2019-03-08	772113	14:20:00	Bicycle	NA	1	FALSE	FALSE	1	244 MASSACHUSETTS AVE	VIRGINIA AVE	2019-03-08	Two-Way , Not Divided	Wet	Daylight	Clear	Other	No	No Controls	3	1	Pain Reported	NA	41.78689	-71.39909	TRUE	FALSE	244 Massachusetts Ave, Providence, RI, USA	High	Raw	NA	FALSE	41.78689	-71.39909	2019	March	Washington Park	10	440070001014010
1054	2019-03-09	772185	07:09:00	Bicycle	NA	1	FALSE	FALSE	1	Cromwell Street	Elmwood Avenue	2019-03-09	Two-Way, Divided, Unprotected (painted>4feet) Medium	Dry	Daylight	Clear	Not a Collision Between Two Motor Vehicles in Transport	No	Stop Signs	3	1	Pain Reported	1	41.80878	-71.42463	FALSE	FALSE	Cromwell Street and Elmwood Avenue, Providence, RI, USA	Med High	Raw	NA	FALSE	41.80878	-71.42463	2019	March	West End	11	440070003021002
1053	2019-03-11	772464	21:14:00	Pedestrian	1	NA	FALSE	FALSE	1	UPTON AVE	BLACKSTONE BLVD	2019-03-11	Two-Way, Divided, Positive Median Barrier	Dry	Dark - Lighted	Clear	Not a Collision Between Two Motor Vehicles in Transport	No	No Controls	4	0	No Injury	NA	41.83957	-71.38577	FALSE	FALSE	Upton Ave and Blackstone Blvd, Providence, RI, USA	Med High	Raw	NA	FALSE	41.83957	-71.38577	2019	March	Blackstone	2	440070034002011
1051	2019-03-12	772576	17:17:00	Pedestrian	1	NA	FALSE	FALSE	1	797 WESTMINSTER ST	CRANSTON ST	2019-03-12	Two-Way, Divided, Positive Median Barrier	Dry	Daylight	Clear	Not a Collision Between Two Motor Vehicles in Transport	No	No Controls	3	1	Non-Incapacitating	NA	41.81786	-71.42095	TRUE	FALSE	797 Westminster Street, Providence, RI, USA	High	Raw	NA	FALSE	41.81786	-71.42095	2019	March	Federal Hill	11	440070011002016
1052	2019-03-12	772585	17:57:00	Pedestrian	1	NA	FALSE	FALSE	1	W RIVER ST	CORLISS ST	2019-03-12	Two-Way, Divided, Unprotected (painted>4feet) Medium	Dry	Daylight	Clear	Not a Collision Between Two Motor Vehicles in Transport	Yes	No Controls	1	1	Pain Reported	NA	41.84404	-71.41346	FALSE	FALSE	W River Street and Corliss Street, Providence, RI, USA	Med High	Raw	NA	FALSE	41.84404	-71.41346	2019	March	Mount Hope	4	440070029004030
1050	2019-03-13	772629	13:08:00	Pedestrian	1	NA	FALSE	FALSE	1	164 SUUMMIT ST	NA	2019-03-13	Unknown	Dry	Daylight	Clear	Not a Collision Between Two Motor Vehicles in Transport	No	No Controls	2	1	Pain Reported	NA	NA	NA	TRUE	TRUE	164 Suummit Street, Providence, RI, USA	High	Neither	raw coords null but geocoded coords found	TRUE	41.82345	-71.37808	2019	March	NA	NA	440070102005010
1048	2019-03-14	772696	12:49:00	Pedestrian	1	NA	FALSE	FALSE	1	COLLEGE ST	MEMORIAL BLVD	2019-03-14	Two-Way , Not Divided	Dry	Daylight	Clear	Not a Collision Between Two Motor Vehicles in Transport	No	Traffic Control Signal	3	1	Pain Reported	NA	41.8253	-71.40887	FALSE	FALSE	College Street and Memorial Blvd, Providence, RI, USA	Med	Raw	NA	FALSE	41.8253	-71.40887	2019	March	Downtown	1	440070008003005
1049	2019-03-14	772784	20:49:00	Bicycle	NA	1	FALSE	FALSE	1	BROAD ST	CAHIR ST	2019-03-14	Two-Way , Not Divided	Wet	Dark - Lighted	Fog, Smog, Smoke	Not a Collision Between Two Motor Vehicles in Transport	No	Traffic Control Signal	4	0	No Injury	NA	41.81692	-71.41795	FALSE	FALSE	Broad Street and Cahir Street, Providence, RI, USA	Med	Raw	NA	FALSE	41.81692	-71.41795	2019	March	Upper South Providence	11	440070007003002
1045	2019-03-15	772880	16:03:00	Pedestrian	1	NA	FALSE	FALSE	1	FEDERAL STREET	WEEDEN ST	2019-03-15	Two-Way , Not Divided	Dry	Daylight	Clear	Not a Collision Between Two Motor Vehicles in Transport	No	No Controls	3	1	Pain Reported	NA	41.82238	-71.4245	FALSE	FALSE	Federal Street and Weeden Street, Providence, RI, USA	Med High	Raw	NA	FALSE	41.82238	-71.4245	2019	March	Federal Hill	13	440070009001027
1046	2019-03-15	772907	19:07:00	Pedestrian	1	NA	FALSE	FALSE	1	POTTERS AVE	GORDON AVE	2019-03-15	Two-Way , Not Divided	Wet	Dark - Lighted	Rain	Not a Collision Between Two Motor Vehicles in Transport	Yes	Pavement Markings	2	1	Pain Reported	NA	41.80372	-71.41576	FALSE	FALSE	Potters Ave and Gordon Ave, Providence, RI, USA	Med High	Raw	NA	FALSE	41.80372	-71.41576	2019	March	Lower South Providence	10	440070004003003