row_number	crash_date	crash_report_id	crash_time	collision_type	count_pedestrian	count_bicycle	scooter	wheel_chair	number_of_vehicles	street_or_highway	nearest_intersection	report_date	type_of_roadway	road_surface_condition	light_condition	weather_condition	manner_of_impact	hit_and_run	traffic_control	person_count	injury_count	most_serious_injury	number_of_lanes	lat_raw	lon_raw	has_st_number	is_intersection_null	address_sent_to_geocoder	api_coord_conf	best_coordinate_set	reason_for_qa	manually_qaed_record	final_lat	final_lon	year	month	pvd_nhood	pvd_wards	geoid20
985	2019-06-24	786287	13:00:00	Bicycle	NA	1	FALSE	FALSE	1	630 MOUNT PLEASANT AVE	LENNON ST	2019-06-25	Two-Way , Not Divided	Dry	Daylight	Clear	Not a Collision Between Two Motor Vehicles in Transport	Yes	No Controls	3	0	No Injury	NA	41.84355	-71.45318	TRUE	FALSE	630 Mount Pleasant Ave, Providence, RI, USA	High	Raw	NA	FALSE	41.84355	-71.45318	2019	June	Mount Pleasant	5	440070024006012
983	2019-06-25	786384	20:37:00	Bicycle	NA	1	FALSE	FALSE	1	CHAPIN AVE	ELLERY ST	2019-06-25	Two-Way , Not Divided	Wet	Dark - Lighted	Rain	Not a Collision Between Two Motor Vehicles in Transport	No	Stop Signs	2	0	No Injury	NA	41.81189	-71.43845	FALSE	FALSE	Chapin Ave and Ellery Street, Providence, RI, USA	Med High	Raw	NA	FALSE	41.81189	-71.43845	2019	June	West End	13	440070013004003
984	2019-06-25	786387	20:58:00	Pedestrian	2	NA	FALSE	FALSE	1	325 WASHINGTON ST	DEAN ST	2019-06-25	Two-Way , Not Divided	Wet	Dark - Lighted	Clear	Not a Collision Between Two Motor Vehicles in Transport	No	Traffic Control Signal	3	2	Pain Reported	NA	41.81961	-71.41983	TRUE	FALSE	325 Washington Street, Providence, RI, USA	High	Raw	NA	FALSE	41.81961	-71.41983	2019	June	Federal Hill	13	440070011002001
982	2019-06-27	786641	22:40:00	Bicycle	NA	1	FALSE	FALSE	1	MEMORIAL BLVD	WASHINGTON ST	2019-06-27	Two-Way, Divided, Positive Median Barrier	Dry	Dark - Lighted	Clear	Angle (Front - to - Side) Right Angle (Includes Broadside)	No	Traffic Control Signal	2	1	Pain Reported	NA	41.82641	-71.41005	FALSE	FALSE	Memorial Blvd and Washington Street, Providence, RI, USA	Med High	Raw	NA	FALSE	41.82641	-71.41005	2019	June	Downtown	1	440070008001033
981	2019-06-28	786766	17:16:00	Pedestrian	1	NA	FALSE	FALSE	1	CRANSTON ST	BENEDICT ST	2019-06-28	Two-Way , Not Divided	Dry	Daylight	Clear	Not a Collision Between Two Motor Vehicles in Transport	No	No Controls	6	1	Pain Reported	2	41.80547	-71.43722	FALSE	FALSE	Cranston Street and Benedict Street, Providence, RI, USA	Med High	Raw	NA	FALSE	41.80547	-71.43722	2019	June	West End	8	440070014005014
980	2019-06-29	786875	18:06:00	Pedestrian	1	NA	FALSE	FALSE	1	65 CONGDON ST	CUSHING ST	2019-06-29	Two-Way , Not Divided	Dry	Daylight	Clear	Not a Collision Between Two Motor Vehicles in Transport	Yes	No Controls	2	0	No Injury	NA	41.8299	-71.40692	TRUE	FALSE	65 Congdon Street, Providence, RI, USA	High	Raw	NA	FALSE	41.8299	-71.40692	2019	June	College Hill	2	440070036023004
978	2019-07-01	787108	14:08:00	Bicycle	NA	1	FALSE	FALSE	1	Academy Ave	Dover St	2019-07-01	Two-Way , Not Divided	Dry	Daylight	Clear	Not a Collision Between Two Motor Vehicles in Transport	No	No Controls	3	1	Pain Reported	2	NA	NA	FALSE	FALSE	Academy Ave and Dover Street, Providence, RI, USA	Med High	Geocoded	raw coords null but geocoded coords found	TRUE	41.8300641	-71.4441731	2019	July	Mount Pleasant	6	440070022004006
979	2019-07-01	787127	16:59:00	Bicycle	NA	1	FALSE	FALSE	1	DEXTER ST	LINWOOD AVE	2019-07-01	Two-Way , Not Divided	Dry	Daylight	Clear	Not a Collision Between Two Motor Vehicles in Transport	No	No Controls	3	1	Pain Reported	NA	41.80552	-71.42951	FALSE	FALSE	Dexter Street and Linwood Ave, Providence, RI, USA	Med High	Raw	NA	FALSE	41.80552	-71.42951	2019	July	West End	8	440070003011007
977	2019-07-03	787314	15:38:00	Bicycle	NA	1	FALSE	FALSE	1	OWEN ST	MANTON AVE	2019-07-03	Two-Way , Not Divided	Dry	Daylight	Clear	Not a Collision Between Two Motor Vehicles in Transport	No	No Controls	2	1	Pain Reported	NA	41.82392	-71.45189	FALSE	FALSE	Owen Street and Manton Ave, Providence, RI, USA	Med	Raw	NA	FALSE	41.82392	-71.45189	2019	July	Olneyville	15	440070019004004
975	2019-07-05	787527	15:31:00	Bicycle	NA	1	FALSE	FALSE	1	7th street	HIGHLAND AVE	2019-07-05	Two-Way , Not Divided	Dry	Daylight	Clear	Not a Collision Between Two Motor Vehicles in Transport	No	No Controls	2	0	No Injury	NA	41.85307	-71.39935	FALSE	FALSE	7th Street and Highland Ave, Providence, RI, USA	Med High	Raw	NA	FALSE	41.85307	-71.39935	2019	July	Hope	3	440070033004023
976	2019-07-05	787555	19:20:00	Bicycle	NA	1	FALSE	FALSE	1	ASHBURTON ST	CHARLES ST	2019-07-05	Two-Way , Not Divided	Dry	Daylight	Clear	Not a Collision Between Two Motor Vehicles in Transport	Yes	No Controls	1	0	No Injury	NA	41.8394	-71.41616	FALSE	FALSE	Ashburton Street and Charles Street, Providence, RI, USA	Med High	Raw	NA	FALSE	41.8394	-71.41616	2019	July	Mount Hope	4	440070029004031
972	2019-07-09	787950	10:37:00	Bicycle	NA	NA	TRUE	FALSE	2	Cambridge Avenue	Academy Avenue	2019-07-09	Two-Way , Not Divided	Dry	Daylight	Clear	Head-On (Front - to - Front)	No	Stop Signs	3	1	Pain Reported	1	NA	NA	FALSE	FALSE	Cambridge Avenue and Academy Avenue, Providence, RI, USA	Med	Geocoded	raw coords null but geocoded coords found	TRUE	41.8254949	-71.4434441	2019	July	Mount Pleasant	6	440070022003012
973	2019-07-09	787994	15:23:00	Bicycle	NA	1	FALSE	FALSE	1	BROADWAY	SERVICE ROAD 7	2019-07-09	One-Way Trafficway	Dry	Daylight	Clear	Head-On (Front - to - Front)	Yes	Traffic Control Signal	2	1	Non-Incapacitating	NA	41.82178	-71.4208	FALSE	FALSE	Broadway and Service Road 7, Providence, RI, USA	Med	Raw	NA	FALSE	41.82178	-71.4208	2019	July	Federal Hill	13	440070009001043
974	2019-07-09	788066	22:52:00	Bicycle	NA	1	FALSE	FALSE	1	19 Pope St.	KOSSUTH ST	2019-07-10	Two-Way , Not Divided	Dry	Dark - Lighted	Clear	Not a Collision Between Two Motor Vehicles in Transport	Yes	No Controls	1	1	Non-Incapacitating	NA	41.82213	-71.44874	TRUE	FALSE	19 Pope St., Providence, RI, USA	High	Raw	NA	FALSE	41.82213	-71.44874	2019	July	Olneyville	15	440070019005008
971	2019-07-10	788188	19:04:00	Other	1	NA	TRUE	FALSE	1	W FOUNTAIN ST	CARGILL ST	2019-07-10	Two-Way , Not Divided	Dry	Dusk	Clear	Angle (Front - to - Side) Right Angle (Includes Broadside)	No	No Controls	4	1	Pain Reported	2	41.81896	-71.42218	FALSE	FALSE	W Fountain Street and Cargill Street, Providence, RI, USA	Med High	Raw	NA	FALSE	41.81896	-71.42218	2019	July	Federal Hill	13	440070011002007
970	2019-07-11	788345	10:40:00	Bicycle	NA	1	FALSE	FALSE	1	STEWART ST	BROAD ST	2019-07-12	Two-Way , Not Divided	Dry	Daylight	Cloudy	Angle (Front - to - Side) Right Angle (Includes Broadside)	No	No Controls	3	0	No Injury	NA	41.8169	-71.41794	FALSE	FALSE	Stewart Street and Broad Street, Providence, RI, USA	Med	Raw	NA	FALSE	41.8169	-71.41794	2019	July	Upper South Providence	11	440070007003002
969	2019-07-13	788463	01:22:00	Other	NA	1	TRUE	FALSE	1	Atwells Ave	SUTTON ST	2019-07-13	Two-Way , Not Divided	Dry	Dark - Lighted	Clear	Angle (Front - to - Side) Right Angle (Includes Broadside)	No	No Controls	2	1	Pain Reported	NA	41.82376	-71.42929	FALSE	FALSE	Atwells Ave and Sutton Street, Providence, RI, USA	Med High	Raw	NA	FALSE	41.82376	-71.42929	2019	July	Federal Hill	13	440070009001015
968	2019-07-15	788730	12:44:00	Bicycle	NA	1	FALSE	FALSE	1	Prairie Avenue	Oxford Avenue	2019-07-15	Two-Way , Not Divided	Dry	Daylight	Clear	Not a Collision Between Two Motor Vehicles in Transport	No	Stop Signs	2	1	Non-Incapacitating	1	NA	NA	FALSE	FALSE	Prairie Avenue and Oxford Avenue, Providence, RI, USA	Med	Geocoded	raw coords null but geocoded coords found	TRUE	41.8015958	-71.413116	2019	July	Lower South Providence	11	440070004003008
967	2019-07-16	788891	19:37:00	Pedestrian	1	NA	FALSE	FALSE	1	DEAN ST	KINSLEY AVE	2019-07-16	One-Way Trafficway	Dry	Daylight	Clear	Not a Collision Between Two Motor Vehicles in Transport	Yes	No Controls	1	1	Pain Reported	NA	41.82747	-71.42616	FALSE	FALSE	Dean Street and Kinsley Ave, Providence, RI, USA	Med High	Raw	distance greater than 100m	TRUE	41.82747	-71.42616	2019	July	Smith Hill	13	440070025003007
966	2019-07-17	789112	19:30:00	Pedestrian	1	NA	FALSE	FALSE	1	Broad St	Potters Ave	2019-07-18	Two-Way , Not Divided	Wet	Daylight	Rain	Not a Collision Between Two Motor Vehicles in Transport	No	Traffic Control Signal	4	1	Pain Reported	2	41.80296	-71.41895	FALSE	FALSE	Broad Street and Potters Ave, Providence, RI, USA	Med	Raw	NA	FALSE	41.80296	-71.41895	2019	July	Elmwood	9	440070004004007
965	2019-07-18	789107	17:53:00	Bicycle	NA	1	FALSE	FALSE	1	UPTON AVE	BLACKSTONE BLVD	2019-07-18	One-Way Trafficway	Wet	Other	Cloudy	Not a Collision Between Two Motor Vehicles in Transport	No	Stop Signs	3	1	Pain Reported	NA	41.83957	-71.38575	FALSE	FALSE	Upton Ave and Blackstone Blvd, Providence, RI, USA	Med High	Raw	NA	FALSE	41.83957	-71.38575	2019	July	Blackstone	2	440070034002011
964	2019-07-19	789161	08:09:00	Pedestrian	1	NA	FALSE	FALSE	1	BROAD ST	CAHIR ST	2019-07-19	Two-Way , Not Divided	Dry	Daylight	Clear	Not a Collision Between Two Motor Vehicles in Transport	No	Traffic Control Signal	4	1	Pain Reported	NA	41.81692	-71.41795	FALSE	FALSE	Broad Street and Cahir Street, Providence, RI, USA	Med	Raw	NA	FALSE	41.81692	-71.41795	2019	July	Upper South Providence	11	440070007003002
963	2019-07-21	789421	18:56:00	Bicycle	NA	1	FALSE	FALSE	1	BROAD ST	PAYTON ST	2019-07-21	Two-Way , Not Divided	Dry	Daylight	Clear	Not a Collision Between Two Motor Vehicles in Transport	No	Stop Signs	2	1	Pain Reported	NA	41.78841	-71.40366	FALSE	FALSE	Broad Street and Payton Street, Providence, RI, USA	Med	Raw	NA	FALSE	41.78841	-71.40366	2019	July	Washington Park	10	440070001021014
961	2019-07-22	789493	16:47:00	Pedestrian	1	NA	FALSE	FALSE	1	FRIENDSHIP ST	DORRANCE ST	2019-07-22	One-Way Trafficway	Dry	Daylight	Clear	Angle (Front - to - Side) Same Direction	No	No Controls	2	1	Pain Reported	NA	41.82196	-71.4095	FALSE	FALSE	Friendship Street and Dorrance Street, Providence, RI, USA	Med High	Raw	NA	FALSE	41.82196	-71.4095	2019	July	Downtown	1	440070008003047
962	2019-07-22	789511	18:22:00	Bicycle	NA	1	FALSE	FALSE	1	CHARLES ST	CHARLES ST EXIT 23	2019-07-22	One-Way Trafficway	Dry	Daylight	Clear	Not a Collision Between Two Motor Vehicles in Transport	Yes	Yield Signs	1	1	Pain Reported	NA	41.83785	-71.41426	FALSE	FALSE	Charles Street and Charles St Exit 23, Providence, RI, USA	Med	Raw	distance greater than 100m	TRUE	41.83785	-71.41426	2019	July	Mount Hope	4	440070029004034
959	2019-07-23	789571	08:33:00	Pedestrian	1	NA	FALSE	FALSE	1	MATHEWSON ST	FOUNTAIN ST	2019-07-23	One-Way Trafficway	Wet	Daylight	Rain	Not a Collision Between Two Motor Vehicles in Transport	No	No Controls	5	1	Pain Reported	NA	41.82371	-71.41586	FALSE	FALSE	Mathewson Street and Fountain Street, Providence, RI, USA	Med High	Raw	NA	FALSE	41.82371	-71.41586	2019	July	Downtown	1	440070008001051
960	2019-07-23	789588	08:00:00	Bicycle	NA	1	FALSE	FALSE	1	BROADWAY	VALLEY ST	2019-07-23	Two-Way, Divided, Unprotected (painted>4feet) Medium	Wet	Daylight	Rain	Not a Collision Between Two Motor Vehicles in Transport	No	Traffic Control Signal	3	1	Pain Reported	NA	41.81684	-71.44101	FALSE	FALSE	Broadway and Valley Street, Providence, RI, USA	Med	Raw	NA	FALSE	41.81684	-71.44101	2019	July	Olneyville	15	440070019002013
957	2019-07-24	789754	12:55:00	Bicycle	NA	1	FALSE	FALSE	1	MEMORIAL BLVD	FRANCIS ST	2019-07-24	Two-Way, Divided, Positive Median Barrier	Dry	Daylight	Clear	Not a Collision Between Two Motor Vehicles in Transport	No	Traffic Control Signal	3	0	No Injury	NA	41.8259	-71.41535	FALSE	FALSE	Memorial Blvd and Francis Street, Providence, RI, USA	Med High	Raw	NA	FALSE	41.8259	-71.41535	2019	July	Downtown	12	440070008001035
958	2019-07-24	789813	20:40:00	Bicycle	NA	1	FALSE	FALSE	1	TERRACE AVE	WEBSTER AVE	2019-07-24	Two-Way , Not Divided	Dry	Dark - Unknown Lighting	Clear	Not a Collision Between Two Motor Vehicles in Transport	Yes	Unknown	1	1	Pain Reported	NA	41.80371	-71.4474	FALSE	FALSE	Terrace Ave and Webster Ave, Providence, RI, USA	Med High	Raw	raw coords fall outside of city boundary	TRUE	41.80371	-71.4474	2019	July	NA	NA	440070141001009
956	2019-07-25	789994	21:57:00	Bicycle	NA	1	FALSE	FALSE	1	EDDY ST	RICHMOND ST	2019-07-26	Two-Way, Divided, Positive Median Barrier	Dry	Dark - Not Lighted	Clear	Not a Collision Between Two Motor Vehicles in Transport	No	No Controls	3	1	Pain Reported	4	41.81607	-71.40661	FALSE	FALSE	Eddy Street and Richmond Street, Providence, RI, USA	Med High	Raw	NA	FALSE	41.81607	-71.40661	2019	July	Downtown	1	440070006001026
955	2019-07-28	790308	18:54:00	Bicycle	NA	1	FALSE	FALSE	1	121 ROGER WILLIAMS AVE	NARRAGANSETT AVE	2019-07-29	Two-Way , Not Divided	Dry	Daylight	Clear	Not a Collision Between Two Motor Vehicles in Transport	Yes	No Controls	1	1	Pain Reported	NA	41.78851	-71.42364	TRUE	FALSE	121 Roger Williams Ave, Providence, RI, USA	High	Raw	NA	FALSE	41.78851	-71.42364	2019	July	Reservoir	8	440070015002005
953	2019-08-01	790691	13:47:00	Bicycle	NA	1	FALSE	FALSE	1	BROAD ST	PEARL ST	2019-08-01	Two-Way , Not Divided	Dry	Daylight	Clear	Not a Collision Between Two Motor Vehicles in Transport	Yes	No Controls	1	1	Pain Reported	NA	41.8149	-71.42087	FALSE	FALSE	Broad Street and Pearl Street, Providence, RI, USA	Med	Raw	NA	FALSE	41.8149	-71.42087	2019	August	West End	11	440070007003004
954	2019-08-01	790704	16:05:00	Bicycle	NA	1	FALSE	FALSE	1	81 DELAINE STREET	SONOMA CT	2019-08-01	Two-Way, Divided, Unprotected (painted>4feet) Medium	Dry	Daylight	Clear	Sideswipe, Same Direction	No	No Controls	2	1	Pain Reported	2	41.81948	-71.44192	TRUE	FALSE	81 Delaine Street, Providence, RI, USA	High	Raw	NA	FALSE	41.81948	-71.44192	2019	August	Olneyville	15	440070019006015
951	2019-08-02	790756	08:44:00	Bicycle	NA	1	FALSE	FALSE	1	CHAD BROWN STREET	RADCLIFFE AVENUE	2019-08-02	Two-Way , Not Divided	Dry	Daylight	Clear	Angle (Front - to - Side) Right Angle (Includes Broadside)	No	Stop Signs	4	1	Non-Incapacitating	2	41.83349	-71.41682	FALSE	FALSE	Chad Brown Street and Radcliffe Avenue, Providence, RI, USA	Med High	Geocoded	distance greater than 100m	TRUE	41.8393259	-71.4311219	2019	August	Elmhurst	14	440070023001002
952	2019-08-02	790872	23:38:00	Bicycle	NA	1	FALSE	FALSE	1	ATWELLS AVE	BOND ST	2019-08-03	Two-Way, Divided, Unprotected (painted>4feet) Medium	Dry	Dark - Lighted	Clear	Not a Collision Between Two Motor Vehicles in Transport	Yes	No Controls	1	0	No Injury	NA	41.82333	-71.42318	FALSE	FALSE	Atwells Ave and Bond Street, Providence, RI, USA	Med High	Raw	NA	FALSE	41.82333	-71.42318	2019	August	Federal Hill	13	440070009001048
949	2019-08-03	790916	14:30:00	Bicycle	NA	1	FALSE	FALSE	1	BROAD ST	LOCKWOOD ST	2019-08-03	Two-Way , Not Divided	Dry	Daylight	Clear	Not a Collision Between Two Motor Vehicles in Transport	Yes	No Controls	1	1	Pain Reported	NA	41.81536	-71.42062	FALSE	FALSE	Broad Street and Lockwood Street, Providence, RI, USA	Med	Raw	distance greater than 100m	TRUE	41.81536	-71.42062	2019	August	West End	11	440070007003003
950	2019-08-03	790982	22:30:00	Pedestrian	1	NA	FALSE	FALSE	1	BROAD ST	VERNDALE AVE	2019-08-04	Two-Way, Divided, Unprotected (painted>4feet) Medium	Dry	Dark - Lighted	Clear	Other	Yes	No Controls	2	1	Incapacitating	NA	41.79177	-71.40668	FALSE	FALSE	Broad Street and Verndale Ave, Providence, RI, USA	Med	Raw	NA	FALSE	41.79177	-71.40668	2019	August	Washington Park	10	440070001021010
948	2019-08-07	791294	14:50:00	Bicycle	NA	1	FALSE	FALSE	1	Manton Avenue	Westcott Street	2019-08-07	Two-Way , Not Divided	Dry	Daylight	Clear	Angle (Front - to - Side) Right Angle (Includes Broadside)	No	Stop Signs	3	1	Non-Incapacitating	NA	NA	NA	FALSE	FALSE	Manton Avenue and Westcott Street, Providence, RI, USA	Med High	Geocoded	raw coords null but geocoded coords found	TRUE	41.8337394	-71.4685327	2019	August	Manton	5	440070020002017
947	2019-08-08	791398	09:48:00	Bicycle	NA	1	FALSE	FALSE	1	ATWELLS AVE	VALLEY ST	2019-08-08	Two-Way, Divided, Positive Median Barrier	Wet	Dark - Lighted	Cloudy	Other	No	No Controls	4	1	Pain Reported	NA	41.82456	-71.4395	FALSE	FALSE	Atwells Ave and Valley Street, Providence, RI, USA	Med High	Raw	NA	FALSE	41.82456	-71.4395	2019	August	Olneyville	15	440070022002021
946	2019-08-09	791459	22:49:00	Bicycle	NA	1	FALSE	FALSE	1	174 Linwood ave	DEXTER ST	2019-08-10	Two-Way , Not Divided	Dry	Dark - Lighted	Clear	Angle (Front - to - Side) Same Direction	No	No Controls	3	1	Pain Reported	NA	41.806	-71.43194	TRUE	FALSE	174 Linwood Ave, Providence, RI, USA	High	Raw	NA	FALSE	41.806	-71.43194	2019	August	West End	8	440070014002003
944	2019-08-10	791488	17:02:00	Pedestrian	1	NA	FALSE	FALSE	1	Pleasant Valley Parkway	Winrooth Ave	2019-08-10	One-Way Trafficway	Dry	Daylight	Clear	Not a Collision Between Two Motor Vehicles in Transport	Yes	No Controls	1	0	No Injury	1	41.83545	-71.43677	FALSE	FALSE	Pleasant Valley Parkway and Winrooth Ave, Providence, RI, USA	Med High	Raw	NA	FALSE	41.83545	-71.43677	2019	August	Elmhurst	5	440070023002006
945	2019-08-10	791503	19:20:00	Pedestrian	1	NA	FALSE	FALSE	1	S MAIN ST	TRANSIT ST	2019-08-10	One-Way Trafficway	Dry	Dusk	Clear	Not a Collision Between Two Motor Vehicles in Transport	Yes	No Controls	2	1	Non-Incapacitating	NA	41.82012	-71.40301	FALSE	FALSE	S Main Street and Transit Street, Providence, RI, USA	Med High	Raw	NA	FALSE	41.82012	-71.40301	2019	August	Fox Point	1	440070037002034
942	2019-08-11	791569	16:26:00	Bicycle	NA	1	FALSE	FALSE	1	N MAIN ST	SMITH ST	2019-08-11	One-Way Trafficway	Dry	Daylight	Clear	Not a Collision Between Two Motor Vehicles in Transport	Yes	No Controls	1	1	Pain Reported	NA	41.8315	-71.41063	FALSE	FALSE	N Main Street and Smith Street, Providence, RI, USA	Med	Raw	NA	FALSE	41.8315	-71.41063	2019	August	College Hill	3	440070031004016
943	2019-08-11	791597	20:37:00	Bicycle	NA	1	FALSE	FALSE	1	Plainfield Street	Union Street	2019-08-11	Two-Way, Divided, Unprotected (painted>4feet) Medium	Dry	Dark - Lighted	Clear	Angle (Front - to - Side) Same Direction	No	Stop Signs	4	1	Pain Reported	NA	41.8088	-71.46314	FALSE	FALSE	Plainfield Street and Union Street, Providence, RI, USA	Med	Raw	distance greater than 100m	TRUE	41.8088	-71.46314	2019	August	Silver Lake	7	440070018006026
941	2019-08-15	791957	18:41:00	Pedestrian	1	NA	FALSE	FALSE	1	REGENT AVE	HURON ST	2019-08-15	Two-Way , Not Divided	Dry	Daylight	Clear	Not a Collision Between Two Motor Vehicles in Transport	Yes	No Controls	1	0	No Injury	NA	41.8295	-71.44139	FALSE	FALSE	Regent Ave and Huron Street, Providence, RI, USA	Med High	Raw	NA	FALSE	41.8295	-71.44139	2019	August	Valley	6	440070022004007
938	2019-08-16	791989	14:50:00	Bicycle	NA	1	FALSE	FALSE	1	ELMWOOD AVE	WILSON STREET	2019-08-16	Two-Way , Not Divided	Dry	Daylight	Clear	Not a Collision Between Two Motor Vehicles in Transport	Yes	No Controls	1	1	Pain Reported	NA	41.81119	-71.42317	FALSE	FALSE	Elmwood Ave and Wilson Street, Providence, RI, USA	Med High	Raw	NA	FALSE	41.81119	-71.42317	2019	August	West End	11	440070012003003
939	2019-08-16	792001	15:48:00	Bicycle	NA	1	FALSE	FALSE	1	F C GREENE MEMORIAL BLVD	CARR ST	2019-08-16	Two-Way , Not Divided	Dry	Daylight	Clear	Not a Collision Between Two Motor Vehicles in Transport	No	No Controls	3	1	Incapacitating	NA	41.78713	-71.41026	FALSE	FALSE	F C Greene Memorial Blvd and Carr Street, Providence, RI, USA	Med High	Raw	NA	FALSE	41.78713	-71.41026	2019	August	South Elmwood	9	440070001023011
940	2019-08-16	792184	20:13:00	Pedestrian	1	NA	FALSE	FALSE	1	FRANCIS ST	AMERICAN EXPRESS PLZ	2019-08-19	Two-Way, Divided, Unprotected (painted>4feet) Medium	Dry	Daylight	Clear	Not a Collision Between Two Motor Vehicles in Transport	No	Traffic Control Signal	4	1	Pain Reported	NA	41.82741	-71.41541	FALSE	FALSE	Francis Street and American Express Plz, Providence, RI, USA	Med	Raw	distance greater than 100m	TRUE	41.82741	-71.41541	2019	August	Downtown	12	440070008001013
937	2019-08-23	792659	20:38:00	Bicycle	NA	1	FALSE	FALSE	1	PONAGANSETT AVE / DRESSER ST	PONAGANSETT AVE	2019-08-23	Two-Way , Not Divided	Dry	Dusk	Clear	Not a Collision Between Two Motor Vehicles in Transport	No	No Controls	2	1	Pain Reported	NA	41.81979	-71.4584	FALSE	FALSE	Ponagansett Ave / Dresser Street and Ponagansett Ave, Providence, RI, USA	Med	Raw	distance greater than 100m	TRUE	41.81979	-71.4584	2019	August	Hartford	7	440070018002013
935	2019-08-25	792734	00:56:00	Pedestrian	1	NA	FALSE	FALSE	1	ORMS ST	CANDACE ST	2019-08-25	Two-Way , Not Divided	Dry	Dark - Lighted	Clear	Other	Yes	No Controls	3	1	Pain Reported	NA	41.83378	-71.42189	FALSE	FALSE	Orms Street and Candace Street, Providence, RI, USA	Med High	Raw	NA	FALSE	41.83378	-71.42189	2019	August	Smith Hill	12	440070026001001
933	2019-08-29	793187	14:54:00	Pedestrian	1	NA	FALSE	FALSE	1	863 BROAD STREET	OXFORD ST	2019-08-29	Two-Way, Divided, Unprotected (painted>4feet) Medium	Dry	Daylight	Clear	Not a Collision Between Two Motor Vehicles in Transport	Yes	No Controls	2	1	Pain Reported	NA	41.80061	-71.41763	TRUE	FALSE	863 Broad Street, Providence, RI, USA	High	Raw	NA	FALSE	41.80061	-71.41763	2019	August	Elmwood	10	440070004004011
934	2019-08-29	793201	10:00:00	Pedestrian	1	NA	FALSE	FALSE	1	DEAN ST	ATWELLS AVE	2019-08-29	Two-Way, Not Divided With a Continuous Left Turn Lane	Dry	Dark - Lighted	Clear	Not a Collision Between Two Motor Vehicles in Transport	No	Traffic Control Signal	6	1	Pain Reported	NA	41.82341	-71.42423	FALSE	FALSE	Dean Street and Atwells Ave, Providence, RI, USA	Med High	Raw	NA	FALSE	41.82341	-71.42423	2019	August	Federal Hill	13	440070009001030
932	2019-08-30	793244	09:40:00	Pedestrian	1	NA	FALSE	FALSE	1	Allens Avenue	Georgia Avenue	2019-08-30	Two-Way, Divided, Unprotected (painted>4feet) Medium	Dry	Daylight	Clear	Not a Collision Between Two Motor Vehicles in Transport	No	Stop Signs	2	1	Pain Reported	2	NA	NA	FALSE	FALSE	Allens Avenue and Georgia Avenue, Providence, RI, USA	Med High	Geocoded	raw coords null but geocoded coords found	TRUE	41.792156	-71.3970245	2019	August	Washington Park	10	440070001011015
931	2019-08-31	793399	16:13:00	Pedestrian	1	NA	FALSE	FALSE	1	PLAINFIELD STREET	KILLINGLY ST	2019-08-31	Two-Way, Divided, Unprotected (painted>4feet) Medium	Dry	Daylight	Clear	Not a Collision Between Two Motor Vehicles in Transport	No	No Controls	2	1	Non-Incapacitating	NA	41.81265	-71.45897	FALSE	FALSE	Plainfield Street and Killingly Street, Providence, RI, USA	Med High	Raw	NA	FALSE	41.81265	-71.45897	2019	August	Silver Lake	7	440070018005006
929	2019-09-01	794424	02:08:00	Pedestrian	1	NA	FALSE	FALSE	1	1193 Eddy Street	NA	2019-09-01	Two-Way , Not Divided	Dry	Dark - Lighted	Clear	Not a Collision Between Two Motor Vehicles in Transport	Yes	No Controls	2	1	Incapacitating	NA	41.79321	-71.40396	TRUE	TRUE	1193 Eddy Street, Providence, RI, USA	High	Raw	NA	FALSE	41.79321	-71.40396	2019	September	Washington Park	10	440070001013003
930	2019-09-01	794468	19:42:00	Pedestrian	1	NA	FALSE	FALSE	1	HAMMOND ST	DIVISION ST	2019-09-01	Two-Way , Not Divided	Dry	Dark - Lighted	Cloudy	Not a Collision Between Two Motor Vehicles in Transport	No	Stop Signs	4	1	Pain Reported	NA	41.81507	-71.42855	FALSE	FALSE	Hammond Street and Division Street, Providence, RI, USA	Med High	Raw	NA	FALSE	41.81507	-71.42855	2019	September	West End	13	440070012002000
928	2019-09-02	794476	00:12:00	Bicycle	NA	1	FALSE	FALSE	1	Elmwood Ave	Roger Williams Ave	2019-09-02	Two-Way, Divided, Unprotected (painted>4feet) Medium	Dry	Dark - Lighted	Clear	Not a Collision Between Two Motor Vehicles in Transport	Yes	No Controls	2	1	Pain Reported	NA	41.78767	-71.42041	FALSE	FALSE	Elmwood Ave and Roger Williams Ave, Providence, RI, USA	Med High	Raw	distance greater than 100m	TRUE	41.78767	-71.42041	2019	September	Elmwood	9	440070002005015
927	2019-09-03	794517	03:47:00	Pedestrian	1	NA	FALSE	FALSE	1	551 North Main ST	N MAIN ST	2019-09-03	Two-Way, Divided, Positive Median Barrier	Wet	Dark - Lighted	Rain	Not a Collision Between Two Motor Vehicles in Transport	Yes	No Controls	1	1	Pain Reported	NA	41.8371	-71.4095	TRUE	FALSE	551 North Main Street, Providence, RI, USA	High	Raw	NA	FALSE	41.8371	-71.4095	2019	September	College Hill	3	440070031004002