row_number	crash_date	crash_report_id	crash_time	collision_type	count_pedestrian	count_bicycle	scooter	wheel_chair	number_of_vehicles	street_or_highway	nearest_intersection	report_date	type_of_roadway	road_surface_condition	light_condition	weather_condition	manner_of_impact	hit_and_run	traffic_control	person_count	injury_count	most_serious_injury	number_of_lanes	lat_raw	lon_raw	has_st_number	is_intersection_null	address_sent_to_geocoder	api_coord_conf	best_coordinate_set	reason_for_qa	manually_qaed_record	final_lat	final_lon	year	month	pvd_nhood	pvd_wards	geoid20
864	2019-11-01	801458	17:57:00	Pedestrian	1	NA	FALSE	FALSE	1	HARTFORD AVE	HARTFORD AVE	2019-11-01	Two-Way, Divided, Unprotected (painted>4feet) Medium	Dry	Daylight	Clear	Head-On (Front - to - Front)	Yes	Unknown	2	1	Pain Reported	NA	41.81827	-71.45698	FALSE	FALSE	Hartford Ave and Hartford Ave, Providence, RI, USA	Med	Raw	distance greater than 100m	TRUE	41.81827	-71.45698	2019	November	Hartford	7	440070018002008
865	2019-11-01	801460	15:36:00	Pedestrian	1	NA	FALSE	FALSE	1	Dean St	W EXCHANGE ST	2019-11-01	Two-Way, Divided, Positive Median Barrier	Dry	Daylight	Clear	Not a Collision Between Two Motor Vehicles in Transport	Yes	Traffic Control Signal	1	1	Pain Reported	NA	41.82543	-71.42583	FALSE	FALSE	Dean Street and W Exchange Street, Providence, RI, USA	Med	Raw	NA	FALSE	41.82543	-71.42583	2019	November	Federal Hill	13	440070009001001
863	2019-11-04	802737	14:16:00	Pedestrian	1	NA	FALSE	FALSE	1	BROADWAY	HARRIS AVE	2019-11-05	Two-Way, Divided, Unprotected (painted>4feet) Medium	Dry	Daylight	Clear	Other	No	No Controls	3	1	Pain Reported	2	41.81705	-71.44029	FALSE	FALSE	Broadway and Harris Ave, Providence, RI, USA	Med	Raw	NA	FALSE	41.81705	-71.44029	2019	November	Olneyville	15	440070019001016
861	2019-11-05	802806	16:59:00	Bicycle	NA	1	FALSE	FALSE	1	DUPONT DR	NIANTIC AVE	2019-11-05	Two-Way , Not Divided	Wet	Dark - Lighted	Rain	Angle (Front - to - Side) Right Angle (Includes Broadside)	No	Traffic Control Signal	2	1	Pain Reported	NA	41.80066	-71.43901	FALSE	FALSE	Dupont Dr and Niantic Ave, Providence, RI, USA	Med High	Raw	distance greater than 100m	TRUE	41.80066	-71.43901	2019	November	NA	8	440070015001001
862	2019-11-05	802844	19:53:00	Bicycle	NA	1	FALSE	FALSE	1	BROAD ST	BROAD ST	2019-11-05	Two-Way , Not Divided	Dry	Dark - Lighted	Clear	Not a Collision Between Two Motor Vehicles in Transport	Yes	Pavement Markings	2	1	Pain Reported	NA	41.81632	-71.41929	FALSE	FALSE	Broad Street and Broad Street, Providence, RI, USA	Med	Raw	distance greater than 100m	TRUE	41.81632	-71.41929	2019	November	Upper South Providence	11	440070007003003
860	2019-11-06	802873	15:55:00	Bicycle	NA	NA	FALSE	FALSE	2	19 Preston St	GOVERNOR ST	2019-11-06	Two-Way , Not Divided	Dry	Dusk	Clear	Not a Collision Between Two Motor Vehicles in Transport	No	No Controls	2	0	No Injury	NA	41.82425	-71.39368	TRUE	FALSE	19 Preston Street, Providence, RI, USA	High	Raw	NA	FALSE	41.82425	-71.39368	2019	November	College Hill	1	440070035002008
858	2019-11-07	802933	17:47:00	Pedestrian	1	NA	FALSE	FALSE	1	DOYLE AVE	PROCTOR PL	2019-11-07	Two-Way , Not Divided	Wet	Dark - Lighted	Rain	Not a Collision Between Two Motor Vehicles in Transport	Yes	No Controls	2	1	Pain Reported	NA	41.83877	-71.40094	FALSE	FALSE	Doyle Ave and Proctor Pl, Providence, RI, USA	Med High	Raw	NA	FALSE	41.83877	-71.40094	2019	November	Mount Hope	3	440070031001004
859	2019-11-07	802957	15:55:00	Pedestrian	1	NA	FALSE	FALSE	1	Point	Eddy	2019-11-07	Two-Way , Not Divided	Dry	Daylight	Clear	Angle (Front - to - Side) Same Direction	No	Traffic Control Signal	2	1	Pain Reported	2	41.81655	-71.40727	FALSE	FALSE	Point and Eddy, Providence, RI, USA	Med	Raw	NA	FALSE	41.81655	-71.40727	2019	November	Downtown	1	440070006001024
856	2019-11-08	802963	01:23:00	Bicycle	NA	1	FALSE	FALSE	1	VALLEY ST	DELAINE ST	2019-11-08	Two-Way , Not Divided	Wet	Dark - Lighted	Rain	Not a Collision Between Two Motor Vehicles in Transport	No	Stop Signs	2	1	Non-Incapacitating	NA	41.8195	-71.4405	FALSE	FALSE	Valley Street and Delaine Street, Providence, RI, USA	Med High	Raw	NA	FALSE	41.8195	-71.4405	2019	November	Olneyville	15	440070019001012
857	2019-11-08	803027	23:31:00	Pedestrian	1	NA	FALSE	FALSE	1	N MAIN ST	RANDALL ST	2019-11-09	Two-Way, Divided, Positive Median Barrier	Dry	Dusk	Clear	Angle - Direction Not Specified	No	No Controls	5	1	Non-Incapacitating	2	41.83888	-71.40937	FALSE	FALSE	N Main Street and Randall Street, Providence, RI, USA	Med	Raw	distance greater than 100m	TRUE	41.83888	-71.40937	2019	November	Mount Hope	3	440070031002011
855	2019-11-11	805194	16:30:00	Pedestrian	1	NA	FALSE	FALSE	1	OAKWOOD AVE	CHALKSTONE AVE	2019-11-11	Two-Way , Not Divided	Dry	Dark - Lighted	Cloudy	Not a Collision Between Two Motor Vehicles in Transport	No	No Controls	4	1	Incapacitating	NA	41.83316	-71.45964	FALSE	FALSE	Oakwood Ave and Chalkstone Ave, Providence, RI, USA	Med High	Raw	NA	FALSE	41.83316	-71.45964	2019	November	Manton	5	440070024006026
853	2019-11-13	805387	15:57:00	Pedestrian	1	NA	FALSE	FALSE	1	UNION AVE	RICOM WAY	2019-11-13	Two-Way , Not Divided	Dry	Daylight	Clear	Not a Collision Between Two Motor Vehicles in Transport	No	No Controls	3	1	Pain Reported	NA	41.80829	-71.44198	FALSE	FALSE	Union Ave and Ricom Way, Providence, RI, USA	Med	Raw	NA	FALSE	41.80829	-71.44198	2019	November	Silver Lake	15	440070016012027
854	2019-11-13	805704	15:16:00	Pedestrian	1	NA	FALSE	FALSE	1	BROAD ST	FRICKER ST	2019-11-13	Two-Way , Not Divided	Dry	Daylight	Clear	Not a Collision Between Two Motor Vehicles in Transport	No	Pavement Markings	3	1	Pain Reported	NA	41.81528	-71.42066	FALSE	FALSE	Broad Street and Fricker Street, Providence, RI, USA	Med	Raw	NA	FALSE	41.81528	-71.42066	2019	November	West End	11	440070007003004
851	2019-11-15	805597	09:50:00	Pedestrian	1	NA	FALSE	FALSE	1	ROUTE 10 SOUTH RESERVOIR AVE EXIT	RESERVOIR AVE	2019-11-15	One-Way Trafficway	Dry	Daylight	Clear	Not a Collision Between Two Motor Vehicles in Transport	No	Pavement Markings	3	1	Pain Reported	NA	41.78762	-71.43257	FALSE	FALSE	Route 10 South Reservoir Ave Exit and Reservoir Ave, Providence, RI, USA	Med	Raw	distance greater than 100m	TRUE	41.78762	-71.43257	2019	November	Reservoir	8	440070015001008
852	2019-11-15	805662	16:45:00	Pedestrian	1	NA	FALSE	FALSE	1	MEMORIAL BLVD	FRANCIS ST	2019-11-15	Two-Way , Not Divided	Dry	Dark - Lighted	Clear	Not a Collision Between Two Motor Vehicles in Transport	No	Traffic Control Signal	3	1	Incapacitating	NA	41.82589	-71.41539	FALSE	FALSE	Memorial Blvd and Francis Street, Providence, RI, USA	Med High	Raw	NA	FALSE	41.82589	-71.41539	2019	November	Downtown	12	440070008001035
850	2019-11-17	805830	21:02:00	Bicycle	NA	NA	FALSE	FALSE	2	BROAD ST	SERVICE ROAD 7	2019-11-17	Two-Way , Not Divided	Dry	Dark - Lighted	Clear	Angle (Front - to - Side) Right Angle (Includes Broadside)	Yes	Traffic Control Signal	2	0	No Injury	NA	41.81736	-71.41696	FALSE	FALSE	Broad Street and Service Road 7, Providence, RI, USA	Med	Raw	NA	FALSE	41.81736	-71.41696	2019	November	Upper South Providence	11	440070007003001
847	2019-11-19	805939	09:43:00	Pedestrian	1	NA	FALSE	FALSE	1	MEMORIAL BLVD	COLLEGE ST	2019-11-19	Two-Way , Not Divided	Wet	Daylight	Rain	Not a Collision Between Two Motor Vehicles in Transport	No	Pavement Markings	3	1	Pain Reported	NA	41.82523	-71.40892	FALSE	FALSE	Memorial Blvd and College Street, Providence, RI, USA	Med High	Raw	NA	FALSE	41.82523	-71.40892	2019	November	Downtown	1	440070008003009
848	2019-11-19	805971	15:26:00	Pedestrian	1	NA	FALSE	FALSE	1	BARTON ST	WESTMINSTER ST	2019-11-19	Two-Way , Not Divided	Dry	Daylight	Clear	Other	No	School Zone Signs	4	0	No Injury	NA	41.81615	-71.43659	FALSE	FALSE	Barton Street and Westminster Street, Providence, RI, USA	Med High	Raw	NA	FALSE	41.81615	-71.43659	2019	November	Federal Hill	13	440070010002008
849	2019-11-19	805972	17:00:00	Pedestrian	1	NA	FALSE	FALSE	1	SOMERSET STREET	BROAD STREET	2019-11-19	Two-Way , Not Divided	Dry	Dark - Lighted	Clear	Not a Collision Between Two Motor Vehicles in Transport	Yes	No Controls	1	1	Non-Incapacitating	NA	41.81735	-71.45075	FALSE	FALSE	Somerset Street and Broad Street, Providence, RI, USA	Med	Geocoded	distance greater than 100m	TRUE	41.8134589	-71.421576	2019	November	West End	11	440070007003019
846	2019-11-21	806138	13:35:00	Pedestrian	1	NA	FALSE	FALSE	1	FRANCIS ST	MEMORIAL BLVD	2019-11-21	Two-Way , Not Divided	Dry	Daylight	Clear	Other	No	Traffic Control Signal	4	1	Pain Reported	4	41.82602	-71.4154	FALSE	FALSE	Francis Street and Memorial Blvd, Providence, RI, USA	Med	Raw	NA	FALSE	41.82602	-71.4154	2019	November	Downtown	12	440070008001035
845	2019-11-23	806319	22:03:00	Pedestrian	1	NA	FALSE	FALSE	1	WESTMINSTER ST	STOKES ST	2019-11-23	Two-Way , Not Divided	Dry	Dark - Lighted	Clear	Not a Collision Between Two Motor Vehicles in Transport	No	No Controls	4	1	Pain Reported	NA	41.81668	-71.44236	FALSE	FALSE	Westminster Street and Stokes Street, Providence, RI, USA	Med High	Raw	NA	FALSE	41.81668	-71.44236	2019	November	Olneyville	15	440070019002013
844	2019-11-24	806355	08:04:00	Pedestrian	1	NA	FALSE	FALSE	1	HAWKINS ST	ADMIRAL ST	2019-11-24	Two-Way , Not Divided	Wet	Daylight	Rain	Not a Collision Between Two Motor Vehicles in Transport	Yes	Stop Signs	1	1	Pain Reported	NA	41.84594	-71.42837	FALSE	FALSE	Hawkins Street and Admiral Street, Providence, RI, USA	Med High	Raw	NA	FALSE	41.84594	-71.42837	2019	November	Wanskuck	4	440070027001007
843	2019-11-25	806494	18:32:00	Pedestrian	1	NA	FALSE	FALSE	1	FRANCIS ST	AMERICAN EXPRESS PLZ	2019-11-25	Two-Way , Not Divided	Dry	Dark - Lighted	Clear	Not a Collision Between Two Motor Vehicles in Transport	No	Traffic Control Signal	4	1	Non-Incapacitating	NA	41.82745	-71.41541	FALSE	FALSE	Francis Street and American Express Plz, Providence, RI, USA	Med	Raw	distance greater than 100m	TRUE	41.82745	-71.41541	2019	November	Downtown	12	440070008001013
842	2019-11-26	806651	20:36:00	Pedestrian	1	NA	FALSE	FALSE	1	BROADWAY	HARRIS AVE	2019-11-26	Two-Way , Not Divided	Dry	Daylight	Clear	Not a Collision Between Two Motor Vehicles in Transport	No	Pavement Markings	3	1	Pain Reported	NA	41.81705	-71.44029	FALSE	FALSE	Broadway and Harris Ave, Providence, RI, USA	Med	Raw	NA	FALSE	41.81705	-71.44029	2019	November	Olneyville	15	440070019001016
840	2019-11-27	806764	20:05:00	Bicycle	NA	1	FALSE	FALSE	1	WALLACE ST	WEBSTER AVE	2019-11-27	Two-Way , Not Divided	Wet	Dark - Lighted	Rain	Not a Collision Between Two Motor Vehicles in Transport	Yes	Stop Signs	2	0	No Injury	NA	41.80936	-71.44876	FALSE	FALSE	Wallace Street and Webster Ave, Providence, RI, USA	Med High	Raw	NA	FALSE	41.80936	-71.44876	2019	November	Silver Lake	15	440070016022001
841	2019-11-27	806766	19:28:00	Pedestrian	1	NA	FALSE	FALSE	1	ELMWOOD AVE	POTTERS AVE	2019-11-27	Two-Way, Divided, Unprotected (painted>4feet) Medium	Wet	Daylight	Rain	Not a Collision Between Two Motor Vehicles in Transport	Yes	Traffic Control Signal	1	1	Pain Reported	NA	41.80151	-71.42635	FALSE	FALSE	Elmwood Ave and Potters Ave, Providence, RI, USA	Med High	Raw	NA	FALSE	41.80151	-71.42635	2019	November	West End	9	440070003022008
839	2019-11-29	806817	12:44:00	Pedestrian	1	NA	FALSE	FALSE	1	219 Manton Avenue	219 Manton Avenue	2019-11-29	Two-Way, Divided, Unprotected (painted>4feet) Medium	Dry	Daylight	Clear	Not a Collision Between Two Motor Vehicles in Transport	Yes	No Controls	2	1	Non-Incapacitating	1	NA	NA	TRUE	FALSE	219 Manton Avenue, Providence, RI, USA	High	Neither	raw coords null but geocoded coords found	TRUE	41.8211	-71.44797	2019	November	Olneyville	15	440070019005010
837	2019-12-05	807337	19:45:00	Pedestrian	1	NA	FALSE	FALSE	1	EXIT 22A (RT )	FRANCIS ST	2019-12-05	Two-Way, Divided, Positive Median Barrier	Dry	Dark - Lighted	Clear	Not a Collision Between Two Motor Vehicles in Transport	No	Traffic Control Signal	4	1	Incapacitating	NA	41.82577	-71.41527	FALSE	FALSE	Exit 22a (Rt ) and Francis Street, Providence, RI, USA	Med	Raw	distance greater than 100m	TRUE	41.82577	-71.41527	2019	December	Downtown	1	440070008001041
838	2019-12-05	807420	22:52:00	Pedestrian	1	NA	FALSE	FALSE	1	CHARLES ST	SILVER SPRING ST	2019-12-06	Two-Way , Not Divided	Dry	Dark - Lighted	Cloudy	Not a Collision Between Two Motor Vehicles in Transport	No	No Controls	2	1	Pain Reported	NA	41.84488	-71.41873	FALSE	FALSE	Charles Street and Silver Spring Street, Providence, RI, USA	Med	Raw	NA	FALSE	41.84488	-71.41873	2019	December	Charles	4	440070029004023
836	2019-12-06	807356	10:05:00	Bicycle	NA	1	FALSE	FALSE	1	HOPE ST	MANNING ST	2019-12-06	Two-Way , Not Divided	Dry	Daylight	Clear	Not a Collision Between Two Motor Vehicles in Transport	No	No Controls	4	1	Pain Reported	NA	41.82653	-71.39727	FALSE	FALSE	Hope Street and Manning Street, Providence, RI, USA	Med High	Raw	NA	FALSE	41.82653	-71.39727	2019	December	College Hill	1	440070036013005
835	2019-12-07	807529	23:03:00	Pedestrian	1	NA	FALSE	FALSE	1	DEAN ST	CAHIR ST	2019-12-08	Two-Way , Not Divided	Dry	Dark - Lighted	Clear	Not a Collision Between Two Motor Vehicles in Transport	Yes	No Controls	2	1	Pain Reported	NA	41.81823	-71.42019	FALSE	FALSE	Dean Street and Cahir Street, Providence, RI, USA	Med High	Raw	NA	FALSE	41.81823	-71.42019	2019	December	Federal Hill	13	440070011002018
834	2019-12-08	807531	09:36:00	Bicycle	NA	1	FALSE	FALSE	1	HARTFORD AVE	BOWLETT ST	2019-12-08	Two-Way , Not Divided	Dry	Daylight	Clear	Not a Collision Between Two Motor Vehicles in Transport	Yes	No Controls	1	1	Pain Reported	NA	41.81907	-71.46225	FALSE	FALSE	Hartford Ave and Bowlett Street, Providence, RI, USA	Med High	Raw	NA	FALSE	41.81907	-71.46225	2019	December	Hartford	7	440070018001017
830	2019-12-09	807600	10:28:00	Pedestrian	1	NA	FALSE	FALSE	1	CHALKSTONE AVE	ACADEMY AVE	2019-12-09	Two-Way , Not Divided	Wet	Daylight	Rain	Not a Collision Between Two Motor Vehicles in Transport	No	Pavement Markings	4	1	Pain Reported	NA	41.83246	-71.44464	FALSE	FALSE	Chalkstone Ave and Academy Ave, Providence, RI, USA	Med High	Raw	NA	FALSE	41.83246	-71.44464	2019	December	Mount Pleasant	6	440070021013009
831	2019-12-09	807602	10:47:00	Bicycle	NA	1	FALSE	FALSE	1	Weybosset St	Dorrance St	2019-12-09	Two-Way , Not Divided	Wet	Daylight	Rain	Not a Collision Between Two Motor Vehicles in Transport	No	Traffic Control Signal	3	1	Pain Reported	NA	41.82308	-71.41096	FALSE	FALSE	Weybosset Street and Dorrance Street, Providence, RI, USA	Med High	Raw	NA	FALSE	41.82308	-71.41096	2019	December	Downtown	1	440070008003027
832	2019-12-09	807648	17:34:00	Pedestrian	1	NA	FALSE	FALSE	1	MEMORIAL BLVD	FRANICS ST	2019-12-09	Two-Way, Divided, Positive Median Barrier	Wet	Dark - Lighted	Rain	Not a Collision Between Two Motor Vehicles in Transport	No	Traffic Control Signal	2	1	Non-Incapacitating	NA	41.82578	-71.41523	FALSE	FALSE	Memorial Blvd and Franics Street, Providence, RI, USA	Med High	Raw	NA	FALSE	41.82578	-71.41523	2019	December	Downtown	1	440070008001041
833	2019-12-09	807722	16:48:00	Pedestrian	1	NA	FALSE	FALSE	1	51 Silver Spring St	Touro St	2019-12-10	Unknown	Dry	Dark - Lighted	Clear	Not a Collision Between Two Motor Vehicles in Transport	No	No Controls	2	1	Pain Reported	NA	41.84546	-71.41783	TRUE	FALSE	51 Silver Spring Street, Providence, RI, USA	High	Raw	NA	FALSE	41.84546	-71.41783	2019	December	Charles	4	440070029004014
829	2019-12-10	807712	16:11:00	Pedestrian	1	NA	FALSE	FALSE	1	FRANCIS ST	AMERICAN EXPRESS PLZ	2019-12-10	Two-Way , Not Divided	Wet	Dark - Lighted	Rain	Not a Collision Between Two Motor Vehicles in Transport	No	Traffic Control Signal	2	1	Pain Reported	2	41.82745	-71.41541	FALSE	FALSE	Francis Street and American Express Plz, Providence, RI, USA	Med	Raw	distance greater than 100m	TRUE	41.82745	-71.41541	2019	December	Downtown	12	440070008001013
828	2019-12-13	808064	20:19:00	Pedestrian	1	NA	FALSE	FALSE	1	WHIPPLE ST	ADMIRAL ST	2019-12-13	Two-Way , Not Divided	Wet	Dark - Lighted	Rain	Not a Collision Between Two Motor Vehicles in Transport	No	No Controls	2	1	Pain Reported	NA	41.84049	-71.41906	FALSE	FALSE	Whipple Street and Admiral Street, Providence, RI, USA	Med High	Raw	NA	FALSE	41.84049	-71.41906	2019	December	Smith Hill	4	440070026002003
827	2019-12-14	808094	02:00:00	Pedestrian	1	NA	FALSE	FALSE	1	727 Cranston Street	ANTHONY AVE	2019-12-14	Two-Way , Not Divided	Wet	Dark - Lighted	Rain	Not a Collision Between Two Motor Vehicles in Transport	No	No Controls	3	1	Incapacitating	2	41.80465	-71.43823	TRUE	FALSE	727 Cranston Street, Providence, RI, USA	High	Raw	NA	FALSE	41.80465	-71.43823	2019	December	West End	8	440070014005016
825	2019-12-17	808283	05:45:00	Pedestrian	1	NA	FALSE	FALSE	1	244 smith street	SMITH ST	2019-12-17	Two-Way , Not Divided	Wet	Dark - Lighted	Sleet, Hail (Freezing Rain or Drizzle)	Not a Collision Between Two Motor Vehicles in Transport	No	No Controls	3	1	Pain Reported	NA	41.83284	-71.41965	TRUE	FALSE	244 Smith Street, Providence, RI, USA	High	Raw	NA	FALSE	41.83284	-71.41965	2019	December	Smith Hill	12	440070026001015
826	2019-12-17	808330	17:50:00	Bicycle	NA	1	FALSE	FALSE	1	BENEVOLENT ST	BROWN ST	2019-12-17	Two-Way, Not Divided With a Continuous Left Turn Lane	Wet	Dark - Lighted	Sleet, Hail (Freezing Rain or Drizzle)	Not a Collision Between Two Motor Vehicles in Transport	No	No Controls	2	1	Pain Reported	NA	41.8246	-71.40271	FALSE	FALSE	Benevolent Street and Brown Street, Providence, RI, USA	Med High	Raw	NA	FALSE	41.8246	-71.40271	2019	December	College Hill	2	440070036021000
823	2019-12-19	808497	11:54:00	Pedestrian	1	NA	FALSE	FALSE	1	Pine St	DYER ST	2019-12-19	One-Way Trafficway	Dry	Daylight	Clear	Not a Collision Between Two Motor Vehicles in Transport	Yes	No Controls	2	1	Pain Reported	NA	41.82384	-71.40863	FALSE	FALSE	Pine Street and Dyer Street, Providence, RI, USA	Med	Raw	NA	FALSE	41.82384	-71.40863	2019	December	Downtown	1	440070008003019
824	2019-12-19	808527	16:33:00	Pedestrian	1	NA	FALSE	FALSE	1	BROADWAY	AMERICA ST	2019-12-19	Two-Way , Not Divided	Dry	Dark - Lighted	Clear	Not a Collision Between Two Motor Vehicles in Transport	No	Pavement Markings	3	1	Pain Reported	2	41.82046	-71.42654	FALSE	FALSE	Broadway and America Street, Providence, RI, USA	Med	Raw	NA	FALSE	41.82046	-71.42654	2019	December	Federal Hill	13	440070011001016
822	2019-12-20	808628	10:19:00	Pedestrian	1	NA	FALSE	FALSE	1	PLAINFIELD ST	DIKE ST	2019-12-20	Two-Way , Not Divided	Dry	Daylight	Clear	Not a Collision Between Two Motor Vehicles in Transport	No	No Controls	3	1	Pain Reported	NA	41.81651	-71.44418	FALSE	FALSE	Plainfield Street and Dike Street, Providence, RI, USA	Med High	Raw	NA	FALSE	41.81651	-71.44418	2019	December	Olneyville	15	440070016011000
819	2019-12-23	808791	16:43:00	Pedestrian	1	NA	FALSE	FALSE	1	LEDGE ST	PETER ST	2019-12-23	Two-Way , Not Divided	Dry	Dark - Lighted	Clear	Not a Collision Between Two Motor Vehicles in Transport	No	No Controls	2	1	Pain Reported	2	41.85338	-71.41955	FALSE	FALSE	Ledge Street and Peter Street, Providence, RI, USA	Med	Raw	NA	FALSE	41.85338	-71.41955	2019	December	Charles	4	440070029002006
820	2019-12-23	808792	16:56:00	Bicycle	NA	1	FALSE	FALSE	1	RICHMOND STREET	EDDY STREET	2019-12-23	Two-Way , Not Divided	Dry	Dark - Not Lighted	Clear	Other	No	No Controls	3	0	No Injury	NA	41.83616	-71.41597	FALSE	FALSE	Richmond Street and Eddy Street, Providence, RI, USA	Med High	Geocoded	distance greater than 100m	TRUE	41.8156786	-71.4065248	2019	December	Downtown	1	440070006001026
821	2019-12-23	808799	18:28:00	Pedestrian	1	NA	FALSE	FALSE	1	LORETO ST	TOURO ST	2019-12-23	Two-Way , Not Divided	Dry	Dark - Lighted	Clear	Not a Collision Between Two Motor Vehicles in Transport	Yes	Stop Signs	1	1	Pain Reported	NA	41.84794	-71.41871	FALSE	FALSE	Loreto Street and Touro Street, Providence, RI, USA	Med High	Raw	NA	FALSE	41.84794	-71.41871	2019	December	Charles	4	440070029004019
818	2019-12-25	808930	17:46:00	Bicycle	NA	1	FALSE	FALSE	1	HARTFORD AVE	HARTFORD AVE	2019-12-25	Two-Way , Not Divided	Dry	Dark - Lighted	Clear	Not a Collision Between Two Motor Vehicles in Transport	Yes	No Controls	7	1	Non-Incapacitating	NA	41.81967	-71.46639	FALSE	FALSE	Hartford Ave and Hartford Ave, Providence, RI, USA	Med	Raw	distance greater than 100m	TRUE	41.81967	-71.46639	2019	December	Hartford	7	440070018001011
817	2019-12-27	809071	17:13:00	Pedestrian	1	NA	FALSE	FALSE	1	DEAN ST	ATWELLS AVE	2019-12-27	Two-Way , Not Divided	Dry	Dark - Lighted	Clear	Not a Collision Between Two Motor Vehicles in Transport	No	Traffic Control Signal	3	1	Non-Incapacitating	NA	41.82332	-71.42413	FALSE	FALSE	Dean Street and Atwells Ave, Providence, RI, USA	Med High	Raw	NA	FALSE	41.82332	-71.42413	2019	December	Federal Hill	13	440070009001028
816	2019-12-29	809207	13:39:00	Pedestrian	1	NA	FALSE	FALSE	1	Elmwood Avenue	W. Friendship Street	2019-12-29	Two-Way, Divided, Unprotected (painted>4feet) Medium	Dry	Daylight	Clear	Not a Collision Between Two Motor Vehicles in Transport	No	Traffic Control Signal	2	1	Pain Reported	1	NA	NA	FALSE	FALSE	Elmwood Avenue and W. Friendship Street, Providence, RI, USA	Med High	Geocoded	raw coords null but geocoded coords found	TRUE	41.80989	-71.424073	2019	December	West End	11	440070012003010
815	2019-12-30	809302	22:17:00	Pedestrian	1	NA	FALSE	FALSE	1	BROAD ST	LENOX AVE	2019-12-31	Two-Way , Not Divided	Wet	Dark - Lighted	Rain	Not a Collision Between Two Motor Vehicles in Transport	No	Pavement Markings	2	1	Pain Reported	2	41.79828	-71.41478	FALSE	FALSE	Broad Street and Lenox Ave, Providence, RI, USA	Med	Raw	NA	FALSE	41.79828	-71.41478	2019	December	Elmwood	9	440070005002009
814	2020-01-01	809378	03:35:00	Pedestrian	1	NA	FALSE	FALSE	1	YALE AVE	LYNCH ST	2020-01-01	Two-Way , Not Divided	Dry	Dark - Lighted	Clear	Unknown	Yes	Stop Signs	1	1	Pain Reported	NA	41.82677	-71.45203	FALSE	FALSE	Yale Ave and Lynch Street, Providence, RI, USA	Med High	Raw	NA	FALSE	41.82677	-71.45203	2020	January	Mount Pleasant	6	440070021024002
813	2020-01-02	809510	10:47:00	Pedestrian	1	NA	FALSE	FALSE	1	118 DUDLEY ST	NA	2020-01-02	Unknown	Dry	Daylight	Clear	Not a Collision Between Two Motor Vehicles in Transport	No	No Controls	2	1	Pain Reported	NA	NA	NA	TRUE	TRUE	118 Dudley Street, Providence, RI, USA	High	Neither	raw coords null but geocoded coords found	TRUE	41.81016	-71.41189	2020	January	Upper South Providence	11	440070007002016
812	2020-01-03	809587	13:27:00	Pedestrian	1	NA	FALSE	FALSE	1	Bucklin Street	Whitmarsh Street	2020-01-03	Two-Way , Not Divided	Dry	Daylight	Clear	Not a Collision Between Two Motor Vehicles in Transport	No	No Controls	2	0	No Injury	1	NA	NA	FALSE	FALSE	Bucklin Street and Whitmarsh Street, Providence, RI, USA	Med High	Geocoded	raw coords null but geocoded coords found	TRUE	41.8059079	-71.4278013	2020	January	West End	9	440070003011008
811	2020-01-06	809737	15:30:00	Pedestrian	1	NA	FALSE	FALSE	1	PLAINFIELD ST	PLAINFIELD ST	2020-01-06	Two-Way , Not Divided	Dry	Daylight	Clear	Not a Collision Between Two Motor Vehicles in Transport	No	No Controls	3	1	Pain Reported	2	41.81444	-71.447	FALSE	FALSE	Plainfield Street and Plainfield Street, Providence, RI, USA	Med	Raw	distance greater than 100m	TRUE	41.81444	-71.447	2020	January	Silver Lake	15	440070016011009
810	2020-01-08	809880	15:17:00	Pedestrian	1	NA	FALSE	FALSE	1	FRICKER STREET	CRANSTON ST	2020-01-08	One-Way Trafficway	Snow	Daylight	Snow	Not a Collision Between Two Motor Vehicles in Transport	Yes	No Controls	1	1	Pain Reported	NA	41.81657	-71.42176	FALSE	FALSE	Fricker Street and Cranston Street, Providence, RI, USA	Med High	Raw	NA	FALSE	41.81657	-71.42176	2020	January	West End	11	440070007003003
809	2020-01-11	810317	12:28:00	Bicycle	NA	1	FALSE	FALSE	1	Manton Ave	Aleppo St	2020-01-15	Two-Way , Not Divided	Dry	Daylight	Clear	Other	No	No Controls	3	1	Pain Reported	NA	41.82019	-71.44695	FALSE	FALSE	Manton Ave and Aleppo Street, Providence, RI, USA	Med High	Raw	distance greater than 100m	TRUE	41.82019	-71.44695	2020	January	Olneyville	15	440070019002002
808	2020-01-16	810423	14:57:00	Pedestrian	1	NA	FALSE	FALSE	1	CHALKSTONE AVE	RIVER AVE	2020-01-16	Two-Way , Not Divided	Dry	Daylight	Clear	Not a Collision Between Two Motor Vehicles in Transport	No	No Controls	5	1	Pain Reported	2	41.83252	-71.43882	FALSE	FALSE	Chalkstone Ave and River Ave, Providence, RI, USA	Med High	Raw	NA	FALSE	41.83252	-71.43882	2020	January	Elmhurst	12	440070023003000