row_number	crash_date	crash_report_id	crash_time	collision_type	count_pedestrian	count_bicycle	scooter	wheel_chair	number_of_vehicles	street_or_highway	nearest_intersection	report_date	type_of_roadway	road_surface_condition	light_condition	weather_condition	manner_of_impact	hit_and_run	traffic_control	person_count	injury_count	most_serious_injury	number_of_lanes	lat_raw	lon_raw	has_st_number	is_intersection_null	address_sent_to_geocoder	api_coord_conf	best_coordinate_set	reason_for_qa	manually_qaed_record	final_lat	final_lon	year	month	pvd_nhood	pvd_wards	geoid20
806	2020-01-17	810467	07:40:00	Pedestrian	1	NA	FALSE	FALSE	1	BROAD ST	THURBERS AVE	2020-01-17	Two-Way , Not Divided	Dry	Daylight	Clear	Not a Collision Between Two Motor Vehicles in Transport	No	Pavement Markings	4	1	Pain Reported	NA	41.79811	-71.41456	FALSE	FALSE	Broad Street and Thurbers Ave, Providence, RI, USA	Med	Raw	NA	FALSE	41.79811	-71.41456	2020	January	Elmwood	9	440070005003006
807	2020-01-17	810505	18:05:00	Pedestrian	1	NA	FALSE	FALSE	1	THURBERS AVE	OCEAN ST	2020-01-17	Two-Way , Not Divided	Dry	Dark - Lighted	Clear	Not a Collision Between Two Motor Vehicles in Transport	No	No Controls	3	1	Pain Reported	NA	41.7993	-71.409	FALSE	FALSE	Thurbers Ave and Ocean Street, Providence, RI, USA	Med High	Raw	NA	FALSE	41.7993	-71.409	2020	January	Lower South Providence	10	440070005001016
804	2020-01-18	810614	22:10:00	Pedestrian	1	NA	FALSE	FALSE	1	oakland ave	SMITH ST	2020-01-18	Two-Way , Not Divided	Snow	Dark - Lighted	Snow	Not a Collision Between Two Motor Vehicles in Transport	Yes	No Controls	1	1	Pain Reported	NA	41.83606	-71.43046	FALSE	FALSE	Oakland Ave and Smith Street, Providence, RI, USA	Med High	Raw	NA	FALSE	41.83606	-71.43046	2020	January	Elmhurst	12	440070025001007
805	2020-01-18	810635	23:03:00	Pedestrian	1	NA	FALSE	FALSE	1	Elmwood Ave	CARTER ST	2020-01-19	Two-Way , Not Divided	Snow	Dark - Lighted	Snow	Sideswipe, Same Direction	No	No Controls	3	1	Pain Reported	NA	41.80069	-71.42654	FALSE	FALSE	Elmwood Ave and Carter Street, Providence, RI, USA	Med High	Raw	NA	FALSE	41.80069	-71.42654	2020	January	West End	9	440070003012009
803	2020-01-21	810849	18:29:00	Pedestrian	1	NA	FALSE	FALSE	1	WILLARD AVE	PLAIN ST	2020-01-21	Two-Way , Not Divided	Dry	Dark - Lighted	Clear	Not a Collision Between Two Motor Vehicles in Transport	No	Stop Signs	3	1	Pain Reported	NA	41.80891	-71.41075	FALSE	FALSE	Willard Ave and Plain Street, Providence, RI, USA	Med High	Raw	NA	FALSE	41.80891	-71.41075	2020	January	Upper South Providence	11	440070006002004
802	2020-01-23	810989	19:21:00	Pedestrian	1	NA	FALSE	FALSE	1	POCASSET AVE	MAGNOLIA ST	2020-01-23	Two-Way , Not Divided	Dry	Dark - Lighted	Clear	Not a Collision Between Two Motor Vehicles in Transport	Yes	No Controls	1	1	Pain Reported	2	41.81152	-71.4514	FALSE	FALSE	Pocasset Ave and Magnolia Street, Providence, RI, USA	Med High	Raw	distance greater than 100m	TRUE	41.81152	-71.4514	2020	January	Silver Lake	15	440070016024005
799	2020-01-24	811069	15:59:00	Pedestrian	1	NA	FALSE	FALSE	1	ELMWOOD AVE	POTTERS AVE	2020-01-24	Two-Way , Not Divided	Dry	Daylight	Clear	Not a Collision Between Two Motor Vehicles in Transport	Yes	Traffic Control Signal	2	1	Pain Reported	2	41.80121	-71.42643	FALSE	FALSE	Elmwood Ave and Potters Ave, Providence, RI, USA	Med High	Raw	NA	FALSE	41.80121	-71.42643	2020	January	West End	9	440070003024012
800	2020-01-24	811082	19:25:00	Bicycle	NA	1	FALSE	FALSE	1	STEEPLE ST	CANAL ST	2020-01-24	Two-Way , Not Divided	Dry	Dark - Lighted	Cloudy	Angle (Front - to - Side) Right Angle (Includes Broadside)	No	Traffic Control Signal	2	1	Pain Reported	NA	41.82718	-71.40991	FALSE	FALSE	Steeple Street and Canal Street, Providence, RI, USA	Med High	Raw	NA	FALSE	41.82718	-71.40991	2020	January	Downtown	1	440070008001022
801	2020-01-24	811090	20:48:00	Pedestrian	1	NA	FALSE	FALSE	1	PEARL ST	PINE ST	2020-01-24	Two-Way , Not Divided	Dry	Dark - Lighted	Clear	Not a Collision Between Two Motor Vehicles in Transport	No	No Controls	2	1	Pain Reported	NA	41.81346	-71.41852	FALSE	FALSE	Pearl Street and Pine Street, Providence, RI, USA	Med	Raw	NA	FALSE	41.81346	-71.41852	2020	January	Upper South Providence	11	440070007002009
798	2020-01-25	811153	18:04:00	Pedestrian	1	NA	FALSE	FALSE	1	NARRAGANSETT BLVD	OHIO AVE	2020-01-25	Two-Way , Not Divided	Wet	Dark - Lighted	Rain	Not a Collision Between Two Motor Vehicles in Transport	No	No Controls	3	1	Incapacitating	NA	41.78986	-71.39628	FALSE	FALSE	Narragansett Blvd and Ohio Ave, Providence, RI, USA	Med High	Raw	NA	FALSE	41.78986	-71.39628	2020	January	Washington Park	10	440070001012001
797	2020-01-26	811190	15:34:00	Pedestrian	1	NA	FALSE	FALSE	1	WHIPPLE ST	ADMIRAL ST	2020-01-26	Two-Way , Not Divided	Dry	Daylight	Clear	Not a Collision Between Two Motor Vehicles in Transport	No	Traffic Control Signal	7	1	Incapacitating	NA	41.84068	-71.41897	FALSE	FALSE	Whipple Street and Admiral Street, Providence, RI, USA	Med High	Raw	NA	FALSE	41.84068	-71.41897	2020	January	Smith Hill	4	440070027002013
796	2020-01-27	811272	08:32:00	Pedestrian	1	NA	FALSE	FALSE	1	EXCHANGE TER	EXCHANGE ST	2020-01-28	One-Way Trafficway	Dry	Daylight	Cloudy	Not a Collision Between Two Motor Vehicles in Transport	No	Stop Signs	3	1	Pain Reported	NA	41.82611	-71.4116	FALSE	FALSE	Exchange Ter and Exchange Street, Providence, RI, USA	Med High	Raw	distance greater than 100m	TRUE	41.82611	-71.4116	2020	January	Downtown	1	440070008001043
795	2020-01-29	811324	18:37:00	Pedestrian	1	NA	FALSE	FALSE	1	SERVICE ROAD 7	BROAD ST	2020-01-29	One-Way Trafficway	Dry	Dark - Lighted	Clear	Other	Yes	Traffic Control Signal	1	1	Pain Reported	NA	41.81737	-71.41698	FALSE	FALSE	Service Road 7 and Broad Street, Providence, RI, USA	Med High	Raw	NA	FALSE	41.81737	-71.41698	2020	January	Upper South Providence	11	440070007003001
793	2020-02-01	811518	10:24:00	Pedestrian	1	NA	FALSE	FALSE	1	CHALKSTONE AVE	FALLON AVE	2020-02-01	Two-Way , Not Divided	Dry	Daylight	Clear	Not a Collision Between Two Motor Vehicles in Transport	Yes	Pavement Markings	1	1	Pain Reported	NA	41.83234	-71.44342	FALSE	FALSE	Chalkstone Ave and Fallon Ave, Providence, RI, USA	Med High	Raw	NA	FALSE	41.83234	-71.44342	2020	February	Valley	5	440070023003006
794	2020-02-01	811556	19:20:00	Bicycle	NA	1	FALSE	FALSE	1	CRANSTON ST	HUNTINGTON AVE	2020-02-01	Two-Way , Not Divided	Dry	Dark - Lighted	Clear	Not a Collision Between Two Motor Vehicles in Transport	No	Traffic Control Signal	2	0	No Injury	NA	41.80406	-71.43888	FALSE	FALSE	Cranston Street and Huntington Ave, Providence, RI, USA	Med High	Raw	NA	FALSE	41.80406	-71.43888	2020	February	West End	8	440070014005001
792	2020-02-04	811700	23:05:00	Pedestrian	1	NA	FALSE	TRUE	2	460 SMITH ST	CHALKSTONE AVE	2020-02-05	Two-Way , Not Divided	Wet	Dark - Lighted	Rain	Rear End(Front-to-Rear)	No	No Controls	4	1	Pain Reported	NA	41.83541	-71.42612	TRUE	FALSE	460 Smith Street, Providence, RI, USA	High	Raw	NA	FALSE	41.83541	-71.42612	2020	February	Smith Hill	12	440070026003014
791	2020-02-05	811713	09:19:00	Pedestrian	1	NA	FALSE	FALSE	1	100 Butler Drive	100 Butler Drive	2020-02-05	Two-Way , Not Divided	Dry	Daylight	Clear	Not a Collision Between Two Motor Vehicles in Transport	No	No Controls	3	1	Pain Reported	1	NA	NA	TRUE	FALSE	100 Butler Drive, Providence, RI, USA	High	Neither	raw coords null but geocoded coords found	TRUE	41.84173	-71.37979	2020	February	Blackstone	2	440070034002003
788	2020-02-11	812012	07:56:00	Pedestrian	1	NA	FALSE	FALSE	1	Sabin Street	West Exchange Street	2020-02-11	One-Way Trafficway	Wet	Daylight	Rain	Not a Collision Between Two Motor Vehicles in Transport	No	No Controls	4	1	Pain Reported	1	NA	NA	FALSE	FALSE	Sabin Street and West Exchange Street, Providence, RI, USA	Med High	Geocoded	raw coords null but geocoded coords found	TRUE	41.8248645	-71.4152876	2020	February	Downtown	1	440070008001049
789	2020-02-11	812015	08:13:00	Pedestrian	1	NA	FALSE	FALSE	1	BROAD ST	ADELAIDE AVE	2020-02-11	Two-Way , Not Divided	Wet	Daylight	Rain	Not a Collision Between Two Motor Vehicles in Transport	No	Pavement Markings	3	1	Pain Reported	NA	41.79891	-71.41554	FALSE	FALSE	Broad Street and Adelaide Ave, Providence, RI, USA	Med	Raw	NA	FALSE	41.79891	-71.41554	2020	February	Elmwood	9	440070005002007
790	2020-02-11	812072	19:05:00	Pedestrian	1	NA	FALSE	FALSE	1	FRANCIS ST	FINANCE WAY	2020-02-11	Two-Way , Not Divided	Wet	Dark - Lighted	Rain	Not a Collision Between Two Motor Vehicles in Transport	No	Traffic Control Signal	3	1	Incapacitating	NA	41.82754	-71.41539	FALSE	FALSE	Francis Street and Finance Way, Providence, RI, USA	Med	Raw	NA	FALSE	41.82754	-71.41539	2020	February	Downtown	12	440070008001012
786	2020-02-13	812169	06:32:00	Pedestrian	1	NA	FALSE	FALSE	1	Plain Street	Lockwood Street	2020-02-13	Two-Way , Not Divided	Wet	Dark - Unknown Lighting	Rain	Not a Collision Between Two Motor Vehicles in Transport	No	No Controls	3	1	Incapacitating	NA	41.81238	-71.41199	FALSE	FALSE	Plain Street and Lockwood Street, Providence, RI, USA	Med High	Raw	NA	FALSE	41.81238	-71.41199	2020	February	Upper South Providence	11	440070006001065
787	2020-02-13	812260	21:09:00	Pedestrian	1	NA	FALSE	FALSE	1	Smith St	Orms St	2020-02-13	Two-Way, Divided, Unprotected (painted>4feet) Medium	Wet	Dark - Lighted	Cloudy	Not a Collision Between Two Motor Vehicles in Transport	Yes	No Controls	1	1	Pain Reported	NA	41.83377	-71.42198	FALSE	FALSE	Smith Street and Orms Street, Providence, RI, USA	Med High	Raw	NA	FALSE	41.83377	-71.42198	2020	February	Smith Hill	12	440070026001013
785	2020-02-17	812530	23:50:00	Pedestrian	1	NA	FALSE	FALSE	1	NA	CRANSTON ST	2020-02-17	Two-Way , Not Divided	Dry	Dark - Lighted	Clear	Not a Collision Between Two Motor Vehicles in Transport	Yes	Traffic Control Signal	1	1	Pain Reported	NA	41.80316	-71.43987	NA	FALSE	NA and Cranston Street, Providence, RI, USA	Med	Raw	distance greater than 100m	TRUE	41.80316	-71.43987	2020	February	NA	NA	440070015001001
784	2020-02-19	812675	15:49:00	Pedestrian	1	NA	FALSE	FALSE	1	ROCHAMBEAU AVE	HOPE ST	2020-02-19	Two-Way , Not Divided	Dry	Daylight	Clear	Not a Collision Between Two Motor Vehicles in Transport	No	Traffic Control Signal	2	1	Pain Reported	NA	41.84691	-71.39599	FALSE	FALSE	Rochambeau Ave and Hope Street, Providence, RI, USA	Med High	Raw	NA	FALSE	41.84691	-71.39599	2020	February	Mount Hope	3	440070033003024
783	2020-02-20	812757	18:49:00	Pedestrian	1	NA	FALSE	FALSE	1	Wayland Ave	Waterman St	2020-02-20	Two-Way , Not Divided	Dry	Dark - Lighted	Clear	Not a Collision Between Two Motor Vehicles in Transport	No	Traffic Control Signal	4	1	Pain Reported	2	41.8286	-71.38838	FALSE	FALSE	Wayland Ave and Waterman Street, Providence, RI, USA	Med High	Raw	NA	FALSE	41.8286	-71.38838	2020	February	Wayland	1	440070035003005
782	2020-02-21	812856	16:00:00	Bicycle	NA	1	FALSE	FALSE	1	SERVICE ROAD 3	WESTMINSTER ST	2020-02-22	Two-Way , Not Divided	Dry	Daylight	Clear	Sidwswipe, Opposite Direction	Yes	No Controls	1	1	Pain Reported	NA	41.81632	-71.44059	FALSE	FALSE	Service Road 3 and Westminster Street, Providence, RI, USA	Med High	Raw	distance greater than 100m	TRUE	41.81632	-71.44059	2020	February	Olneyville	15	440070019001019
779	2020-02-23	812899	00:15:00	Pedestrian	1	NA	FALSE	FALSE	1	987 NORTH MAIN ST	DEXTERDALE RD	2020-02-23	Two-Way, Divided, Positive Median Barrier	Dry	Dark - Lighted	Clear	Not a Collision Between Two Motor Vehicles in Transport	No	No Controls	3	1	Non-Incapacitating	NA	41.84849	-71.40412	TRUE	FALSE	987 North Main Street, Providence, RI, USA	High	Raw	NA	FALSE	41.84849	-71.40412	2020	February	Mount Hope	3	440070033004014
780	2020-02-23	812906	02:19:00	Pedestrian	1	NA	FALSE	FALSE	1	Broad Street	Detroit Avenue	2020-02-23	Two-Way , Not Divided	Dry	Dark - Lighted	Clear	Not a Collision Between Two Motor Vehicles in Transport	Yes	No Controls	2	1	Non-Incapacitating	1	NA	NA	FALSE	FALSE	Broad Street and Detroit Avenue, Providence, RI, USA	Med	Geocoded	raw coords null but geocoded coords found	TRUE	41.794379	-71.4099112	2020	February	Elmwood	10	440070005003018
781	2020-02-23	812957	21:11:00	Pedestrian	1	NA	FALSE	FALSE	1	BROAD ST	BROAD ST	2020-02-23	Two-Way , Not Divided	Dry	Daylight	Clear	Not a Collision Between Two Motor Vehicles in Transport	No	No Controls	2	1	Pain Reported	NA	41.81434	-71.42119	FALSE	FALSE	Broad Street and Broad Street, Providence, RI, USA	Med	Raw	distance greater than 100m	TRUE	41.81434	-71.42119	2020	February	West End	11	440070007003013
778	2020-02-26	813200	20:26:00	Pedestrian	1	NA	FALSE	FALSE	1	LIEGE ST	DOUGLAS AVE	2020-02-26	Two-Way, Divided, Unprotected (painted>4feet) Medium	Wet	Dark - Lighted	Clear	Unknown	No	No Controls	5	1	Pain Reported	NA	41.84161	-71.42747	FALSE	FALSE	Liege Street and Douglas Ave, Providence, RI, USA	Med High	Raw	NA	FALSE	41.84161	-71.42747	2020	February	Wanskuck	14	440070027003006
776	2020-02-27	813232	09:11:00	Pedestrian	1	NA	FALSE	FALSE	1	RUGGLES ST	Smith Street	2020-02-27	Two-Way , Not Divided	Wet	Daylight	Rain	Not a Collision Between Two Motor Vehicles in Transport	No	Stop Signs	3	1	Pain Reported	NA	41.83624	-71.42825	FALSE	FALSE	Ruggles Street and Smith Street, Providence, RI, USA	Med High	Raw	NA	FALSE	41.83624	-71.42825	2020	February	Smith Hill	12	440070026003011
777	2020-02-27	813256	19:25:00	Pedestrian	1	NA	FALSE	FALSE	1	4TH ST	HIGHLAND AVE	2020-02-27	Two-Way , Not Divided	Dry	Dark - Lighted	Clear	Not a Collision Between Two Motor Vehicles in Transport	No	Stop Signs	2	0	No Injury	NA	41.85116	-71.4001	FALSE	FALSE	4th Street and Highland Ave, Providence, RI, USA	Med	Raw	NA	FALSE	41.85116	-71.4001	2020	February	Hope	3	440070033004024
775	2020-02-28	813355	16:12:00	Pedestrian	1	NA	FALSE	FALSE	1	douglas ave	DOUGLAS AVE	2020-02-28	Two-Way , Not Divided	Dry	Daylight	Clear	Not a Collision Between Two Motor Vehicles in Transport	No	No Controls	2	1	Pain Reported	NA	41.83605	-71.41962	FALSE	FALSE	Douglas Ave and Douglas Ave, Providence, RI, USA	Med High	Raw	distance greater than 100m	TRUE	41.83605	-71.41962	2020	February	Smith Hill	12	440070026002012
774	2020-02-29	813409	18:40:00	Bicycle	NA	1	FALSE	FALSE	1	MEMORIAL BLVD	FRANCIS ST	2020-02-29	One-Way Trafficway	Dry	Dark - Lighted	Clear	Not a Collision Between Two Motor Vehicles in Transport	No	Traffic Control Signal	4	1	Pain Reported	NA	41.8259	-71.41535	FALSE	FALSE	Memorial Blvd and Francis Street, Providence, RI, USA	Med High	Raw	NA	FALSE	41.8259	-71.41535	2020	February	Downtown	12	440070008001035
771	2020-03-02	814513	09:20:00	Pedestrian	1	NA	FALSE	FALSE	1	GEORGE ST	BENEFIT ST	2020-03-02	Two-Way , Not Divided	Dry	Daylight	Clear	Not a Collision Between Two Motor Vehicles in Transport	No	Pavement Markings	2	1	Pain Reported	NA	41.82517	-71.40609	FALSE	FALSE	George Street and Benefit Street, Providence, RI, USA	Med	Raw	NA	FALSE	41.82517	-71.40609	2020	March	College Hill	2	440070036023035
772	2020-03-02	814563	16:03:00	Pedestrian	1	NA	FALSE	FALSE	1	George St	Brown St	2020-03-02	Two-Way , Not Divided	Dry	Daylight	Clear	Not a Collision Between Two Motor Vehicles in Transport	No	Pavement Markings	4	1	Pain Reported	2	41.82535	-71.40276	FALSE	FALSE	George Street and Brown Street, Providence, RI, USA	Med	Raw	NA	FALSE	41.82535	-71.40276	2020	March	College Hill	2	440070036023025
773	2020-03-02	814571	16:19:00	Pedestrian	1	NA	FALSE	FALSE	1	BARRY RD	BARRY RD	2020-03-02	Two-Way , Not Divided	Dry	Daylight	Clear	Not a Collision Between Two Motor Vehicles in Transport	Yes	No Controls	2	1	Incapacitating	NA	41.81821	-71.4504	FALSE	FALSE	Barry Rd and Barry Rd, Providence, RI, USA	Med	Raw	NA	FALSE	41.81821	-71.4504	2020	March	Hartford	7	440070018002021
770	2020-03-03	815286	08:30:00	Pedestrian	1	NA	FALSE	FALSE	1	CRANSTON ST	FRICKER ST	2020-03-11	Two-Way , Not Divided	Dry	Daylight	Clear	Not a Collision Between Two Motor Vehicles in Transport	Yes	Traffic Control Signal	1	1	Pain Reported	NA	41.81709	-71.4224	FALSE	FALSE	Cranston Street and Fricker Street, Providence, RI, USA	Med High	Raw	NA	FALSE	41.81709	-71.4224	2020	March	West End	11	440070012001000
769	2020-03-05	814758	13:42:00	Pedestrian	1	NA	FALSE	FALSE	1	UNION ST	WASHINGTON ST	2020-03-05	Two-Way , Not Divided	Dry	Daylight	Clear	Not a Collision Between Two Motor Vehicles in Transport	Yes	No Controls	1	1	Pain Reported	NA	41.82357	-71.41395	FALSE	FALSE	Union Street and Washington Street, Providence, RI, USA	Med	Raw	NA	FALSE	41.82357	-71.41395	2020	March	Downtown	1	440070008003032
768	2020-03-07	815010	16:25:00	Pedestrian	1	NA	FALSE	FALSE	1	Angell St	Hope St	2020-03-07	One-Way Trafficway	Dry	Daylight	Clear	Not a Collision Between Two Motor Vehicles in Transport	No	Traffic Control Signal	4	1	Pain Reported	NA	41.8284	-71.39751	FALSE	FALSE	Angell Street and Hope Street, Providence, RI, USA	Med High	Raw	NA	FALSE	41.8284	-71.39751	2020	March	College Hill	2	440070036011013
767	2020-03-08	815092	15:02:00	Pedestrian	1	NA	FALSE	FALSE	1	BROAD ST	ADELAIDE AVE	2020-03-08	Two-Way , Not Divided	Dry	Daylight	Clear	Not a Collision Between Two Motor Vehicles in Transport	No	No Controls	2	1	Pain Reported	NA	41.79837	-71.41488	FALSE	FALSE	Broad Street and Adelaide Ave, Providence, RI, USA	Med	Raw	NA	FALSE	41.79837	-71.41488	2020	March	Elmwood	9	440070005002009
764	2020-03-09	815171	13:28:00	Pedestrian	1	NA	FALSE	FALSE	1	ROGER WILLIAMS CT	ELMWOOD AVE	2020-03-09	Two-Way, Divided, Positive Median Barrier	Dry	Daylight	Clear	Not a Collision Between Two Motor Vehicles in Transport	No	No Controls	2	1	Non-Incapacitating	NA	41.78912	-71.42138	FALSE	FALSE	Roger Williams Ct and Elmwood Ave, Providence, RI, USA	Med High	Raw	NA	FALSE	41.78912	-71.42138	2020	March	Elmwood	8	440070002005034
765	2020-03-09	815181	14:41:00	Bicycle	NA	1	FALSE	FALSE	1	FOUNTAIN ST	DORRANCE ST	2020-03-09	One-Way Trafficway	Dry	Daylight	Clear	Not a Collision Between Two Motor Vehicles in Transport	No	Traffic Control Signal	3	1	Pain Reported	NA	41.82482	-71.41422	FALSE	FALSE	Fountain Street and Dorrance Street, Providence, RI, USA	Med High	Raw	NA	FALSE	41.82482	-71.41422	2020	March	Downtown	1	440070008001050
766	2020-03-09	815196	17:02:00	Pedestrian	1	NA	FALSE	FALSE	1	ACADEMY AVENUE	ARMINGTON AVE	2020-03-09	Two-Way, Divided, Unprotected (painted>4feet) Medium	Dry	Daylight	Clear	Not a Collision Between Two Motor Vehicles in Transport	No	No Controls	3	1	Pain Reported	NA	41.8274	-71.44374	FALSE	FALSE	Academy Avenue and Armington Ave, Providence, RI, USA	Med High	Raw	NA	FALSE	41.8274	-71.44374	2020	March	Mount Pleasant	6	440070022003008
762	2020-03-10	815226	10:15:00	Pedestrian	1	NA	FALSE	FALSE	1	WASHINGTON ST	SERVICE ROAD 8	2020-03-10	Two-Way , Not Divided	Dry	Daylight	Clear	Angle (Front - to - Side) Right Angle (Includes Broadside)	No	No Controls	2	1	Pain Reported	NA	41.82021	-71.41885	FALSE	FALSE	Washington Street and Service Road 8, Providence, RI, USA	Med High	Raw	distance greater than 100m	TRUE	41.82021	-71.41885	2020	March	Downtown	1	440070008001068
763	2020-03-10	815261	20:12:00	Pedestrian	1	NA	FALSE	FALSE	1	PITMAN ST	BUTLER AVE	2020-03-10	Two-Way , Not Divided	Dry	Dark - Lighted	Cloudy	Not a Collision Between Two Motor Vehicles in Transport	No	Pavement Markings	5	1	Fatal	NA	41.8268	-71.38713	FALSE	FALSE	Pitman Street and Butler Ave, Providence, RI, USA	Med High	Raw	NA	FALSE	41.8268	-71.38713	2020	March	Fox Point	1	440070035003008
761	2020-03-11	815306	14:42:00	Pedestrian	1	NA	FALSE	FALSE	1	BRANCH AVE	VANDEWATER ST	2020-03-11	Two-Way, Divided, Unprotected (painted>4feet) Medium	Dry	Daylight	Clear	Other	Yes	No Controls	1	1	Pain Reported	NA	41.85364	-71.42871	FALSE	FALSE	Branch Ave and Vandewater Street, Providence, RI, USA	Med High	Raw	NA	FALSE	41.85364	-71.42871	2020	March	Wanskuck	14	440070028021006
760	2020-03-12	815401	16:39:00	Pedestrian	1	NA	FALSE	FALSE	1	MANTON AVE	POPE ST	2020-03-12	Two-Way , Not Divided	Dry	Daylight	Clear	Not a Collision Between Two Motor Vehicles in Transport	Yes	No Controls	1	1	Pain Reported	NA	41.82186	-71.44906	FALSE	FALSE	Manton Ave and Pope Street, Providence, RI, USA	Med High	Raw	NA	FALSE	41.82186	-71.44906	2020	March	Olneyville	15	440070019005009
759	2020-03-13	815433	07:05:00	Pedestrian	1	NA	FALSE	FALSE	1	STEUBEN ST	ATWELLS AVE	2020-03-13	Two-Way , Not Divided	Wet	Daylight	Rain	Not a Collision Between Two Motor Vehicles in Transport	No	Pavement Markings	5	1	Pain Reported	NA	41.82504	-71.44935	FALSE	FALSE	Steuben Street and Atwells Ave, Providence, RI, USA	Med High	Raw	NA	FALSE	41.82504	-71.44935	2020	March	Olneyville	6	440070019004000
758	2020-03-14	815555	21:11:00	Bicycle	NA	1	FALSE	FALSE	1	MEMORIAL BLVD	FRANCIS ST	2020-03-14	Two-Way, Divided, Positive Median Barrier	Dry	Dark - Lighted	Clear	Not a Collision Between Two Motor Vehicles in Transport	No	Traffic Control Signal	3	1	Pain Reported	NA	41.8259	-71.41535	FALSE	FALSE	Memorial Blvd and Francis Street, Providence, RI, USA	Med High	Raw	NA	FALSE	41.8259	-71.41535	2020	March	Downtown	12	440070008001035
756	2020-03-16	815612	04:18:00	Pedestrian	1	NA	FALSE	FALSE	1	EAST DR	MIDDLE DR	2020-03-16	Two-Way , Not Divided	Dry	Dark - Lighted	Clear	Not a Collision Between Two Motor Vehicles in Transport	Yes	No Controls	2	1	Non-Incapacitating	NA	41.85234	-71.44313	FALSE	FALSE	East Dr and Middle Dr, Providence, RI, USA	Med	Raw	distance greater than 100m	TRUE	41.85234	-71.44313	2020	March	Wanskuck	14	440070028011017
757	2020-03-16	815629	08:06:00	Bicycle	NA	1	FALSE	FALSE	1	Manton Avenue	Chaffee Street	2020-03-16	Two-Way, Divided, Unprotected (painted>4feet) Medium	Dry	Daylight	Clear	Not a Collision Between Two Motor Vehicles in Transport	No	Pavement Markings	3	1	Incapacitating	1	NA	NA	FALSE	FALSE	Manton Avenue and Chaffee Street, Providence, RI, USA	Med High	Geocoded	raw coords null but geocoded coords found	TRUE	41.8187415	-71.4456512	2020	March	Olneyville	15	440070019002003
755	2020-03-19	815736	18:08:00	Pedestrian	2	NA	FALSE	FALSE	1	MANTON AVE	SHERIDAN ST	2020-03-19	Two-Way , Not Divided	Wet	Daylight	Cloudy	Not a Collision Between Two Motor Vehicles in Transport	No	No Controls	5	2	Non-Incapacitating	NA	41.8237	-71.45158	FALSE	FALSE	Manton Ave and Sheridan Street, Providence, RI, USA	Med High	Raw	NA	FALSE	41.8237	-71.45158	2020	March	Olneyville	15	440070019004003
753	2020-03-20	815744	06:02:00	Pedestrian	1	NA	FALSE	FALSE	1	N. Main Street	Eight Street	2020-03-20	Two-Way, Divided, Positive Median Barrier	Dry	Dawn	Clear	Not a Collision Between Two Motor Vehicles in Transport	No	No Controls	2	1	Pain Reported	2	NA	NA	FALSE	FALSE	N. Main Street and Eight Street, Providence, RI, USA	Med	Neither	raw coords null but geocoded coords found	TRUE	41.85425	-71.40059	2020	March	Hope	3	440070033001004
754	2020-03-20	815752	15:07:00	Pedestrian	1	NA	FALSE	FALSE	1	BROAD STREET	MARLBOROUGH AVE	2020-03-20	Two-Way , Not Divided	Dry	Daylight	Clear	Not a Collision Between Two Motor Vehicles in Transport	No	No Controls	3	1	Pain Reported	NA	41.80572	-71.41978	FALSE	FALSE	Broad Street and Marlborough Ave, Providence, RI, USA	Med	Raw	NA	FALSE	41.80572	-71.41978	2020	March	Elmwood	9	440070004002004
752	2020-03-24	815849	17:12:00	Pedestrian	1	NA	FALSE	FALSE	1	POCASSET AVE	MERCY ST	2020-03-24	Two-Way , Not Divided	Dry	Daylight	Cloudy	Not a Collision Between Two Motor Vehicles in Transport	Yes	No Controls	2	1	Pain Reported	NA	41.80862	-71.45557	FALSE	FALSE	Pocasset Ave and Mercy Street, Providence, RI, USA	Med High	Raw	NA	FALSE	41.80862	-71.45557	2020	March	Silver Lake	7	440070017003017
751	2020-03-28	815897	11:51:00	Bicycle	NA	1	FALSE	FALSE	1	POCASSET AVE	LAUREL HILL AVE	2020-03-28	Two-Way, Divided, Unprotected (painted>4feet) Medium	Dry	Daylight	Clear	Angle (Front - to - Side) Right Angle (Includes Broadside)	No	Traffic Control Signal	2	0	No Injury	NA	41.81072	-71.4541	FALSE	FALSE	Pocasset Ave and Laurel Hill Ave, Providence, RI, USA	Med High	Raw	NA	FALSE	41.81072	-71.4541	2020	March	Silver Lake	7	440070016024005
750	2020-04-02	815989	17:06:00	Pedestrian	1	NA	FALSE	FALSE	1	ATWELLS AVE	BRADFORD ST	2020-04-02	Two-Way , Not Divided	Dry	Daylight	Cloudy	Not a Collision Between Two Motor Vehicles in Transport	No	Pavement Markings	3	1	Pain Reported	NA	41.82323	-71.42183	FALSE	FALSE	Atwells Ave and Bradford Street, Providence, RI, USA	Med High	Raw	NA	FALSE	41.82323	-71.42183	2020	April	Federal Hill	13	440070009001037