row_number	crash_date	crash_report_id	crash_time	collision_type	count_pedestrian	count_bicycle	scooter	wheel_chair	number_of_vehicles	street_or_highway	nearest_intersection	report_date	type_of_roadway	road_surface_condition	light_condition	weather_condition	manner_of_impact	hit_and_run	traffic_control	person_count	injury_count	most_serious_injury	number_of_lanes	lat_raw	lon_raw	has_st_number	is_intersection_null	address_sent_to_geocoder	api_coord_conf	best_coordinate_set	reason_for_qa	manually_qaed_record	final_lat	final_lon	year	month	pvd_nhood	pvd_wards	geoid20
749	2020-04-03	816018	20:30:00	Pedestrian	1	NA	FALSE	FALSE	1	GLENBRIDGE AVE	LARK ST	2020-04-03	Two-Way , Not Divided	Wet	Dark - Lighted	Rain	Not a Collision Between Two Motor Vehicles in Transport	No	No Controls	2	1	Pain Reported	NA	41.82556	-71.45854	FALSE	FALSE	Glenbridge Ave and Lark Street, Providence, RI, USA	Med High	Raw	NA	FALSE	41.82556	-71.45854	2020	April	Manton	6	440070020002042
748	2020-04-06	816048	20:10:00	Bicycle	NA	1	FALSE	FALSE	1	PLAINFIELD ST EXIT	PLAINFIELD ST	2020-04-06	Two-Way , Not Divided	Dry	Dark - Lighted	Clear	Not a Collision Between Two Motor Vehicles in Transport	No	Pavement Markings	3	1	Pain Reported	NA	41.81539	-71.44587	FALSE	FALSE	Plainfield Street Exit and Plainfield Street, Providence, RI, USA	Med	Raw	distance greater than 100m	TRUE	41.81539	-71.44587	2020	April	Silver Lake	15	440070016012008
747	2020-04-07	816052	11:32:00	Pedestrian	1	NA	FALSE	FALSE	1	110 LOCKWOOD ST	NA	2020-04-07	Unknown	Dry	Daylight	Clear	Not a Collision Between Two Motor Vehicles in Transport	No	No Controls	4	1	Pain Reported	NA	NA	NA	TRUE	TRUE	110 Lockwood Street, Providence, RI, USA	High	Neither	raw coords null but geocoded coords found	TRUE	41.81263	-71.41533	2020	April	Upper South Providence	11	440070007002005
746	2020-04-08	816135	01:26:00	Pedestrian	1	NA	FALSE	FALSE	1	ATLANTIC AVE	Broad Street	2020-04-10	Two-Way , Not Divided	Dry	Dark - Lighted	Clear	Not a Collision Between Two Motor Vehicles in Transport	Yes	No Controls	1	1	Pain Reported	NA	41.79934	-71.41632	FALSE	FALSE	Atlantic Ave and Broad Street, Providence, RI, USA	Med High	Raw	NA	FALSE	41.79934	-71.41632	2020	April	Elmwood	9	440070002001002
745	2020-04-10	816124	07:30:00	Bicycle	NA	1	FALSE	FALSE	1	ORMS ST	SMITH ST	2020-04-10	Two-Way, Divided, Positive Median Barrier	Dry	Daylight	Clear	Not a Collision Between Two Motor Vehicles in Transport	No	Traffic Control Signal	2	0	No Injury	NA	41.83377	-71.42198	FALSE	FALSE	Orms Street and Smith Street, Providence, RI, USA	Med High	Raw	NA	FALSE	41.83377	-71.42198	2020	April	Smith Hill	12	440070026001013
744	2020-04-11	816148	13:06:00	Bicycle	NA	1	FALSE	FALSE	1	NORTH MAIN ST	WHITE ST	2020-04-11	Two-Way , Not Divided	Dry	Daylight	Clear	Not a Collision Between Two Motor Vehicles in Transport	No	Traffic Control Signal	4	1	Pain Reported	NA	41.85548	-71.40015	FALSE	FALSE	North Main Street and White Street, Providence, RI, USA	Med	Raw	NA	FALSE	41.85548	-71.40015	2020	April	Hope	3	440070033001003
743	2020-04-13	816204	14:10:00	Bicycle	NA	1	FALSE	FALSE	1	WESTMINSTER ST	BOUGH ST	2020-04-14	Two-Way, Divided, Positive Median Barrier	Dry	Daylight	Rain	Head-On (Front - to - Front)	Yes	No Controls	2	1	Pain Reported	NA	41.81656	-71.44159	FALSE	FALSE	Westminster Street and Bough Street, Providence, RI, USA	Med High	Raw	NA	FALSE	41.81656	-71.44159	2020	April	Olneyville	15	440070019001021
742	2020-04-14	816215	21:17:00	Pedestrian	1	NA	FALSE	FALSE	1	CRANSTON STREET	HANOVER ST	2020-04-14	Two-Way , Not Divided	Dry	Dark - Lighted	Clear	Not a Collision Between Two Motor Vehicles in Transport	Yes	No Controls	1	1	Non-Incapacitating	NA	41.80933	-71.43368	FALSE	FALSE	Cranston Street and Hanover Street, Providence, RI, USA	Med High	Raw	NA	FALSE	41.80933	-71.43368	2020	April	West End	8	440070014002000
741	2020-04-18	816246	09:59:00	Pedestrian	1	NA	FALSE	FALSE	1	NORTH MAIN ST	RANDALL ST	2020-04-18	Two-Way, Divided, Positive Median Barrier	Wet	Daylight	Snow	Not a Collision Between Two Motor Vehicles in Transport	No	Pavement Markings	2	1	Pain Reported	NA	41.83666	-71.40959	FALSE	FALSE	North Main Street and Randall Street, Providence, RI, USA	Med	Raw	distance greater than 100m	TRUE	41.83666	-71.40959	2020	April	College Hill	3	440070031004002
740	2020-04-21	816329	17:00:00	Pedestrian	1	NA	FALSE	FALSE	1	broad street	SACKETT ST	2020-04-21	Two-Way , Not Divided	Wet	Daylight	Rain	Not a Collision Between Two Motor Vehicles in Transport	Yes	No Controls	1	1	Pain Reported	NA	41.79614	-71.4121	FALSE	FALSE	Broad Street and Sackett Street, Providence, RI, USA	Med	Raw	NA	FALSE	41.79614	-71.4121	2020	April	Elmwood	9	440070005003015
738	2020-04-25	816558	00:21:00	Pedestrian	1	NA	FALSE	FALSE	1	BROAD ST	BROAD ST	2020-04-25	Two-Way , Not Divided	Dry	Dark - Lighted	Clear	Not a Collision Between Two Motor Vehicles in Transport	Yes	No Controls	1	0	No Injury	NA	41.81606	-71.41988	FALSE	FALSE	Broad Street and Broad Street, Providence, RI, USA	Med	Raw	distance greater than 100m	TRUE	41.81606	-71.41988	2020	April	Upper South Providence	11	440070007003003
739	2020-04-25	817611	20:38:00	Pedestrian	1	NA	FALSE	FALSE	1	ELMWOOD AVENUE	PARKIS AVE	2020-04-25	Two-Way , Not Divided	Dry	Dark - Lighted	Clear	Not a Collision Between Two Motor Vehicles in Transport	No	No Controls	2	1	Incapacitating	NA	41.80892	-71.42459	FALSE	FALSE	Elmwood Avenue and Parkis Ave, Providence, RI, USA	Med High	Raw	NA	FALSE	41.80892	-71.42459	2020	April	West End	11	440070003021002
737	2020-05-01	817956	08:33:00	Pedestrian	2	NA	FALSE	FALSE	1	CAMP ST	DOYLE AVE	2020-05-01	Two-Way , Not Divided	Wet	Daylight	Sleet, Hail (Freezing Rain or Drizzle)	Not a Collision Between Two Motor Vehicles in Transport	Yes	Stop Signs	8	2	Incapacitating	NA	41.8388	-71.40419	FALSE	FALSE	Camp Street and Doyle Ave, Providence, RI, USA	Med High	Raw	NA	FALSE	41.8388	-71.40419	2020	May	Mount Hope	3	440070031001004
735	2020-05-03	818021	13:17:00	Pedestrian	1	NA	FALSE	FALSE	1	PRESIDENT AVE	ELMGROVE AVE	2020-05-03	Two-Way , Not Divided	Dry	Daylight	Clear	Not a Collision Between Two Motor Vehicles in Transport	No	Stop Signs	2	1	Pain Reported	NA	41.83523	-71.39117	FALSE	FALSE	President Ave and Elmgrove Ave, Providence, RI, USA	Med High	Raw	NA	FALSE	41.83523	-71.39117	2020	May	Blackstone	2	440070034003017
736	2020-05-03	818037	21:15:00	Pedestrian	1	NA	FALSE	FALSE	1	CRANSTON ST	BRIDGHAM ST	2020-05-03	Two-Way , Not Divided	Dry	Dark - Lighted	Clear	Not a Collision Between Two Motor Vehicles in Transport	Yes	Traffic Control Signal	3	1	Incapacitating	NA	41.81396	-71.42694	FALSE	FALSE	Cranston Street and Bridgham Street, Providence, RI, USA	Med High	Raw	NA	FALSE	41.81396	-71.42694	2020	May	West End	13	440070012001001
734	2020-05-05	818165	13:46:00	Pedestrian	1	NA	FALSE	FALSE	1	REGENT AVE	ACADEMY AVE	2020-05-05	Two-Way , Not Divided	Dry	Daylight	Clear	Not a Collision Between Two Motor Vehicles in Transport	No	No Controls	2	1	Pain Reported	NA	41.82929	-71.44397	FALSE	FALSE	Regent Ave and Academy Ave, Providence, RI, USA	Med High	Raw	NA	FALSE	41.82929	-71.44397	2020	May	Mount Pleasant	6	440070022004006
733	2020-05-13	818498	08:58:00	Pedestrian	1	NA	FALSE	FALSE	1	460 SMITH ST	CHALKSTONE AVE	2020-05-13	Two-Way, Divided, Unprotected (painted>4feet) Medium	Dry	Daylight	Clear	Not a Collision Between Two Motor Vehicles in Transport	Yes	No Controls	3	1	Non-Incapacitating	NA	41.83524	-71.42571	TRUE	FALSE	460 Smith Street, Providence, RI, USA	High	Raw	NA	FALSE	41.83524	-71.42571	2020	May	Smith Hill	12	440070026003014
732	2020-05-17	818685	14:00:00	Bicycle	NA	1	FALSE	FALSE	2	CAROLINA AVE	VIRGINIA AVE	2020-05-17	Two-Way , Not Divided	Dry	Daylight	Clear	Angle (Front - to - Side) Right Angle (Includes Broadside)	No	No Controls	4	3	Pain Reported	NA	41.79101	-71.39991	FALSE	FALSE	Carolina Ave and Virginia Ave, Providence, RI, USA	Med High	Raw	NA	FALSE	41.79101	-71.39991	2020	May	Washington Park	10	440070001013010
731	2020-05-24	819160	16:52:00	Bicycle	NA	1	FALSE	FALSE	1	PLAINFIELD ST	GIFFORD ST	2020-05-24	Two-Way , Not Divided	Dry	Daylight	Clear	Not a Collision Between Two Motor Vehicles in Transport	No	Other	2	1	Pain Reported	NA	41.81378	-71.4485	FALSE	FALSE	Plainfield Street and Gifford Street, Providence, RI, USA	Med High	Raw	NA	FALSE	41.81378	-71.4485	2020	May	Silver Lake	15	440070016011009
730	2020-05-25	819216	16:20:00	Bicycle	NA	1	FALSE	FALSE	1	DOVER ST	PEMBERTON ST	2020-05-25	Two-Way , Not Divided	Dry	Daylight	Cloudy	Not a Collision Between Two Motor Vehicles in Transport	No	No Controls	2	0	No Injury	NA	41.82991	-71.44564	FALSE	FALSE	Dover Street and Pemberton Street, Providence, RI, USA	Med High	Raw	NA	FALSE	41.82991	-71.44564	2020	May	Mount Pleasant	6	440070021025009
729	2020-05-26	819314	19:21:00	Pedestrian	1	NA	FALSE	FALSE	1	SMITH ST	RUGGLES ST	2020-05-26	Two-Way , Not Divided	Dry	Dusk	Clear	Not a Collision Between Two Motor Vehicles in Transport	No	No Controls	5	1	Pain Reported	NA	41.83616	-71.42831	FALSE	FALSE	Smith Street and Ruggles Street, Providence, RI, USA	Med High	Raw	NA	FALSE	41.83616	-71.42831	2020	May	Smith Hill	12	440070026003013
728	2020-05-27	819369	16:29:00	Pedestrian	1	NA	FALSE	FALSE	1	CHARLES ST	HAWKINS ST	2020-05-27	Two-Way, Divided, Unprotected (painted>4feet) Medium	Dry	Daylight	Clear	Not a Collision Between Two Motor Vehicles in Transport	No	No Controls	2	1	Incapacitating	NA	41.8514	-71.42016	FALSE	FALSE	Charles Street and Hawkins Street, Providence, RI, USA	Med	Raw	NA	FALSE	41.8514	-71.42016	2020	May	Charles	4	440070029003006
727	2020-05-28	819423	16:38:00	Bicycle	NA	1	FALSE	FALSE	1	BROOK ST	WILLIAMS ST	2020-05-28	Two-Way , Not Divided	Dry	Daylight	Cloudy	Angle (Front - to - Side) Right Angle (Includes Broadside)	No	Stop Signs	3	1	Pain Reported	2	41.82248	-71.3986	FALSE	FALSE	Brook Street and Williams Street, Providence, RI, USA	Med	Raw	NA	FALSE	41.82248	-71.3986	2020	May	Fox Point	1	440070036011039
726	2020-05-31	819586	10:48:00	Pedestrian	1	NA	FALSE	FALSE	1	CRANSTON ST	DEXTER ST	2020-05-31	Two-Way , Not Divided	Dry	Daylight	Clear	Not a Collision Between Two Motor Vehicles in Transport	No	Pavement Markings	2	1	Pain Reported	NA	41.81264	-71.42952	FALSE	FALSE	Cranston Street and Dexter Street, Providence, RI, USA	Med High	Raw	NA	FALSE	41.81264	-71.42952	2020	May	West End	13	440070012002009
724	2020-06-02	819708	21:25:00	Pedestrian	1	NA	FALSE	FALSE	1	EDDY ST	BROOM ST	2020-06-02	Two-Way , Not Divided	Dry	Dark - Lighted	Clear	Not a Collision Between Two Motor Vehicles in Transport	Yes	No Controls	4	1	Pain Reported	NA	41.79061	-71.40323	FALSE	FALSE	Eddy Street and Broom Street, Providence, RI, USA	Med High	Raw	NA	FALSE	41.79061	-71.40323	2020	June	Washington Park	10	440070001014003
722	2020-06-05	819863	14:28:00	Bicycle	NA	1	FALSE	FALSE	1	OPPER STREET	SOCIAL STREET	2020-06-05	Two-Way , Not Divided	Dry	Daylight	Clear	Angle (Front - to - Side) Right Angle (Includes Broadside)	No	Stop Signs	3	0	No Injury	NA	41.83465	-71.41632	FALSE	FALSE	Opper Street and Social Street, Providence, RI, USA	Med High	Geocoded	distance greater than 100m	TRUE	41.8538456	-71.4220131	2020	June	Charles	4	440070029005019
723	2020-06-05	819873	21:00:00	Pedestrian	1	NA	FALSE	FALSE	1	ROCHAMBEAU AVE	HOPE ST	2020-06-05	Two-Way, Not Divided With a Continuous Left Turn Lane	Wet	Dusk	Clear	Not a Collision Between Two Motor Vehicles in Transport	Yes	Traffic Control Signal	2	1	Pain Reported	NA	41.84691	-71.39608	FALSE	FALSE	Rochambeau Ave and Hope Street, Providence, RI, USA	Med High	Raw	NA	FALSE	41.84691	-71.39608	2020	June	Mount Hope	3	440070033003023
721	2020-06-07	819963	13:12:00	Bicycle	NA	1	FALSE	FALSE	1	BROAD ST	ALDRICH ST	2020-06-07	Two-Way , Not Divided	Dry	Daylight	Clear	Not a Collision Between Two Motor Vehicles in Transport	No	No Controls	2	0	No Injury	NA	41.79362	-71.40898	FALSE	FALSE	Broad Street and Aldrich Street, Providence, RI, USA	Med	Raw	NA	FALSE	41.79362	-71.40898	2020	June	South Elmwood	9	440070001021000
720	2020-06-09	820038	02:25:00	Pedestrian	1	NA	FALSE	FALSE	1	JEWETT ST	CALVERLY ST	2020-06-09	Two-Way , Not Divided	Dry	Dark - Lighted	Clear	Not a Collision Between Two Motor Vehicles in Transport	Yes	No Controls	2	1	Pain Reported	NA	41.83279	-71.4214	FALSE	FALSE	Jewett Street and Calverly Street, Providence, RI, USA	Med High	Raw	NA	FALSE	41.83279	-71.4214	2020	June	Smith Hill	12	440070025002003
719	2020-06-13	820249	17:55:00	Bicycle	NA	1	FALSE	FALSE	1	CHARLES ST	CORLISS ST	2020-06-13	One-Way Trafficway	Dry	Daylight	Clear	Not a Collision Between Two Motor Vehicles in Transport	No	No Controls	4	1	Pain Reported	NA	41.83867	-71.41526	FALSE	FALSE	Charles Street and Corliss Street, Providence, RI, USA	Med	Raw	NA	FALSE	41.83867	-71.41526	2020	June	Mount Hope	4	440070029004031
716	2020-06-17	820509	13:03:00	Pedestrian	1	NA	TRUE	FALSE	1	501 SILVER SPRING STREET	SMITHFIELD AVE	2020-06-17	Two-Way, Divided, Unprotected (painted>4feet) Medium	Dry	Daylight	Clear	Not a Collision Between Two Motor Vehicles in Transport	No	No Controls	3	1	Pain Reported	NA	41.85619	-71.41091	TRUE	FALSE	501 Silver Spring Street, Providence, RI, USA	High	Raw	NA	FALSE	41.85619	-71.41091	2020	June	Charles	4	440070029001032
717	2020-06-17	820583	12:23:00	Other	1	NA	TRUE	FALSE	1	1271 Broad St	BROAD ST	2020-06-18	Two-Way , Not Divided	Dry	Daylight	Clear	Not a Collision Between Two Motor Vehicles in Transport	Yes	No Controls	2	1	Pain Reported	NA	41.79195	-71.4069	TRUE	FALSE	1271 Broad Street, Providence, RI, USA	High	Raw	NA	FALSE	41.79195	-71.4069	2020	June	Washington Park	10	440070001021010
718	2020-06-17	820596	16:30:00	Bicycle	NA	1	FALSE	FALSE	1	POTTERS AVE	BROAD ST	2020-06-18	Two-Way , Not Divided	Dry	Daylight	Clear	Not a Collision Between Two Motor Vehicles in Transport	Yes	No Controls	1	1	Pain Reported	NA	41.80297	-71.41891	FALSE	FALSE	Potters Ave and Broad Street, Providence, RI, USA	Med High	Raw	NA	FALSE	41.80297	-71.41891	2020	June	Elmwood	9	440070004004007
715	2020-06-18	820567	03:29:00	Pedestrian	1	NA	FALSE	FALSE	1	SORRENTO ST	WADSWORTH ST	2020-06-18	Unknown	Dry	Dark - Lighted	Clear	Not a Collision Between Two Motor Vehicles in Transport	Yes	Unknown	1	1	Non-Incapacitating	NA	41.80679	-71.43831	FALSE	FALSE	Sorrento Street and Wadsworth Street, Providence, RI, USA	Med High	Raw	NA	FALSE	41.80679	-71.43831	2020	June	West End	8	440070014005010
714	2020-06-20	820799	18:29:00	Bicycle	NA	1	FALSE	FALSE	1	LLOYD AVE	ELMGROVE AVE	2020-06-20	Two-Way , Not Divided	Dry	Daylight	Clear	Not a Collision Between Two Motor Vehicles in Transport	No	Stop Signs	6	1	Incapacitating	2	41.83416	-71.3908	FALSE	FALSE	Lloyd Ave and Elmgrove Ave, Providence, RI, USA	Med High	Raw	NA	FALSE	41.83416	-71.3908	2020	June	Blackstone	2	440070034003024
713	2020-06-24	821099	15:12:00	Pedestrian	1	NA	FALSE	FALSE	1	BORDEN ST	PLAIN ST	2020-06-24	Two-Way , Not Divided	Dry	Daylight	Clear	Not a Collision Between Two Motor Vehicles in Transport	No	No Controls	2	1	Pain Reported	NA	41.81331	-71.412	FALSE	FALSE	Borden Street and Plain Street, Providence, RI, USA	Med High	Raw	NA	FALSE	41.81331	-71.412	2020	June	Upper South Providence	11	440070006001066
712	2020-06-26	821230	03:09:00	Pedestrian	1	NA	FALSE	FALSE	1	CASS ST	BROAD ST	2020-06-26	Two-Way , Not Divided	Dry	Dark - Not Lighted	Clear	Not a Collision Between Two Motor Vehicles in Transport	Yes	No Controls	1	1	Incapacitating	NA	41.79331	-71.40795	FALSE	FALSE	Cass Street and Broad Street, Providence, RI, USA	Med High	Raw	NA	FALSE	41.79331	-71.40795	2020	June	Washington Park	10	440070001021004
708	2020-06-27	821292	12:09:00	Bicycle	NA	1	FALSE	FALSE	1	Valley Street	Hemlock Street	2020-06-27	Two-Way, Divided, Unprotected (painted>4feet) Medium	Dry	Daylight	Clear	Not a Collision Between Two Motor Vehicles in Transport	No	Stop Signs	2	0	No Injury	1	NA	NA	FALSE	FALSE	Valley Street and Hemlock Street, Providence, RI, USA	Med High	Geocoded	raw coords null but geocoded coords found	TRUE	41.8304583	-71.4304933	2020	June	Valley	12	440070022001001
710	2020-06-27	821347	23:16:00	Pedestrian	1	NA	FALSE	FALSE	1	315 BROAD STREET	NA	2020-06-28	Two-Way , Not Divided	Other	Dark - Lighted	Cloudy	Not a Collision Between Two Motor Vehicles in Transport	No	No Controls	3	1	Incapacitating	NA	41.81433	-71.4212	TRUE	TRUE	315 Broad Street, Providence, RI, USA	High	Raw	NA	FALSE	41.81433	-71.4212	2020	June	West End	11	440070012001005
711	2020-06-27	821352	23:07:00	Pedestrian	1	NA	FALSE	FALSE	1	Webster Ave	Dora Street	2020-06-28	Two-Way , Not Divided	Wet	Dark - Lighted	Rain	Rear End(Front-to-Rear)	No	No Controls	3	1	Incapacitating	NA	41.8081	-71.44815	FALSE	FALSE	Webster Ave and Dora Street, Providence, RI, USA	Med High	Raw	NA	FALSE	41.8081	-71.44815	2020	June	Silver Lake	15	440070016022003
705	2020-06-28	821406	17:33:00	Bicycle	NA	1	FALSE	FALSE	1	COLFAX ST	OCEAN ST	2020-06-28	Two-Way , Not Divided	Dry	Daylight	Clear	Other	Yes	No Controls	1	0	Unknown	NA	41.80006	-71.40956	FALSE	FALSE	Colfax Street and Ocean Street, Providence, RI, USA	Med High	Raw	NA	FALSE	41.80006	-71.40956	2020	June	Lower South Providence	10	440070005001011
706	2020-06-28	821414	21:17:00	Pedestrian	1	NA	FALSE	FALSE	1	FLORA ST	ASHTON ST	2020-06-28	Two-Way , Not Divided	Wet	Dark - Lighted	Rain	Sideswipe, Same Direction	Yes	No Controls	1	1	Pain Reported	NA	41.84931	-71.41545	FALSE	FALSE	Flora Street and Ashton Street, Providence, RI, USA	Med High	Raw	NA	FALSE	41.84931	-71.41545	2020	June	Charles	4	440070029003017
707	2020-06-28	821420	22:56:00	Pedestrian	1	NA	FALSE	FALSE	1	Thayer Street	Bowen Street	2020-06-28	One-Way Trafficway	Wet	Dark - Lighted	Clear	Not a Collision Between Two Motor Vehicles in Transport	No	Stop Signs	3	1	Pain Reported	NA	41.83084	-71.401	FALSE	FALSE	Thayer Street and Bowen Street, Providence, RI, USA	Med High	Raw	NA	FALSE	41.83084	-71.401	2020	June	College Hill	2	440070036011004
704	2020-07-01	821625	19:30:00	Bicycle	NA	1	FALSE	FALSE	1	ADMIRAL ST	HAWKINS ST	2020-07-01	Two-Way , Not Divided	Dry	Daylight	Clear	Not a Collision Between Two Motor Vehicles in Transport	No	No Controls	2	1	Pain Reported	NA	41.84592	-71.42839	FALSE	FALSE	Admiral Street and Hawkins Street, Providence, RI, USA	Med High	Raw	NA	FALSE	41.84592	-71.42839	2020	July	Wanskuck	4	440070027001007
703	2020-07-05	821951	00:02:00	Pedestrian	1	NA	FALSE	FALSE	1	GROSVENOR AVE	CHALKSTONE AVE	2020-07-05	Two-Way, Divided, Unprotected (painted>4feet) Medium	Dry	Dark - Lighted	Clear	Not a Collision Between Two Motor Vehicles in Transport	No	No Controls	6	1	Non-Incapacitating	NA	41.83377	-71.43953	FALSE	FALSE	Grosvenor Ave and Chalkstone Ave, Providence, RI, USA	Med High	Raw	distance greater than 100m	TRUE	41.83377	-71.43953	2020	July	Elmhurst	5	440070023003000
701	2020-07-06	822102	15:03:00	Pedestrian	1	NA	FALSE	FALSE	1	Charles St	W River St	2020-07-06	Two-Way, Divided, Unprotected (painted>4feet) Medium	Dry	Daylight	Clear	Not a Collision Between Two Motor Vehicles in Transport	No	No Controls	2	1	Pain Reported	NA	41.83961	-71.41638	FALSE	FALSE	Charles Street and W River Street, Providence, RI, USA	Med	Raw	NA	FALSE	41.83961	-71.41638	2020	July	Mount Hope	4	440070029004030
702	2020-07-06	822165	21:20:00	Pedestrian	1	NA	FALSE	FALSE	1	73 AYRAULT ST	CHALKSTONE AVE	2020-07-06	One-Way Trafficway	Dry	Dark - Lighted	Clear	Not a Collision Between Two Motor Vehicles in Transport	Yes	No Controls	2	1	Incapacitating	NA	41.8336	-71.42903	TRUE	FALSE	73 Ayrault Street, Providence, RI, USA	High	Raw	NA	FALSE	41.8336	-71.42903	2020	July	Smith Hill	12	440070025001011
698	2020-07-08	822281	18:19:00	Bicycle	NA	1	FALSE	FALSE	1	ADELAIDE AVE	RESERVOIR AVE	2020-07-08	Two-Way, Divided, Unprotected (painted>4feet) Medium	Dry	Daylight	Clear	Not a Collision Between Two Motor Vehicles in Transport	No	Traffic Control Signal	4	1	Incapacitating	NA	41.79275	-71.42748	FALSE	FALSE	Adelaide Ave and Reservoir Ave, Providence, RI, USA	Med High	Geocoded	distance greater than 100m	TRUE	41.7955254	-71.4262013	2020	July	West End	8	440070002001015
699	2020-07-08	822283	17:52:00	Pedestrian	1	NA	FALSE	FALSE	1	31 Croyland Road	POTTERS AVE	2020-07-08	Two-Way , Not Divided	Dry	Daylight	Clear	Not a Collision Between Two Motor Vehicles in Transport	Yes	No Controls	3	1	Pain Reported	NA	41.80342	-71.41471	TRUE	FALSE	31 Croyland Road, Providence, RI, USA	High	Raw	NA	FALSE	41.80342	-71.41471	2020	July	Lower South Providence	11	440070004003010
700	2020-07-08	822339	20:56:00	Pedestrian	1	NA	FALSE	FALSE	1	EXCHANGE TER	MEMORIAL BLVD	2020-07-08	Two-Way , Not Divided	Dry	Dark - Lighted	Clear	Other	No	Traffic Control Signal	2	1	Non-Incapacitating	NA	41.82669	-71.41075	FALSE	FALSE	Exchange Ter and Memorial Blvd, Providence, RI, USA	Med High	Raw	NA	FALSE	41.82669	-71.41075	2020	July	Downtown	1	440070008001034
697	2020-07-09	822390	13:58:00	Pedestrian	1	NA	FALSE	FALSE	1	HOPE ST	4TH ST	2020-07-10	Two-Way , Not Divided	Dry	Daylight	Clear	Not a Collision Between Two Motor Vehicles in Transport	No	No Controls	4	1	Pain Reported	NA	41.84929	-71.39488	FALSE	FALSE	Hope Street and 4th Street, Providence, RI, USA	Med High	Raw	NA	FALSE	41.84929	-71.39488	2020	July	Hope	3	440070033002016
696	2020-07-13	822636	13:43:00	Pedestrian	1	NA	FALSE	FALSE	1	GOVERNOR ST	POWER ST	2020-07-13	Two-Way , Not Divided	Dry	Daylight	Clear	Not a Collision Between Two Motor Vehicles in Transport	No	Other	6	1	Incapacitating	NA	41.82373	-71.39412	FALSE	FALSE	Governor Street and Power Street, Providence, RI, USA	Med High	Raw	NA	FALSE	41.82373	-71.39412	2020	July	College Hill	1	440070035002015
695	2020-07-14	822723	13:34:00	Bicycle	NA	1	FALSE	FALSE	1	HARRIS AVE	ACORN ST	2020-07-14	Two-Way , Not Divided	Dry	Daylight	Clear	Not a Collision Between Two Motor Vehicles in Transport	No	No Controls	3	0	No Injury	NA	41.82636	-71.42768	FALSE	FALSE	Harris Ave and Acorn Street, Providence, RI, USA	Med High	Raw	NA	FALSE	41.82636	-71.42768	2020	July	Valley	13	440070025003025
693	2020-07-15	822757	11:39:00	Pedestrian	1	NA	FALSE	FALSE	1	ATWELLS AVE	VALLEY ST	2020-07-15	Two-Way , Not Divided	Dry	Daylight	Clear	Not a Collision Between Two Motor Vehicles in Transport	Yes	No Controls	1	1	Pain Reported	NA	41.82456	-71.43948	FALSE	FALSE	Atwells Ave and Valley Street, Providence, RI, USA	Med High	Raw	NA	FALSE	41.82456	-71.43948	2020	July	Olneyville	15	440070025003031
694	2020-07-15	822802	15:58:00	Bicycle	NA	1	FALSE	FALSE	1	PARKIS AVE	BROAD ST	2020-07-15	Two-Way, Divided, Unprotected (painted>4feet) Medium	Dry	Daylight	Clear	Not a Collision Between Two Motor Vehicles in Transport	Yes	Traffic Control Signal	1	1	Pain Reported	NA	41.80915	-71.42088	FALSE	FALSE	Parkis Ave and Broad Street, Providence, RI, USA	Med High	Raw	NA	FALSE	41.80915	-71.42088	2020	July	Elmwood	11	440070004001003
691	2020-07-18	823018	01:40:00	Pedestrian	2	NA	FALSE	FALSE	1	BROAD ST	SACKETT ST	2020-07-18	Two-Way , Not Divided	Dry	Dark - Lighted	Clear	Not a Collision Between Two Motor Vehicles in Transport	Yes	No Controls	2	2	Incapacitating	NA	41.79589	-71.41179	FALSE	FALSE	Broad Street and Sackett Street, Providence, RI, USA	Med	Raw	NA	FALSE	41.79589	-71.41179	2020	July	Elmwood	9	440070005003015
692	2020-07-18	823036	10:43:00	Pedestrian	2	NA	FALSE	FALSE	1	WILLARD AVE	BROAD ST	2020-07-18	Two-Way , Not Divided	Dry	Daylight	Clear	Not a Collision Between Two Motor Vehicles in Transport	No	No Controls	3	1	Pain Reported	NA	41.80717	-71.41967	FALSE	FALSE	Willard Ave and Broad Street, Providence, RI, USA	Med High	Raw	NA	FALSE	41.80717	-71.41967	2020	July	Upper South Providence	11	440070004001010
690	2020-07-20	827532	14:26:00	Pedestrian	1	NA	FALSE	FALSE	1	UNION AVE	WEBSTER AVE	2020-08-31	Two-Way , Not Divided	Dry	Daylight	Clear	Sidwswipe, Opposite Direction	No	No Controls	2	1	Pain Reported	NA	41.80697	-71.44703	FALSE	FALSE	Union Ave and Webster Ave, Providence, RI, USA	Med	Raw	NA	FALSE	41.80697	-71.44703	2020	July	Silver Lake	15	440070016022005
688	2020-07-21	823236	15:33:00	Bicycle	NA	1	FALSE	FALSE	1	CHARLES ST	CANAL ST	2020-07-21	Two-Way , Not Divided	Dry	Daylight	Clear	Not a Collision Between Two Motor Vehicles in Transport	No	No Controls	3	1	Pain Reported	NA	41.83329	-71.41136	FALSE	FALSE	Charles Street and Canal Street, Providence, RI, USA	Med	Raw	distance greater than 100m	TRUE	41.83329	-71.41136	2020	July	Downtown	3	440070031003023