row_number	crash_date	crash_report_id	crash_time	collision_type	count_pedestrian	count_bicycle	scooter	wheel_chair	number_of_vehicles	street_or_highway	nearest_intersection	report_date	type_of_roadway	road_surface_condition	light_condition	weather_condition	manner_of_impact	hit_and_run	traffic_control	person_count	injury_count	most_serious_injury	number_of_lanes	lat_raw	lon_raw	has_st_number	is_intersection_null	address_sent_to_geocoder	api_coord_conf	best_coordinate_set	reason_for_qa	manually_qaed_record	final_lat	final_lon	year	month	pvd_nhood	pvd_wards	geoid20
566	2021-03-01	844595	18:44:00	Pedestrian	1	NA	FALSE	FALSE	1	SMITH ST	NELSON ST	2021-03-01	Two-Way , Not Divided	Dry	Dark - Lighted	Clear	Not a Collision Between Two Motor Vehicles in Transport	No	Pavement Markings	4	1	Non-Incapacitating	NA	41.84214	-71.44412	FALSE	FALSE	Smith Street and Nelson Street, Providence, RI, USA	Med High	Raw	NA	FALSE	41.84214	-71.44412	2021	March	Elmhurst	5	440070024005016
565	2021-03-02	844644	06:32:00	Pedestrian	1	NA	FALSE	FALSE	1	West River St	CHARLES ST	2021-03-02	Two-Way , Not Divided	Dry	Daylight	Clear	Not a Collision Between Two Motor Vehicles in Transport	No	No Controls	3	1	Pain Reported	NA	41.8399	-71.41617	FALSE	FALSE	West River Street and Charles Street, Providence, RI, USA	Med High	Raw	NA	FALSE	41.8399	-71.41617	2021	March	Mount Hope	4	440070029004030
564	2021-03-03	844784	15:23:00	Pedestrian	1	NA	FALSE	FALSE	1	BLACKSTONE ST	CULVER ST	2021-03-03	Two-Way , Not Divided	Dry	Daylight	Clear	Not a Collision Between Two Motor Vehicles in Transport	No	Stop Signs	2	1	Pain Reported	NA	41.80993	-71.4085	FALSE	FALSE	Blackstone Street and Culver Street, Providence, RI, USA	Med High	Raw	NA	FALSE	41.80993	-71.4085	2021	March	Upper South Providence	11	440070006002000
561	2021-03-04	844829	08:25:00	Pedestrian	1	NA	FALSE	FALSE	1	BRANCH AVE	TOURO ST	2021-03-04	Two-Way , Not Divided	Dry	Daylight	Clear	Not a Collision Between Two Motor Vehicles in Transport	No	No Controls	3	1	Pain Reported	NA	41.84999	-71.41935	FALSE	FALSE	Branch Ave and Touro Street, Providence, RI, USA	Med High	Raw	NA	FALSE	41.84999	-71.41935	2021	March	Charles	4	440070029003010
562	2021-03-04	844862	16:02:00	Pedestrian	1	NA	FALSE	FALSE	1	Waldo Street	CRANSTON ST	2021-03-04	Two-Way , Not Divided	Dry	Daylight	Clear	Other	No	No Controls	6	1	Pain Reported	NA	41.80635	-71.43632	FALSE	FALSE	Waldo Street and Cranston Street, Providence, RI, USA	Med High	Raw	NA	FALSE	41.80635	-71.43632	2021	March	West End	8	440070014005012
563	2021-03-04	844867	16:58:00	Pedestrian	1	NA	FALSE	FALSE	1	ANGELL ST	WAYLAND AVE	2021-03-04	Two-Way , Not Divided	Dry	Daylight	Clear	Head-On (Front - to - Front)	Yes	Traffic Control Signal	1	1	Pain Reported	NA	41.83015	-71.38792	FALSE	FALSE	Angell Street and Wayland Ave, Providence, RI, USA	Med High	Raw	NA	FALSE	41.83015	-71.38792	2021	March	Wayland	1	440070035001012
560	2021-03-06	845096	17:56:00	Pedestrian	1	NA	FALSE	FALSE	1	BROAD ST	CAHIR ST	2021-03-06	Two-Way , Not Divided	Dry	Dark - Lighted	Clear	Not a Collision Between Two Motor Vehicles in Transport	Yes	Traffic Control Signal	1	1	Non-Incapacitating	NA	41.81692	-71.41795	FALSE	FALSE	Broad Street and Cahir Street, Providence, RI, USA	Med	Raw	NA	FALSE	41.81692	-71.41795	2021	March	Upper South Providence	11	440070007003002
559	2021-03-08	845231	12:28:00	Pedestrian	2	NA	FALSE	FALSE	1	MANTON AVE	ALEPPO ST	2021-03-08	Two-Way , Not Divided	Dry	Daylight	Clear	Not a Collision Between Two Motor Vehicles in Transport	Yes	No Controls	2	1	Incapacitating	NA	41.81932	-71.4462	FALSE	FALSE	Manton Ave and Aleppo Street, Providence, RI, USA	Med High	Raw	NA	FALSE	41.81932	-71.4462	2021	March	Olneyville	15	440070019002003
558	2021-03-12	845577	15:10:00	Pedestrian	1	NA	FALSE	FALSE	1	257 THAYER ST	EUCLID AVE	2021-03-12	One-Way Trafficway	Dry	Daylight	Clear	Not a Collision Between Two Motor Vehicles in Transport	No	No Controls	2	0	No Injury	1	41.82868	-71.40073	TRUE	FALSE	257 Thayer Street, Providence, RI, USA	High	Raw	NA	FALSE	41.82868	-71.40073	2021	March	College Hill	2	440070036011015
557	2021-03-19	848085	16:49:00	Pedestrian	1	NA	FALSE	FALSE	1	165 Windmill St	Smart ST	2021-03-19	Two-Way , Not Divided	Dry	Daylight	Clear	Not a Collision Between Two Motor Vehicles in Transport	No	Stop Signs	3	1	Non-Incapacitating	NA	41.85799	-71.41766	TRUE	FALSE	165 Windmill Street, Providence, RI, USA	High	Raw	NA	FALSE	41.85799	-71.41766	2021	March	Charles	4	440070029001015
556	2021-03-21	848228	15:20:00	Bicycle	NA	1	FALSE	FALSE	1	BAKER ST	OCONNOR ST	2021-03-21	Two-Way , Not Divided	Dry	Daylight	Clear	Not a Collision Between Two Motor Vehicles in Transport	Yes	No Controls	1	1	Non-Incapacitating	NA	41.79266	-71.40576	FALSE	FALSE	Baker Street and Oconnor Street, Providence, RI, USA	Med	Raw	NA	FALSE	41.79266	-71.40576	2021	March	Washington Park	10	440070001021007
555	2021-03-22	848292	16:02:00	Pedestrian	1	NA	FALSE	FALSE	1	CANAL ST	SMITH ST	2021-03-22	One-Way Trafficway	Dry	Daylight	Clear	Not a Collision Between Two Motor Vehicles in Transport	No	No Controls	2	0	No Injury	NA	41.83185	-71.41131	FALSE	FALSE	Canal Street and Smith Street, Providence, RI, USA	Med	Raw	NA	FALSE	41.83185	-71.41131	2021	March	Downtown	3	440070031003033
554	2021-03-23	848391	14:19:00	Other	NA	1	FALSE	FALSE	1	N MAIN STREET	7TH ST	2021-03-24	Two-Way, Divided, Positive Median Barrier	Dry	Daylight	Clear	Not a Collision Between Two Motor Vehicles in Transport	No	No Controls	2	0	No Injury	NA	41.85416	-71.40056	FALSE	FALSE	N Main Street and 7th Street, Providence, RI, USA	Med	Raw	NA	FALSE	41.85416	-71.40056	2021	March	Hope	3	440070033001016
553	2021-03-25	848492	20:47:00	Pedestrian	1	NA	FALSE	FALSE	1	MEMORIAL BLVD	FRANCIS ST	2021-03-25	Two-Way , Not Divided	Dry	Dark - Lighted	Clear	Not a Collision Between Two Motor Vehicles in Transport	No	Traffic Control Signal	3	1	Pain Reported	NA	41.82577	-71.41527	FALSE	FALSE	Memorial Blvd and Francis Street, Providence, RI, USA	Med High	Raw	NA	FALSE	41.82577	-71.41527	2021	March	Downtown	1	440070008001041
552	2021-03-26	848583	20:30:00	Pedestrian	1	NA	FALSE	FALSE	1	W RIVER ST	BRANCH AVE	2021-03-26	Two-Way , Not Divided	Dry	Dark - Lighted	Clear	Not a Collision Between Two Motor Vehicles in Transport	Yes	No Controls	1	1	Pain Reported	NA	41.84598	-71.41326	FALSE	FALSE	W River Street and Branch Ave, Providence, RI, USA	Med High	Raw	distance greater than 100m	TRUE	41.84598	-71.41326	2021	March	Mount Hope	4	440070029004028
551	2021-03-27	848640	11:53:00	Pedestrian	1	NA	FALSE	FALSE	1	850 Manton Ave	MANTON CT	2021-03-27	Two-Way , Not Divided	Dry	Daylight	Clear	Not a Collision Between Two Motor Vehicles in Transport	Yes	Unknown	1	1	Pain Reported	2	41.83358	-71.46604	TRUE	FALSE	850 Manton Ave, Providence, RI, USA	High	Raw	NA	FALSE	41.83358	-71.46604	2021	March	Manton	6	440070020002028
549	2021-03-29	848788	12:54:00	Pedestrian	1	NA	FALSE	FALSE	1	WASHINGTON ST	DAVE GAVITT WAY	2021-03-29	Two-Way , Not Divided	Dry	Daylight	Clear	Not a Collision Between Two Motor Vehicles in Transport	No	Traffic Control Signal	3	1	Pain Reported	NA	41.82022	-71.41883	FALSE	FALSE	Washington Street and Dave Gavitt Way, Providence, RI, USA	Med High	Raw	NA	FALSE	41.82022	-71.41883	2021	March	Downtown	1	440070008001068
550	2021-03-29	848792	12:56:00	Pedestrian	1	NA	FALSE	FALSE	1	ORMS ST	SMITH ST	2021-03-29	Two-Way , Not Divided	Dry	Daylight	Clear	Not a Collision Between Two Motor Vehicles in Transport	Yes	No Controls	1	1	Pain Reported	NA	41.83376	-71.422	FALSE	FALSE	Orms Street and Smith Street, Providence, RI, USA	Med High	Raw	NA	FALSE	41.83376	-71.422	2021	March	Smith Hill	12	440070026001013
547	2021-03-31	848959	15:04:00	Bicycle	NA	1	FALSE	FALSE	1	BROOK ST	WILLIAMS ST	2021-03-31	Two-Way , Not Divided	Dry	Daylight	Clear	Angle (Front - to - Side) Right Angle (Includes Broadside)	No	Stop Signs	3	1	Pain Reported	2	41.82248	-71.3986	FALSE	FALSE	Brook Street and Williams Street, Providence, RI, USA	Med	Raw	NA	FALSE	41.82248	-71.3986	2021	March	Fox Point	1	440070036011039
548	2021-03-31	848969	19:57:00	Pedestrian	1	NA	FALSE	FALSE	1	PLAINFIELD ST	WEBSTER AVE	2021-03-31	Two-Way, Divided, Unprotected (painted>4feet) Medium	Wet	Dark - Lighted	Rain	Head-On (Front - to - Front)	Yes	Traffic Control Signal	1	1	Pain Reported	NA	41.81366	-71.45081	FALSE	FALSE	Plainfield Street and Webster Ave, Providence, RI, USA	Med High	Raw	NA	FALSE	41.81366	-71.45081	2021	March	Silver Lake	7	440070016011011
546	2021-04-04	849204	16:35:00	Pedestrian	1	NA	FALSE	FALSE	1	ACADEMY AVENUE	NEWARK ST	2021-04-04	Two-Way, Divided, Unprotected (painted>4feet) Medium	Dry	Daylight	Clear	Not a Collision Between Two Motor Vehicles in Transport	No	No Controls	2	1	Pain Reported	NA	41.82544	-71.4434	FALSE	FALSE	Academy Avenue and Newark Street, Providence, RI, USA	Med High	Raw	NA	FALSE	41.82544	-71.4434	2021	April	Mount Pleasant	6	440070022003012
543	2021-04-06	849334	11:49:00	Bicycle	NA	1	FALSE	FALSE	1	VALLEY ST	HAROLD ST	2021-04-06	Two-Way , Not Divided	Dry	Daylight	Clear	Not a Collision Between Two Motor Vehicles in Transport	No	Stop Signs	2	1	Non-Incapacitating	NA	41.8269	-71.43756	FALSE	FALSE	Valley Street and Harold Street, Providence, RI, USA	Med High	Raw	NA	FALSE	41.8269	-71.43756	2021	April	Valley	12	440070022002016
544	2021-04-06	849373	20:00:00	Bicycle	NA	1	FALSE	FALSE	1	72 Goddard St	CANDACE ST	2021-04-06	Two-Way , Not Divided	Dry	Dark - Lighted	Clear	Not a Collision Between Two Motor Vehicles in Transport	No	No Controls	3	1	Incapacitating	NA	41.83463	-71.42069	TRUE	FALSE	72 Goddard Street, Providence, RI, USA	High	Raw	NA	FALSE	41.83463	-71.42069	2021	April	Smith Hill	12	440070026001002
545	2021-04-06	849381	20:52:00	Pedestrian	1	NA	TRUE	FALSE	1	BROAD ST	FRICKER ST	2021-04-06	Two-Way , Not Divided	Dry	Dark - Lighted	Clear	Not a Collision Between Two Motor Vehicles in Transport	No	Pavement Markings	2	1	Non-Incapacitating	NA	41.81528	-71.42066	FALSE	FALSE	Broad Street and Fricker Street, Providence, RI, USA	Med	Raw	NA	FALSE	41.81528	-71.42066	2021	April	West End	11	440070007003004
542	2021-04-07	849419	17:38:00	Bicycle	NA	1	FALSE	FALSE	1	NORTH MAIN STREET	CHURCH ST	2021-04-07	One-Way Trafficway	Dry	Daylight	Clear	Not a Collision Between Two Motor Vehicles in Transport	No	No Controls	6	1	Non-Incapacitating	NA	41.83071	-71.41035	FALSE	FALSE	North Main Street and Church Street, Providence, RI, USA	Med High	Raw	distance greater than 100m	TRUE	41.83071	-71.41035	2021	April	College Hill	3	440070031004023
541	2021-04-08	849507	17:21:00	Bicycle	NA	1	FALSE	FALSE	1	FLORAL AVE	CLADRASH'S AVE	2021-04-08	Two-Way , Not Divided	Dry	Daylight	Clear	Not a Collision Between Two Motor Vehicles in Transport	Yes	No Controls	2	1	Non-Incapacitating	2	41.78419	-71.40703	FALSE	FALSE	Floral Ave and Cladrash's Ave, Providence, RI, USA	Med	Raw	distance greater than 100m	TRUE	41.78419	-71.40703	2021	April	South Elmwood	9	440070001022031
538	2021-04-14	849748	16:05:00	Bicycle	NA	1	FALSE	FALSE	1	CLEVELAND ST	LAUREL HILL AVE	2021-04-14	Two-Way , Not Divided	Dry	Daylight	Clear	Not a Collision Between Two Motor Vehicles in Transport	No	No Controls	2	1	Non-Incapacitating	NA	41.81587	-71.45588	FALSE	FALSE	Cleveland Street and Laurel Hill Ave, Providence, RI, USA	Med	Raw	NA	FALSE	41.81587	-71.45588	2021	April	Hartford	7	440070018003006
539	2021-04-14	849752	18:07:00	Bicycle	NA	1	FALSE	FALSE	1	VANDEWATER ST	BRANCH AVE	2021-04-14	Two-Way , Not Divided	Dry	Daylight	Clear	Not a Collision Between Two Motor Vehicles in Transport	No	No Controls	4	1	Pain Reported	NA	41.85367	-71.42883	FALSE	FALSE	Vandewater Street and Branch Ave, Providence, RI, USA	Med High	Raw	NA	FALSE	41.85367	-71.42883	2021	April	Wanskuck	14	440070028021012
536	2021-04-15	849775	11:25:00	Pedestrian	1	NA	FALSE	FALSE	1	BLACKSTONE ST	EDDY ST	2021-04-15	Two-Way , Not Divided	Dry	Daylight	Cloudy	Not a Collision Between Two Motor Vehicles in Transport	No	No Controls	2	1	Pain Reported	NA	41.81013	-71.40722	FALSE	FALSE	Blackstone Street and Eddy Street, Providence, RI, USA	Med High	Raw	NA	FALSE	41.81013	-71.40722	2021	April	Upper South Providence	11	440070006001064
537	2021-04-15	849821	15:25:00	Pedestrian	1	NA	FALSE	FALSE	1	PUBLIC ST	BROAD ST	2021-04-16	Two-Way , Not Divided	Dry	Daylight	Cloudy	Not a Collision Between Two Motor Vehicles in Transport	Yes	No Controls	1	1	Pain Reported	NA	41.80442	-71.41935	FALSE	FALSE	Public Street and Broad Street, Providence, RI, USA	Med High	Raw	NA	FALSE	41.80442	-71.41935	2021	April	Elmwood	11	440070004002006
534	2021-04-20	850109	14:43:00	Pedestrian	1	NA	FALSE	FALSE	1	DEXTER ST	CRANSTON ST	2021-04-20	Two-Way , Not Divided	Dry	Daylight	Clear	Not a Collision Between Two Motor Vehicles in Transport	No	No Controls	2	1	Non-Incapacitating	NA	41.81267	-71.42962	FALSE	FALSE	Dexter Street and Cranston Street, Providence, RI, USA	Med High	Raw	NA	FALSE	41.81267	-71.42962	2021	April	West End	13	440070012002009
535	2021-04-20	850123	12:19:00	Bicycle	NA	1	FALSE	FALSE	1	5 BRANCH AVE	DRYDEN LN	2021-04-20	Two-Way , Not Divided	Dry	Daylight	Clear	Not a Collision Between Two Motor Vehicles in Transport	No	No Controls	3	0	No Injury	2	41.84252	-71.4083	TRUE	FALSE	5 Branch Ave, Providence, RI, USA	High	Raw	distance greater than 100m	TRUE	41.84252	-71.4083	2021	April	Mount Hope	3	440070033004014
533	2021-04-22	850258	12:39:00	Pedestrian	1	NA	FALSE	FALSE	1	LISI LN	LANGDON ST	2021-04-22	Two-Way , Not Divided	Dry	Daylight	Clear	Not a Collision Between Two Motor Vehicles in Transport	No	No Controls	3	1	Pain Reported	NA	41.85832	-71.42405	FALSE	FALSE	Lisi Ln and Langdon Street, Providence, RI, USA	Med High	Raw	NA	FALSE	41.85832	-71.42405	2021	April	Charles	4	440070029005022
532	2021-04-24	850317	14:30:00	Pedestrian	2	NA	FALSE	FALSE	1	WAVERLY ST	KENWOOD ST	2021-04-24	Two-Way , Not Divided	Dry	Daylight	Clear	Not a Collision Between Two Motor Vehicles in Transport	No	No Controls	4	1	Non-Incapacitating	2	41.80888	-71.43569	FALSE	FALSE	Waverly Street and Kenwood Street, Providence, RI, USA	Med High	Raw	NA	FALSE	41.80888	-71.43569	2021	April	West End	8	440070014003002
531	2021-04-27	850500	14:24:00	Bicycle	NA	1	FALSE	FALSE	1	VALLEY ST	HEMLOCK ST	2021-04-27	Two-Way , Not Divided	Dry	Daylight	Clear	Angle (Front - to - Side) Right Angle (Includes Broadside)	No	Stop Signs	3	1	Pain Reported	NA	41.83044	-71.43051	FALSE	FALSE	Valley Street and Hemlock Street, Providence, RI, USA	Med High	Raw	NA	FALSE	41.83044	-71.43051	2021	April	Valley	12	440070022001001
528	2021-05-04	851034	09:13:00	Pedestrian	1	NA	FALSE	FALSE	1	35 TERMINAL RD	NA	2021-05-04	Two-Way , Not Divided	Wet	Daylight	Rain	Not a Collision Between Two Motor Vehicles in Transport	No	No Controls	2	1	Pain Reported	NA	NA	NA	TRUE	TRUE	35 Terminal Rd, Providence, RI, USA	High	Neither	raw coords null but geocoded coords found	TRUE	41.79618	-71.38915	2021	May	Washington Park	10	440070001011001
529	2021-05-04	851049	13:28:00	Pedestrian	1	NA	FALSE	FALSE	1	601 N Main St	NA	2021-05-04	Two-Way , Not Divided	Dry	Daylight	Cloudy	Not a Collision Between Two Motor Vehicles in Transport	Yes	No Controls	1	1	Pain Reported	NA	NA	NA	TRUE	TRUE	601 N Main Street, Providence, RI, USA	High	Neither	raw coords null but geocoded coords found	TRUE	41.8373	-71.40944	2021	May	College Hill	3	440070031004002
530	2021-05-04	851095	20:59:00	Pedestrian	1	NA	FALSE	FALSE	1	ATWELLS AVE AT DEAN ST	DEAN ST	2021-05-04	Two-Way , Not Divided	Dry	Dark - Lighted	Clear	Not a Collision Between Two Motor Vehicles in Transport	No	Traffic Control Signal	3	1	Incapacitating	NA	41.82339	-71.4242	FALSE	FALSE	Atwells Ave At Dean Street and Dean Street, Providence, RI, USA	Med	Raw	distance greater than 100m	TRUE	41.82339	-71.4242	2021	May	Federal Hill	13	440070009001030
527	2021-05-05	851151	17:10:00	Pedestrian	1	NA	FALSE	FALSE	1	BROADWAY	EMPIRE ST	2021-05-05	Two-Way , Not Divided	Wet	Daylight	Rain	Not a Collision Between Two Motor Vehicles in Transport	No	Pavement Markings	2	1	Pain Reported	NA	41.82257	-71.41747	FALSE	FALSE	Broadway and Empire Street, Providence, RI, USA	Med	Raw	NA	FALSE	41.82257	-71.41747	2021	May	Downtown	1	440070008001058
526	2021-05-06	851187	08:12:00	Other	NA	NA	TRUE	FALSE	1	POCASSET AVE	LOWELL AVE	2021-05-06	Two-Way , Not Divided	Dry	Daylight	Clear	Not a Collision Between Two Motor Vehicles in Transport	No	Stop Signs	2	1	Non-Incapacitating	NA	41.80976	-71.45478	FALSE	FALSE	Pocasset Ave and Lowell Ave, Providence, RI, USA	Med High	Raw	NA	FALSE	41.80976	-71.45478	2021	May	Silver Lake	7	440070017003015
525	2021-05-09	851493	23:00:00	Pedestrian	2	NA	FALSE	FALSE	1	160 Benedict St	CRANSTON ST	2021-05-10	Unknown	Wet	Dark - Lighted	Rain	Not a Collision Between Two Motor Vehicles in Transport	Yes	No Controls	2	2	Pain Reported	NA	41.80585	-71.43835	TRUE	FALSE	160 Benedict Street, Providence, RI, USA	High	Raw	NA	FALSE	41.80585	-71.43835	2021	May	West End	8	440070014005014
523	2021-05-10	851513	14:07:00	Pedestrian	1	NA	FALSE	FALSE	1	POTTERS AVE	BROAD ST	2021-05-10	Two-Way , Not Divided	Dry	Daylight	Clear	Not a Collision Between Two Motor Vehicles in Transport	No	Traffic Control Signal	2	0	No Injury	NA	41.80297	-71.41891	FALSE	FALSE	Potters Ave and Broad Street, Providence, RI, USA	Med High	Raw	NA	FALSE	41.80297	-71.41891	2021	May	Elmwood	9	440070004004007
524	2021-05-10	851564	17:00:00	Bicycle	1	NA	FALSE	FALSE	1	MERINO ST	EASTWOOD AVE	2021-05-11	Two-Way , Not Divided	Dry	Daylight	Clear	Angle (Front - to - Side) Right Angle (Includes Broadside)	Yes	No Controls	2	1	Pain Reported	NA	41.81504	-71.45787	FALSE	FALSE	Merino Street and Eastwood Ave, Providence, RI, USA	Med High	Raw	NA	FALSE	41.81504	-71.45787	2021	May	Hartford	7	440070018004006
522	2021-05-11	851603	15:58:00	Pedestrian	1	NA	FALSE	TRUE	1	SORRENTO ST	WADSWORTH ST	2021-05-11	Two-Way , Not Divided	Dry	Daylight	Clear	Not a Collision Between Two Motor Vehicles in Transport	No	No Controls	2	1	Pain Reported	NA	41.80663	-71.43846	FALSE	FALSE	Sorrento Street and Wadsworth Street, Providence, RI, USA	Med High	Raw	NA	FALSE	41.80663	-71.43846	2021	May	West End	8	440070014005010
521	2021-05-12	851670	15:26:00	Bicycle	NA	1	FALSE	FALSE	1	Manton ave	TANYARD LN	2021-05-12	Two-Way, Divided, Unprotected (painted>4feet) Medium	Dry	Daylight	Clear	Sideswipe, Same Direction	No	No Controls	3	1	Pain Reported	NA	41.81729	-71.44379	FALSE	FALSE	Manton Ave and Tanyard Ln, Providence, RI, USA	Med High	Raw	NA	FALSE	41.81729	-71.44379	2021	May	Olneyville	15	440070019002010
520	2021-05-15	852927	19:44:00	Pedestrian	1	NA	FALSE	FALSE	1	Lowell Ave	NYE ST	2021-05-16	Two-Way , Not Divided	Dry	Dark - Lighted	Clear	Not a Collision Between Two Motor Vehicles in Transport	Yes	No Controls	2	0	No Injury	NA	41.81648	-71.46019	FALSE	FALSE	Lowell Ave and Nye Street, Providence, RI, USA	Med High	Raw	NA	FALSE	41.81648	-71.46019	2021	May	Hartford	7	440070018005006
519	2021-05-16	852911	13:14:00	Pedestrian	1	NA	FALSE	FALSE	1	325 VALLEY ST	TURNER ST	2021-05-16	Two-Way , Not Divided	Dry	Daylight	Cloudy	Not a Collision Between Two Motor Vehicles in Transport	No	No Controls	3	1	Pain Reported	NA	41.82588	-71.43896	TRUE	FALSE	325 Valley Street, Providence, RI, USA	High	Raw	NA	FALSE	41.82588	-71.43896	2021	May	Valley	12	440070022002018
517	2021-05-20	853093	14:56:00	Pedestrian	1	NA	FALSE	FALSE	1	CLARENCE ST	WEBSTER AVE	2021-05-20	Two-Way , Not Divided	Dry	Daylight	Clear	Not a Collision Between Two Motor Vehicles in Transport	No	Pavement Markings	3	1	Pain Reported	NA	41.80999	-71.44906	FALSE	FALSE	Clarence Street and Webster Ave, Providence, RI, USA	Med High	Raw	NA	FALSE	41.80999	-71.44906	2021	May	Silver Lake	15	440070016022000
518	2021-05-20	853135	19:54:00	Pedestrian	1	NA	FALSE	FALSE	1	Houghton St	Veazie St	2021-05-20	Two-Way , Not Divided	Dry	Daylight	Clear	Not a Collision Between Two Motor Vehicles in Transport	Yes	No Controls	1	1	Non-Incapacitating	NA	41.85651	-71.43483	FALSE	FALSE	Houghton Street and Veazie Street, Providence, RI, USA	Med High	Raw	NA	FALSE	41.85651	-71.43483	2021	May	Wanskuck	4	440070028021003
515	2021-05-24	853281	14:41:00	Bicycle	NA	1	FALSE	FALSE	1	CAMP ST	DOYLE AVE	2021-05-24	Two-Way , Not Divided	Dry	Daylight	Clear	Not a Collision Between Two Motor Vehicles in Transport	No	Stop Signs	2	1	Pain Reported	NA	41.8388	-71.40419	FALSE	FALSE	Camp Street and Doyle Ave, Providence, RI, USA	Med High	Raw	NA	FALSE	41.8388	-71.40419	2021	May	Mount Hope	3	440070031001004
516	2021-05-24	853283	16:23:00	Pedestrian	1	NA	TRUE	FALSE	1	N MAIN ST	DOYLE AVE	2021-05-24	Two-Way , Not Divided	Dry	Daylight	Clear	Not a Collision Between Two Motor Vehicles in Transport	No	Traffic Control Signal	2	1	Pain Reported	NA	41.83835	-71.40923	FALSE	FALSE	N Main Street and Doyle Ave, Providence, RI, USA	Med	Raw	NA	FALSE	41.83835	-71.40923	2021	May	Mount Hope	3	440070031002012
514	2021-05-25	853318	16:07:00	Pedestrian	1	NA	FALSE	FALSE	1	WASHINGTON ST	EDDY ST	2021-05-25	Two-Way , Not Divided	Dry	Daylight	Clear	Not a Collision Between Two Motor Vehicles in Transport	No	Pavement Markings	2	1	Non-Incapacitating	NA	41.82401	-71.4134	FALSE	FALSE	Washington Street and Eddy Street, Providence, RI, USA	Med	Raw	NA	FALSE	41.82401	-71.4134	2021	May	Downtown	1	440070008001052
512	2021-05-27	853375	10:44:00	Pedestrian	1	NA	FALSE	FALSE	1	SMITH ST	ORMS ST	2021-05-27	Two-Way , Not Divided	Dry	Daylight	Clear	Other	No	Traffic Control Signal	3	1	Pain Reported	NA	41.8338	-71.42207	FALSE	FALSE	Smith Street and Orms Street, Providence, RI, USA	Med High	Raw	NA	FALSE	41.8338	-71.42207	2021	May	Smith Hill	12	440070026001013
513	2021-05-27	853381	09:08:00	Bicycle	NA	1	FALSE	FALSE	1	Ledge St	Silver Spring St	2021-05-27	Two-Way , Not Divided	Dry	Daylight	Clear	Not a Collision Between Two Motor Vehicles in Transport	No	Stop Signs	5	1	Pain Reported	2	NA	NA	FALSE	FALSE	Ledge Street and Silver Spring Street, Providence, RI, USA	Med High	Geocoded	raw coords null but geocoded coords found	TRUE	41.8531992	-71.412629	2021	May	Charles	4	440070029001032
511	2021-05-30	853479	00:19:00	Pedestrian	1	NA	FALSE	FALSE	1	Francis Street	Fountain Street	2021-05-30	Two-Way , Not Divided	Wet	Dark - Lighted	Clear	Not a Collision Between Two Motor Vehicles in Transport	Yes	Traffic Control Signal	2	1	Incapacitating	NA	41.82492	-71.41462	FALSE	FALSE	Francis Street and Fountain Street, Providence, RI, USA	Med	Raw	distance greater than 100m	TRUE	41.82492	-71.41462	2021	May	Downtown	1	440070008001050
509	2021-06-02	853631	14:26:00	Pedestrian	1	NA	FALSE	TRUE	1	MANTON AVE	OLNEYVILLE SQ	2021-06-02	Two-Way, Divided, Positive Median Barrier	Dry	Daylight	Clear	Not a Collision Between Two Motor Vehicles in Transport	Yes	Pavement Markings	2	1	Pain Reported	NA	41.81677	-71.44322	FALSE	FALSE	Manton Ave and Olneyville Sq, Providence, RI, USA	Med	Raw	NA	FALSE	41.81677	-71.44322	2021	June	Olneyville	15	440070019002013
510	2021-06-02	853644	16:31:00	Bicycle	NA	1	FALSE	FALSE	1	BROADWAY	WESTMINSTER ST	2021-06-02	Two-Way , Not Divided	Dry	Daylight	Clear	Sideswipe, Same Direction	No	No Controls	2	1	Pain Reported	NA	41.81663	-71.44201	FALSE	FALSE	Broadway and Westminster Street, Providence, RI, USA	Med	Raw	NA	FALSE	41.81663	-71.44201	2021	June	Olneyville	15	440070019002013
508	2021-06-03	853666	18:36:00	Pedestrian	1	NA	FALSE	FALSE	1	ROSEDALE ST	MESSER ST	2021-06-03	Two-Way , Not Divided	Dry	Daylight	Clear	Not a Collision Between Two Motor Vehicles in Transport	No	No Controls	4	0	No Injury	NA	41.81038	-71.4356	FALSE	FALSE	Rosedale Street and Messer Street, Providence, RI, USA	Med High	Raw	NA	FALSE	41.81038	-71.4356	2021	June	West End	13	440070013003003
507	2021-06-05	853749	06:29:00	Pedestrian	2	NA	FALSE	FALSE	1	CRANSTON ST	POTTERS AVE	2021-06-05	Two-Way, Divided, Unprotected (painted>4feet) Medium	Dry	Daylight	Clear	Not a Collision Between Two Motor Vehicles in Transport	Yes	No Controls	3	2	Incapacitating	2	41.80471	-71.43816	FALSE	FALSE	Cranston Street and Potters Ave, Providence, RI, USA	Med High	Raw	NA	FALSE	41.80471	-71.43816	2021	June	West End	8	440070014005016