row_number	crash_date	crash_report_id	crash_time	collision_type	count_pedestrian	count_bicycle	scooter	wheel_chair	number_of_vehicles	street_or_highway	nearest_intersection	report_date	type_of_roadway	road_surface_condition	light_condition	weather_condition	manner_of_impact	hit_and_run	traffic_control	person_count	injury_count	most_serious_injury	number_of_lanes	lat_raw	lon_raw	has_st_number	is_intersection_null	address_sent_to_geocoder	api_coord_conf	best_coordinate_set	reason_for_qa	manually_qaed_record	final_lat	final_lon	year	month	pvd_nhood	pvd_wards	geoid20
199	2022-09-01	880679	15:20:00	Bicycle	NA	1	FALSE	FALSE	1	BROOK ST	GEORGE ST	2022-09-01	Two-Way , Not Divided	Dry	Daylight	Clear	Not a Collision Between Two Motor Vehicles in Transport	No	No Controls	2	0	No Injury	NA	41.82595	-71.39911	FALSE	FALSE	Brook Street and George Street, Providence, RI, USA	Med	Raw	NA	FALSE	41.82595	-71.39911	2022	September	College Hill	1	440070036011023
197	2022-09-03	880731	10:11:00	Pedestrian	1	NA	FALSE	FALSE	1	850 MANTON AVE	MANTON AVE	2022-09-03	Unknown	Dry	Daylight	Clear	Not a Collision Between Two Motor Vehicles in Transport	No	No Controls	2	1	Pain Reported	NA	41.83391	-71.46722	TRUE	FALSE	850 Manton Ave, Providence, RI, USA	High	Neither	distance greater than 100m	TRUE	41.833169	-71.465136	2022	September	Manton	6	440070020002028
196	2022-09-04	880777	13:16:00	Bicycle	NA	1	FALSE	FALSE	1	361 RESERVOIR AVE	RESERVOIR AVE	2022-09-04	Two-Way , Not Divided	Dry	Daylight	Clear	Not a Collision Between Two Motor Vehicles in Transport	No	No Controls	3	1	Pain Reported	NA	NA	NA	TRUE	FALSE	361 Reservoir Ave, Providence, RI, USA	High	Neither	raw coords null but geocoded coords found	TRUE	41.78796	-71.43197	2022	September	Reservoir	8	440070015001008
195	2022-09-07	880879	08:20:00	Pedestrian	1	NA	FALSE	FALSE	1	160 BROADWAY	BRADFORD ST	2022-09-07	Two-Way , Not Divided	Dry	Daylight	Clear	Not a Collision Between Two Motor Vehicles in Transport	No	No Controls	4	1	Incapacitating	NA	41.82148	-71.42222	TRUE	FALSE	160 Broadway, Providence, RI, USA	High	Raw	NA	FALSE	41.82148	-71.42222	2022	September	Federal Hill	13	440070011001002
193	2022-09-08	880931	17:53:00	Bicycle	NA	1	FALSE	FALSE	1	PLAINFIELD ST.	EDNA ST	2022-09-08	Two-Way , Not Divided	Dry	Daylight	Clear	Not a Collision Between Two Motor Vehicles in Transport	No	Traffic Control Signal	2	1	Pain Reported	NA	41.81592	-71.44513	FALSE	FALSE	Plainfield St. and Edna Street, Providence, RI, USA	Med High	Raw	NA	FALSE	41.81592	-71.44513	2022	September	Olneyville	15	440070016011000
194	2022-09-08	880935	20:11:00	Pedestrian	1	NA	FALSE	FALSE	1	valley st	DEAN ST	2022-09-08	Two-Way , Not Divided	Dry	Dark - Lighted	Clear	Not a Collision Between Two Motor Vehicles in Transport	No	No Controls	2	1	Non-Incapacitating	NA	41.83128	-71.42868	FALSE	FALSE	Valley Street and Dean Street, Providence, RI, USA	Med	Raw	distance greater than 100m	TRUE	41.83128	-71.42868	2022	September	Valley	12	440070022001001
191	2022-09-09	880944	09:38:00	Pedestrian	1	NA	FALSE	FALSE	1	CHALKSTONE AVE	LISBON ST	2022-09-09	Two-Way , Not Divided	Dry	Daylight	Clear	Not a Collision Between Two Motor Vehicles in Transport	No	No Controls	4	1	Pain Reported	NA	41.83321	-71.43682	FALSE	FALSE	Chalkstone Ave and Lisbon Street, Providence, RI, USA	Med High	Raw	NA	FALSE	41.83321	-71.43682	2022	September	Elmhurst	5	440070023002010
192	2022-09-09	880967	19:40:00	Other	1	NA	TRUE	FALSE	1	Atwells Ave	CUTLER ST	2022-09-09	Two-Way , Not Divided	Dry	Dark - Lighted	Clear	Not a Collision Between Two Motor Vehicles in Transport	Yes	Stop Signs	2	1	Pain Reported	NA	41.82468	-71.44157	FALSE	FALSE	Atwells Ave and Cutler Street, Providence, RI, USA	Med High	Raw	NA	FALSE	41.82468	-71.44157	2022	September	Olneyville	15	440070022002021
188	2022-09-10	880983	13:22:00	Bicycle	NA	1	FALSE	FALSE	1	FRICKER ST	CRANSTON ST	2022-09-10	Two-Way , Not Divided	Dry	Daylight	Clear	Not a Collision Between Two Motor Vehicles in Transport	No	Traffic Control Signal	2	0	No Injury	NA	41.8169	-71.42204	FALSE	FALSE	Fricker Street and Cranston Street, Providence, RI, USA	Med High	Raw	NA	FALSE	41.8169	-71.42204	2022	September	West End	11	440070007003003
189	2022-09-10	880984	09:32:00	Bicycle	NA	1	FALSE	FALSE	1	W EXCHANGE ST	DEAN ST	2022-09-10	Two-Way, Divided, Unprotected (painted>4feet) Medium	Dry	Daylight	Clear	Not a Collision Between Two Motor Vehicles in Transport	No	No Controls	3	1	Non-Incapacitating	2	41.82545	-71.42569	FALSE	FALSE	W Exchange Street and Dean Street, Providence, RI, USA	Med High	Raw	NA	FALSE	41.82545	-71.42569	2022	September	Federal Hill	13	440070009001001
190	2022-09-10	880993	16:25:00	Bicycle	NA	1	TRUE	FALSE	1	S WATER ST	POINT	2022-09-10	One-Way Trafficway	Dry	Daylight	Clear	Not a Collision Between Two Motor Vehicles in Transport	No	No Controls	2	1	Non-Incapacitating	NA	41.81876	-71.40189	FALSE	FALSE	S Water Street and Point, Providence, RI, USA	Med	Raw	NA	FALSE	41.81876	-71.40189	2022	September	Fox Point	1	440070037002025
187	2022-09-12	881032	08:36:00	Bicycle	NA	1	FALSE	FALSE	1	SMITH ST	RADCLIFFE AVE	2022-09-12	Two-Way , Not Divided	Wet	Daylight	Rain	Not a Collision Between Two Motor Vehicles in Transport	No	Pavement Markings	3	1	Pain Reported	NA	41.83694	-71.43209	FALSE	FALSE	Smith Street and Radcliffe Ave, Providence, RI, USA	Med High	Raw	NA	FALSE	41.83694	-71.43209	2022	September	Elmhurst	12	440070023001005
186	2022-09-13	881083	19:45:00	Bicycle	NA	1	FALSE	FALSE	1	DUDLEY ST	EDDY STREET	2022-09-13	Two-Way, Divided, Unprotected (painted>4feet) Medium	Dry	Dark - Lighted	Cloudy	Not a Collision Between Two Motor Vehicles in Transport	No	Traffic Control Signal	2	1	Pain Reported	NA	41.81079	-71.40734	FALSE	FALSE	Dudley Street and Eddy Street, Providence, RI, USA	Med High	Raw	NA	FALSE	41.81079	-71.40734	2022	September	Upper South Providence	11	440070006001065
185	2022-09-14	881107	22:00:00	Pedestrian	1	NA	FALSE	FALSE	1	CHARLESFIELD ST	HOPE ST	2022-09-15	Two-Way, Not Divided With a Continuous Left Turn Lane	Dry	Dark - Lighted	Clear	Not a Collision Between Two Motor Vehicles in Transport	Yes	Pavement Markings	1	0	No Injury	NA	41.82414	-71.3972	FALSE	FALSE	Charlesfield Street and Hope Street, Providence, RI, USA	Med High	Raw	NA	FALSE	41.82414	-71.3972	2022	September	College Hill	1	440070036013011
183	2022-09-16	881163	16:00:00	Pedestrian	1	NA	FALSE	FALSE	1	UNION AVE	MESSER ST	2022-09-16	Two-Way , Not Divided	Dry	Daylight	Clear	Not a Collision Between Two Motor Vehicles in Transport	No	No Controls	2	1	Pain Reported	NA	41.81013	-71.43513	FALSE	FALSE	Union Ave and Messer Street, Providence, RI, USA	Med High	Raw	NA	FALSE	41.81013	-71.43513	2022	September	West End	13	440070013002008
184	2022-09-16	881192	19:18:00	Bicycle	NA	1	FALSE	FALSE	1	CUMERFORD ST	UNION AVE	2022-09-17	Two-Way , Not Divided	Dry	Dark - Lighted	Cloudy	Not a Collision Between Two Motor Vehicles in Transport	Yes	No Controls	1	1	Pain Reported	NA	41.80859	-71.44331	FALSE	FALSE	Cumerford Street and Union Ave, Providence, RI, USA	Med High	Raw	NA	FALSE	41.80859	-71.44331	2022	September	Silver Lake	15	440070016021008
182	2022-09-18	881218	17:00:00	Pedestrian	1	NA	FALSE	FALSE	1	FARMINGTON AVE	ROSARIO DR	2022-09-18	Two-Way , Not Divided	Dry	Daylight	Clear	Not a Collision Between Two Motor Vehicles in Transport	No	No Controls	3	1	Non-Incapacitating	NA	41.80603	-71.46136	FALSE	FALSE	Farmington Ave and Rosario Dr, Providence, RI, USA	Med High	Raw	NA	FALSE	41.80603	-71.46136	2022	September	Silver Lake	7	440070017002014
181	2022-09-22	881334	14:22:00	Pedestrian	1	NA	FALSE	FALSE	1	BROAD ST	GALLUP ST	2022-09-22	Two-Way , Not Divided	Wet	Daylight	Rain	Not a Collision Between Two Motor Vehicles in Transport	No	Pavement Markings	3	1	Pain Reported	NA	41.79929	-71.41603	FALSE	FALSE	Broad Street and Gallup Street, Providence, RI, USA	Med	Raw	NA	FALSE	41.79929	-71.41603	2022	September	Elmwood	9	440070005002006
180	2022-09-24	881411	21:16:00	Pedestrian	1	NA	FALSE	FALSE	1	ELMWOOD AVE.	DABOLL ST	2022-09-25	Two-Way , Not Divided	Dry	Dark - Lighted	Clear	Not a Collision Between Two Motor Vehicles in Transport	Yes	No Controls	3	1	Incapacitating	NA	41.80424	-71.42553	FALSE	FALSE	Elmwood Ave. and Daboll Street, Providence, RI, USA	Med High	Raw	NA	FALSE	41.80424	-71.42553	2022	September	West End	9	440070003023003
179	2022-09-27	881590	17:45:00	Bicycle	NA	NA	FALSE	FALSE	2	South Water St	Dollar St	2022-09-30	One-Way Trafficway	Dry	Dusk	Clear	Sideswipe, Same Direction	Yes	No Controls	2	0	No Injury	NA	NA	NA	FALSE	FALSE	South Water Street and Dollar Street, Providence, RI, USA	Med High	Geocoded	raw coords null but geocoded coords found	TRUE	41.8194222	-71.4030998	2022	September	Fox Point	1	440070037002026
178	2022-09-28	881521	07:07:00	Bicycle	NA	1	FALSE	FALSE	1	CHARLES ST	W RIVER ST	2022-09-28	Two-Way , Not Divided	Dry	Daylight	Clear	Not a Collision Between Two Motor Vehicles in Transport	No	No Controls	3	1	Pain Reported	NA	41.8401	-71.41707	FALSE	FALSE	Charles Street and W River Street, Providence, RI, USA	Med	Raw	NA	FALSE	41.8401	-71.41707	2022	September	Smith Hill	4	440070029004011
176	2022-09-30	881608	22:15:00	Pedestrian	1	NA	FALSE	FALSE	1	North Main Street	Hewes Street	2022-09-30	Two-Way, Divided, Positive Median Barrier	Dry	Dark - Lighted	Clear	Not a Collision Between Two Motor Vehicles in Transport	No	No Controls	3	1	Incapacitating	NA	41.83663	-71.40992	FALSE	FALSE	North Main Street and Hewes Street, Providence, RI, USA	Med	Raw	NA	FALSE	41.83663	-71.40992	2022	September	College Hill	3	440070031004004
174	2022-10-03	882680	08:57:00	Other	NA	1	TRUE	FALSE	1	PEACE ST	BUCKLIN ST	2022-10-03	Two-Way , Not Divided	Dry	Daylight	Clear	Not a Collision Between Two Motor Vehicles in Transport	No	No Controls	2	0	No Injury	NA	41.80652	-71.42783	FALSE	FALSE	Peace Street and Bucklin Street, Providence, RI, USA	Med High	Raw	NA	FALSE	41.80652	-71.42783	2022	October	West End	8	440070003011005
175	2022-10-03	882694	14:35:00	Pedestrian	1	NA	TRUE	FALSE	1	SMITHFIELD AVE	I95N RAMP	2022-10-03	Two-Way , Not Divided	Dry	Daylight	Cloudy	Not a Collision Between Two Motor Vehicles in Transport	No	No Controls	3	1	Non-Incapacitating	NA	41.85501	-71.40489	FALSE	FALSE	Smithfield Ave and I95n Ramp, Providence, RI, USA	Med High	Raw	distance greater than 100m	TRUE	41.85501	-71.40489	2022	October	Hope	3	440070033004003
173	2022-10-04	882738	12:30:00	Bicycle	NA	1	FALSE	FALSE	1	WASHINGTON ST	EMPIRE ST	2022-10-04	Two-Way , Not Divided	Dry	Daylight	Cloudy	Not a Collision Between Two Motor Vehicles in Transport	No	Traffic Control Signal	3	1	Pain Reported	NA	41.82182	-71.41645	FALSE	FALSE	Washington Street and Empire Street, Providence, RI, USA	Med	Raw	NA	FALSE	41.82182	-71.41645	2022	October	Downtown	1	440070008001072
172	2022-10-05	882783	20:40:00	Pedestrian	1	NA	FALSE	FALSE	1	Memorial Blvd	STEEPLE ST	2022-10-05	Two-Way, Divided, Positive Median Barrier	Wet	Dark - Lighted	Rain	Not a Collision Between Two Motor Vehicles in Transport	Yes	Traffic Control Signal	1	1	Pain Reported	NA	41.82677	-71.41063	FALSE	FALSE	Memorial Blvd and Steeple Street, Providence, RI, USA	Med	Raw	distance greater than 100m	TRUE	41.82677	-71.41063	2022	October	Downtown	1	440070008001033
171	2022-10-06	882795	23:23:00	Pedestrian	1	NA	FALSE	FALSE	1	NORTH MAIN ST	N MAIN ST	2022-10-06	Two-Way, Divided, Positive Median Barrier	Dry	Daylight	Clear	Not a Collision Between Two Motor Vehicles in Transport	No	Pavement Markings	3	1	Pain Reported	NA	41.83744	-71.40942	FALSE	FALSE	North Main Street and N Main Street, Providence, RI, USA	Med High	Raw	distance greater than 100m	TRUE	41.83744	-71.40942	2022	October	College Hill	3	440070031004002
169	2022-10-07	882850	15:00:00	Pedestrian	1	NA	FALSE	FALSE	1	Westminster St.	BARTON ST	2022-10-07	Two-Way , Not Divided	Dry	Daylight	Clear	Not a Collision Between Two Motor Vehicles in Transport	No	Traffic Control Signal	2	1	Non-Incapacitating	NA	41.81594	-71.43642	FALSE	FALSE	Westminster St. and Barton Street, Providence, RI, USA	Med High	Raw	NA	FALSE	41.81594	-71.43642	2022	October	West End	13	440070010002008
170	2022-10-07	882857	15:12:00	Bicycle	NA	1	FALSE	FALSE	1	HARTFORD AVE	HARTFORD AVE	2022-10-07	Two-Way , Not Divided	Dry	Daylight	Clear	Not a Collision Between Two Motor Vehicles in Transport	Yes	Unknown	1	1	Pain Reported	NA	41.81838	-71.45754	FALSE	FALSE	Hartford Ave and Hartford Ave, Providence, RI, USA	Med	Raw	distance greater than 100m	TRUE	41.81838	-71.45754	2022	October	Hartford	7	440070018002012
167	2022-10-10	882948	18:30:00	Pedestrian	1	NA	FALSE	TRUE	1	EDDY ST	BLACKSTONE STREET	2022-10-10	Two-Way , Not Divided	Dry	Dark - Not Lighted	Clear	Not a Collision Between Two Motor Vehicles in Transport	No	No Controls	4	1	Pain Reported	NA	41.81042	-71.40721	FALSE	FALSE	Eddy Street and Blackstone Street, Providence, RI, USA	Med High	Raw	NA	FALSE	41.81042	-71.40721	2022	October	Upper South Providence	11	440070006001064
168	2022-10-10	882951	21:07:00	Pedestrian	1	NA	FALSE	FALSE	1	CRANSTON ST	ANTHONY AVE	2022-10-10	Two-Way , Not Divided	Dry	Dark - Lighted	Clear	Not a Collision Between Two Motor Vehicles in Transport	Yes	No Controls	2	1	Incapacitating	NA	41.80435	-71.43856	FALSE	FALSE	Cranston Street and Anthony Ave, Providence, RI, USA	Med High	Raw	NA	FALSE	41.80435	-71.43856	2022	October	West End	8	440070014005016
164	2022-10-12	883013	22:58:00	Pedestrian	1	NA	TRUE	FALSE	1	Broadway	SUTTON ST	2022-10-12	Two-Way , Not Divided	Dry	Dark - Lighted	Clear	Not a Collision Between Two Motor Vehicles in Transport	No	Stop Signs	3	1	Pain Reported	NA	41.82027	-71.42736	FALSE	FALSE	Broadway and Sutton Street, Providence, RI, USA	Med	Raw	distance greater than 100m	TRUE	41.82027	-71.42736	2022	October	Federal Hill	13	440070011001008
165	2022-10-12	882989	09:19:00	Pedestrian	1	NA	FALSE	FALSE	1	ROCHAMBEAU AVE	ELMGROVE AVE	2022-10-12	Two-Way , Not Divided	Dry	Daylight	Clear	Not a Collision Between Two Motor Vehicles in Transport	No	Stop Signs	3	1	Pain Reported	NA	41.84657	-71.39126	FALSE	FALSE	Rochambeau Ave and Elmgrove Ave, Providence, RI, USA	Med High	Raw	NA	FALSE	41.84657	-71.39126	2022	October	Blackstone	2	440070034001022
166	2022-10-12	882991	22:23:00	Pedestrian	1	NA	TRUE	FALSE	1	FONES ALY	BROOK ST	2022-10-12	Two-Way , Not Divided	Dry	Daylight	Clear	Not a Collision Between Two Motor Vehicles in Transport	No	Pavement Markings	3	1	Pain Reported	NA	41.8278	-71.3994	FALSE	FALSE	Fones Aly and Brook Street, Providence, RI, USA	Med High	Raw	NA	FALSE	41.8278	-71.3994	2022	October	College Hill	2	440070036011019
163	2022-10-14	883066	12:16:00	Pedestrian	1	NA	FALSE	FALSE	1	GANO ST	I 195 E	2022-10-14	Two-Way , Not Divided	Dry	Daylight	Clear	Not a Collision Between Two Motor Vehicles in Transport	No	No Controls	2	1	Pain Reported	2	41.81906	-71.38931	FALSE	FALSE	Gano Street and I 195 E, Providence, RI, USA	Med High	Raw	distance greater than 100m	TRUE	41.81906	-71.38931	2022	October	Fox Point	1	440070037001012
162	2022-10-16	883174	19:01:00	Bicycle	1	NA	FALSE	FALSE	1	GlOSSOP STREET	WOONASQUATUCKET AVENUE	2022-10-16	Two-Way , Not Divided	Dry	Dark - Not Lighted	Clear	Not a Collision Between Two Motor Vehicles in Transport	No	No Controls	3	1	Non-Incapacitating	NA	NA	NA	FALSE	FALSE	Glossop Street and Woonasquatucket Avenue, Providence, RI, USA	Med High	Geocoded	raw coords null but geocoded coords found	TRUE	41.8376124	-71.4704512	2022	October	Manton	5	440070020002011
159	2022-10-18	883218	07:32:00	Bicycle	NA	1	FALSE	FALSE	1	Cranston St	DEXTER ST	2022-10-18	Two-Way, Divided, Positive Median Barrier	Dry	Daylight	Clear	Not a Collision Between Two Motor Vehicles in Transport	No	Unknown	3	1	Pain Reported	NA	41.8126	-71.42959	FALSE	FALSE	Cranston Street and Dexter Street, Providence, RI, USA	Med High	Raw	NA	FALSE	41.8126	-71.42959	2022	October	West End	11	440070012002009
160	2022-10-18	883237	18:40:00	Bicycle	NA	1	FALSE	FALSE	1	MEMORIAL BLVD.	EXIT 22A  (RT )	2022-10-18	Two-Way , Not Divided	Dry	Dark - Lighted	Clear	Not a Collision Between Two Motor Vehicles in Transport	No	Traffic Control Signal	5	1	Non-Incapacitating	NA	41.82578	-71.41523	FALSE	FALSE	Memorial Blvd. and Exit 22a  (Rt ), Providence, RI, USA	Med	Raw	distance greater than 100m	TRUE	41.82578	-71.41523	2022	October	Downtown	1	440070008001041
161	2022-10-18	883238	15:42:00	Pedestrian	1	NA	FALSE	FALSE	1	SABIN ST	SABIN ST	2022-10-18	One-Way Trafficway	Dry	Daylight	Clear	Other	No	Pavement Markings	4	1	Incapacitating	NA	41.82429	-71.41593	FALSE	FALSE	Sabin Street and Sabin Street, Providence, RI, USA	Med	Raw	NA	FALSE	41.82429	-71.41593	2022	October	Downtown	1	440070008001059
157	2022-10-19	883240	08:49:00	Pedestrian	1	NA	FALSE	FALSE	1	N MAIN ST	ROCHAMBEAU AVE	2022-10-19	Two-Way, Divided, Positive Median Barrier	Dry	Daylight	Clear	Not a Collision Between Two Motor Vehicles in Transport	Yes	Traffic Control Signal	1	1	Pain Reported	NA	41.84676	-71.40505	FALSE	FALSE	N Main Street and Rochambeau Ave, Providence, RI, USA	Med	Raw	NA	FALSE	41.84676	-71.40505	2022	October	Mount Hope	3	440070033003020
158	2022-10-19	883254	20:00:00	Pedestrian	1	NA	FALSE	FALSE	1	LAUREL AVE	COLE AVE	2022-10-19	Two-Way, Divided, Unprotected (painted>4feet) Medium	Dry	Dark - Lighted	Clear	Not a Collision Between Two Motor Vehicles in Transport	No	Pavement Markings	3	1	Pain Reported	NA	41.83784	-71.38817	FALSE	FALSE	Laurel Ave and Cole Ave, Providence, RI, USA	Med High	Raw	NA	FALSE	41.83784	-71.38817	2022	October	Blackstone	2	440070034003007
156	2022-10-21	883301	07:38:00	Bicycle	NA	1	FALSE	FALSE	1	PUBLIC ST	BROAD ST	2022-10-21	Two-Way , Not Divided	Dry	Daylight	Clear	Not a Collision Between Two Motor Vehicles in Transport	No	No Controls	2	1	Pain Reported	NA	41.80435	-71.41953	FALSE	FALSE	Public Street and Broad Street, Providence, RI, USA	Med High	Raw	NA	FALSE	41.80435	-71.41953	2022	October	Elmwood	9	440070003022003
154	2022-10-22	883347	09:54:00	Pedestrian	1	NA	FALSE	FALSE	1	PRESIDENT AVE	COLE AVE	2022-10-22	Two-Way , Not Divided	Dry	Daylight	Clear	Not a Collision Between Two Motor Vehicles in Transport	No	Stop Signs	2	1	Pain Reported	NA	41.83598	-71.38729	FALSE	FALSE	President Ave and Cole Ave, Providence, RI, USA	Med High	Raw	NA	FALSE	41.83598	-71.38729	2022	October	Blackstone	2	440070034003011
155	2022-10-22	883356	19:05:00	Pedestrian	1	NA	FALSE	FALSE	1	POTTERS AVE	ELMWOOD AVE	2022-10-22	Two-Way , Not Divided	Dry	Dark - Lighted	Clear	Not a Collision Between Two Motor Vehicles in Transport	Yes	Flashing Traffic Control Signal	1	1	Non-Incapacitating	NA	41.80151	-71.42635	FALSE	FALSE	Potters Ave and Elmwood Ave, Providence, RI, USA	Med High	Raw	NA	FALSE	41.80151	-71.42635	2022	October	West End	9	440070003022008
150	2022-10-25	884410	08:33:00	Pedestrian	1	NA	FALSE	FALSE	1	280 BROAD ST	280 BROAD ST	2022-10-25	Two-Way, Divided, Unprotected (painted>4feet) Medium	Wet	Daylight	Cloudy	Not a Collision Between Two Motor Vehicles in Transport	No	Yield Signs	3	1	Pain Reported	NA	41.81415	-71.4213	TRUE	FALSE	280 Broad Street, Providence, RI, USA	High	Neither	distance greater than 100m	TRUE	41.815129	-71.42077	2022	October	West End	11	440070012001003
151	2022-10-25	884442	18:00:00	Pedestrian	1	NA	FALSE	FALSE	1	STEWART ST.	BROAD ST	2022-10-25	Two-Way , Not Divided	Wet	Dark - Lighted	Rain	Not a Collision Between Two Motor Vehicles in Transport	No	Traffic Control Signal	2	1	Pain Reported	NA	41.81689	-71.41793	FALSE	FALSE	Stewart St. and Broad Street, Providence, RI, USA	Med	Raw	NA	FALSE	41.81689	-71.41793	2022	October	Upper South Providence	11	440070007003002
152	2022-10-25	884443	18:19:00	Pedestrian	1	NA	FALSE	FALSE	1	COURTLAND ST.	PENN ST	2022-10-25	Two-Way , Not Divided	Wet	Dark - Lighted	Rain	Not a Collision Between Two Motor Vehicles in Transport	Yes	No Controls	1	1	Pain Reported	NA	41.82133	-71.43206	FALSE	FALSE	Courtland St. and Penn Street, Providence, RI, USA	Med High	Raw	NA	FALSE	41.82133	-71.43206	2022	October	Federal Hill	13	440070009002007
153	2022-10-25	884447	20:38:00	Pedestrian	1	NA	FALSE	FALSE	1	BROAD ST	FRICKER ST	2022-10-25	Two-Way , Not Divided	Wet	Dark - Not Lighted	Rain	Not a Collision Between Two Motor Vehicles in Transport	No	No Controls	3	1	Pain Reported	NA	41.81527	-71.42067	FALSE	FALSE	Broad Street and Fricker Street, Providence, RI, USA	Med	Raw	NA	FALSE	41.81527	-71.42067	2022	October	West End	11	440070007003003
149	2022-10-26	884476	17:25:00	Bicycle	1	NA	FALSE	FALSE	1	CRANSTON ST	WESTMINSTER ST	2022-10-26	Two-Way , Not Divided	Dry	Daylight	Cloudy	Not a Collision Between Two Motor Vehicles in Transport	Yes	No Controls	2	0	No Injury	NA	41.81765	-71.4214	FALSE	FALSE	Cranston Street and Westminster Street, Providence, RI, USA	Med High	Raw	NA	FALSE	41.81765	-71.4214	2022	October	Federal Hill	11	440070011002016
146	2022-10-27	884501	10:49:00	Pedestrian	1	NA	FALSE	FALSE	1	GANO ST	GANO ST EXIT	2022-10-27	Two-Way , Not Divided	Dry	Daylight	Clear	Not a Collision Between Two Motor Vehicles in Transport	No	Pavement Markings	2	1	Pain Reported	NA	41.82112	-71.38967	FALSE	FALSE	Gano Street and Gano St Exit, Providence, RI, USA	Med	Raw	distance greater than 100m	TRUE	41.82112	-71.38967	2022	October	Fox Point	1	440070037001002
147	2022-10-27	884511	14:48:00	Pedestrian	1	NA	FALSE	FALSE	1	EXCHANGE TERRACE	FRANCIS ST	2022-10-27	Two-Way , Not Divided	Dry	Daylight	Clear	Not a Collision Between Two Motor Vehicles in Transport	Yes	Traffic Control Signal	1	0	No Injury	NA	41.82503	-71.4148	FALSE	FALSE	Exchange Terrace and Francis Street, Providence, RI, USA	Med High	Raw	NA	FALSE	41.82503	-71.4148	2022	October	Downtown	1	440070008001042
148	2022-10-27	884527	22:13:00	Pedestrian	1	NA	FALSE	FALSE	1	POTTERS AVE	MELROSE ST	2022-10-27	Two-Way , Not Divided	Dry	Dark - Lighted	Clear	Not a Collision Between Two Motor Vehicles in Transport	Yes	No Controls	2	1	Non-Incapacitating	NA	41.80153	-71.42413	FALSE	FALSE	Potters Ave and Melrose Street, Providence, RI, USA	Med High	Raw	NA	FALSE	41.80153	-71.42413	2022	October	Elmwood	9	440070003022008
145	2022-10-29	884617	18:26:00	Pedestrian	1	NA	FALSE	FALSE	1	BROADWAY	KNIGHT ST	2022-10-29	Two-Way , Not Divided	Dry	Dark - Lighted	Clear	Not a Collision Between Two Motor Vehicles in Transport	No	Traffic Control Signal	2	1	Non-Incapacitating	NA	41.81979	-71.42939	FALSE	FALSE	Broadway and Knight Street, Providence, RI, USA	Med	Raw	NA	FALSE	41.81979	-71.42939	2022	October	Federal Hill	13	440070011001015
143	2022-10-30	884622	00:07:00	Pedestrian	1	NA	FALSE	FALSE	1	MEMORIAL BLVD	STEEPLE ST	2022-10-30	Two-Way, Divided, Positive Median Barrier	Dry	Dark - Lighted	Clear	Not a Collision Between Two Motor Vehicles in Transport	No	Traffic Control Signal	3	1	Pain Reported	NA	41.82677	-71.41063	FALSE	FALSE	Memorial Blvd and Steeple Street, Providence, RI, USA	Med	Raw	distance greater than 100m	TRUE	41.82677	-71.41063	2022	October	Downtown	1	440070008001033
144	2022-10-30	884649	19:48:00	Pedestrian	1	NA	FALSE	FALSE	1	130 SMART ST	JOB ST	2022-10-30	Two-Way , Not Divided	Dry	Dark - Lighted	Clear	Not a Collision Between Two Motor Vehicles in Transport	No	No Controls	6	1	Fatal	NA	41.85674	-71.41524	TRUE	FALSE	130 Smart Street, Providence, RI, USA	High	Geocoded	distance greater than 100m	TRUE	41.8576398	-71.4148849	2022	October	Charles	4	440070029001012
140	2022-11-03	884795	13:49:00	Pedestrian	3	NA	FALSE	FALSE	1	OVERHILL RD	LORIMER AVE	2022-11-03	Two-Way , Not Divided	Dry	Daylight	Clear	Not a Collision Between Two Motor Vehicles in Transport	No	No Controls	4	3	Pain Reported	NA	41.85052	-71.39152	FALSE	FALSE	Overhill Rd and Lorimer Ave, Providence, RI, USA	Med High	Raw	NA	FALSE	41.85052	-71.39152	2022	November	Blackstone	3	440070033002007
141	2022-11-03	884810	18:03:00	Bicycle	NA	1	FALSE	FALSE	1	HOPE ST	CYPRESS ST	2022-11-03	Two-Way , Not Divided	Dry	Dark - Lighted	Clear	Angle - Direction Not Specified	No	Traffic Control Signal	3	1	Pain Reported	NA	41.84098	-71.39901	FALSE	FALSE	Hope Street and Cypress Street, Providence, RI, USA	Med High	Raw	NA	FALSE	41.84098	-71.39901	2022	November	Mount Hope	3	440070032002013