row_number	crash_date	crash_report_id	crash_time	collision_type	count_pedestrian	count_bicycle	scooter	wheel_chair	number_of_vehicles	street_or_highway	nearest_intersection	report_date	type_of_roadway	road_surface_condition	light_condition	weather_condition	manner_of_impact	hit_and_run	traffic_control	person_count	injury_count	most_serious_injury	number_of_lanes	lat_raw	lon_raw	has_st_number	is_intersection_null	address_sent_to_geocoder	api_coord_conf	best_coordinate_set	reason_for_qa	manually_qaed_record	final_lat	final_lon	year	month	pvd_nhood	pvd_wards	geoid20
78	2023-01-10	888144	18:38:00	Pedestrian	1	NA	FALSE	FALSE	1	PLAINFIELD ST.	POCASSET AVE	2023-01-10	Two-Way , Not Divided	Dry	Dark - Lighted	Clear	Not a Collision Between Two Motor Vehicles in Transport	No	No Controls	3	1	Pain Reported	NA	41.8137	-71.44793	FALSE	FALSE	Plainfield St. and Pocasset Ave, Providence, RI, USA	Med High	Raw	NA	FALSE	41.8137	-71.44793	2023	January	Silver Lake	15	440070016012013
77	2023-01-12	888665	15:00:00	Pedestrian	1	NA	FALSE	FALSE	1	FULTON ST	DORRANCE ST	2023-01-27	Two-Way , Not Divided	Unknown	Daylight	Clear	Not a Collision Between Two Motor Vehicles in Transport	Yes	Traffic Control Signal	1	1	Non-Incapacitating	2	41.82413	-71.41236	FALSE	FALSE	Fulton Street and Dorrance Street, Providence, RI, USA	Med	Raw	NA	FALSE	41.82413	-71.41236	2023	January	Downtown	1	440070008003016
73	2023-01-13	888225	08:20:00	Pedestrian	1	NA	TRUE	FALSE	1	WESTMINSTER ST	BARTON ST	2023-01-13	Two-Way , Not Divided	Wet	Daylight	Rain	Not a Collision Between Two Motor Vehicles in Transport	No	Person	3	1	Pain Reported	NA	41.81592	-71.43653	FALSE	FALSE	Westminster Street and Barton Street, Providence, RI, USA	Med High	Raw	NA	FALSE	41.81592	-71.43653	2023	January	West End	13	440070010002008
74	2023-01-13	888237	12:28:00	Bicycle	NA	1	FALSE	FALSE	1	BROAD ST	LENOX AVE	2023-01-13	Two-Way , Not Divided	Wet	Daylight	Rain	Not a Collision Between Two Motor Vehicles in Transport	No	Pavement Markings	2	0	No Injury	NA	41.79843	-71.41495	FALSE	FALSE	Broad Street and Lenox Ave, Providence, RI, USA	Med	Raw	NA	FALSE	41.79843	-71.41495	2023	January	Elmwood	9	440070005002009
75	2023-01-13	888245	17:00:00	Pedestrian	1	NA	FALSE	FALSE	1	ATWELLS AVE	CUTLER ST	2023-01-13	Two-Way , Not Divided	Dry	Dark - Lighted	Clear	Not a Collision Between Two Motor Vehicles in Transport	No	Pavement Markings	3	1	Pain Reported	NA	41.82467	-71.4415	FALSE	FALSE	Atwells Ave and Cutler Street, Providence, RI, USA	Med High	Raw	NA	FALSE	41.82467	-71.4415	2023	January	Olneyville	15	440070022002021
76	2023-01-13	888252	20:42:00	Pedestrian	1	NA	FALSE	FALSE	1	ADMIRAL ST	HAWKINS ST	2023-01-13	Two-Way , Not Divided	Wet	Dark - Lighted	Clear	Not a Collision Between Two Motor Vehicles in Transport	Yes	Pavement Markings	3	1	Pain Reported	NA	41.84591	-71.42831	FALSE	FALSE	Admiral Street and Hawkins Street, Providence, RI, USA	Med High	Raw	NA	FALSE	41.84591	-71.42831	2023	January	Wanskuck	4	440070027001010
72	2023-01-14	888279	21:52:00	Pedestrian	1	NA	FALSE	FALSE	1	BROAD ST	FRICKER ST	2023-01-14	Two-Way , Not Divided	Dry	Dark - Lighted	Clear	Not a Collision Between Two Motor Vehicles in Transport	No	Traffic Control Signal	4	1	Non-Incapacitating	NA	41.81528	-71.42066	FALSE	FALSE	Broad Street and Fricker Street, Providence, RI, USA	Med	Raw	NA	FALSE	41.81528	-71.42066	2023	January	West End	11	440070007003004
71	2023-01-16	888333	17:41:00	Pedestrian	1	NA	FALSE	FALSE	1	OAKLAND AVE	SMITH ST	2023-01-16	Two-Way , Not Divided	Wet	Dark - Not Lighted	Clear	Not a Collision Between Two Motor Vehicles in Transport	Yes	Traffic Control Signal	1	1	Pain Reported	NA	41.83618	-71.43046	FALSE	FALSE	Oakland Ave and Smith Street, Providence, RI, USA	Med High	Raw	NA	FALSE	41.83618	-71.43046	2023	January	Elmhurst	12	440070026003013
70	2023-01-17	888376	18:08:00	Pedestrian	1	NA	FALSE	FALSE	1	VALLEY ST	GROVE ST	2023-01-17	Two-Way , Not Divided	Wet	Dark - Lighted	Clear	Not a Collision Between Two Motor Vehicles in Transport	No	No Controls	4	1	Pain Reported	NA	41.82023	-71.44039	FALSE	FALSE	Valley Street and Grove Street, Providence, RI, USA	Med High	Raw	NA	FALSE	41.82023	-71.44039	2023	January	Olneyville	15	440070019001008
69	2023-01-18	888390	10:26:00	Bicycle	NA	1	FALSE	FALSE	1	CRANSTON ST	WAVERLY ST	2023-01-18	Two-Way , Not Divided	Dry	Daylight	Clear	Not a Collision Between Two Motor Vehicles in Transport	Yes	No Controls	1	1	Pain Reported	NA	41.80809	-71.43475	FALSE	FALSE	Cranston Street and Waverly Street, Providence, RI, USA	Med High	Raw	NA	FALSE	41.80809	-71.43475	2023	January	West End	8	440070014003007
67	2023-01-19	888445	18:39:00	Pedestrian	1	NA	FALSE	FALSE	1	ORCHARD AVE	BUTLER AVE	2023-01-19	Two-Way , Not Divided	Wet	Dark - Lighted	Rain	Not a Collision Between Two Motor Vehicles in Transport	No	Pavement Markings	4	1	Pain Reported	NA	41.83202	-71.38417	FALSE	FALSE	Orchard Ave and Butler Ave, Providence, RI, USA	Med High	Raw	NA	FALSE	41.83202	-71.38417	2023	January	Wayland	2	440070035004008
68	2023-01-19	888448	20:29:00	Pedestrian	1	NA	FALSE	FALSE	1	FRANCIS ST	AMERICAN EXPRESS PLZ	2023-01-19	Two-Way , Not Divided	Wet	Dark - Lighted	Rain	Not a Collision Between Two Motor Vehicles in Transport	No	No Controls	2	0	No Injury	NA	41.8273	-71.41543	FALSE	FALSE	Francis Street and American Express Plz, Providence, RI, USA	Med	Raw	distance greater than 100m	TRUE	41.8273	-71.41543	2023	January	Downtown	12	440070008001048
65	2023-01-20	888475	18:47:00	Bicycle	NA	2	FALSE	FALSE	1	PUBLIC ST	BROAD ST	2023-01-20	Two-Way , Not Divided	Wet	Dark - Lighted	Sleet, Hail (Freezing Rain or Drizzle)	Not a Collision Between Two Motor Vehicles in Transport	Yes	Traffic Control Signal	2	2	Pain Reported	NA	41.80442	-71.41935	FALSE	FALSE	Public Street and Broad Street, Providence, RI, USA	Med High	Raw	NA	FALSE	41.80442	-71.41935	2023	January	Elmwood	11	440070004002006
66	2023-01-20	888477	17:34:00	Pedestrian	1	NA	FALSE	FALSE	1	EXCHANGE TERRACE	EXCHANGE ST	2023-01-20	Two-Way , Not Divided	Wet	Dark - Lighted	Rain	Not a Collision Between Two Motor Vehicles in Transport	No	Flashing Traffic Control Signal	5	1	Pain Reported	NA	41.82611	-71.4116	FALSE	FALSE	Exchange Terrace and Exchange Street, Providence, RI, USA	Med High	Geocoded	distance greater than 100m	TRUE	41.8250247	-71.4148047	2023	January	Downtown	1	440070008001042
63	2023-01-22	888509	02:32:00	Pedestrian	1	NA	FALSE	FALSE	1	CLEMENCE ST	WEYBOSSET ST	2023-01-22	One-Way Trafficway	Dry	Dark - Not Lighted	Clear	Not a Collision Between Two Motor Vehicles in Transport	Yes	No Controls	1	1	Non-Incapacitating	NA	41.82185	-71.41227	FALSE	FALSE	Clemence Street and Weybosset Street, Providence, RI, USA	Med High	Raw	NA	FALSE	41.82185	-71.41227	2023	January	Downtown	1	440070008003041
64	2023-01-22	888527	18:28:00	Pedestrian	1	NA	FALSE	FALSE	1	NORTH MAIN ST.	SMITHFIELD AVE	2023-01-22	Two-Way, Divided, Positive Median Barrier	Wet	Dark - Lighted	Rain	Not a Collision Between Two Motor Vehicles in Transport	No	Traffic Control Signal	3	1	Pain Reported	NA	41.85336	-71.40114	FALSE	FALSE	North Main St. and Smithfield Ave, Providence, RI, USA	Med	Raw	NA	FALSE	41.85336	-71.40114	2023	January	Hope	3	440070033004007
61	2023-01-23	888560	18:05:00	Pedestrian	1	NA	FALSE	FALSE	1	BROADWAY	SERVICE ROAD 7	2023-01-23	Two-Way , Not Divided	Wet	Dark - Not Lighted	Rain	Not a Collision Between Two Motor Vehicles in Transport	Yes	No Controls	2	1	Pain Reported	NA	41.82182	-71.42064	FALSE	FALSE	Broadway and Service Road 7, Providence, RI, USA	Med	Raw	NA	FALSE	41.82182	-71.42064	2023	January	Federal Hill	13	440070009001043
62	2023-01-23	888578	21:00:00	Pedestrian	1	NA	FALSE	FALSE	1	GEORGE ST	THAYER ST	2023-01-23	Two-Way , Not Divided	Wet	Dark - Lighted	Clear	Not a Collision Between Two Motor Vehicles in Transport	Yes	Stop Signs	2	1	Pain Reported	NA	41.82553	-71.40037	FALSE	FALSE	George Street and Thayer Street, Providence, RI, USA	Med	Raw	NA	FALSE	41.82553	-71.40037	2023	January	College Hill	2	440070036011022
60	2023-01-24	888584	06:21:00	Pedestrian	1	NA	FALSE	FALSE	1	CHARLES ST	ASHBURTON ST	2023-01-24	One-Way Trafficway	Dry	Dark - Lighted	Clear	Not a Collision Between Two Motor Vehicles in Transport	Yes	Stop Signs	1	1	Incapacitating	NA	41.83648	-71.41272	FALSE	FALSE	Charles Street and Ashburton Street, Providence, RI, USA	Med	Raw	NA	FALSE	41.83648	-71.41272	2023	January	Mount Hope	3	440070031003010
58	2023-01-25	888630	09:26:00	Pedestrian	1	NA	FALSE	FALSE	1	Union Ave	UNION AVE EXIT	2023-01-25	One-Way Trafficway	Dry	Daylight	Clear	Not a Collision Between Two Motor Vehicles in Transport	No	Traffic Control Signal	4	0	No Injury	NA	41.8088	-71.44019	FALSE	FALSE	Union Ave and Union Ave Exit, Providence, RI, USA	Med	Raw	distance greater than 100m	TRUE	41.8088	-71.44019	2023	January	West End	8	440070013004013
59	2023-01-25	888641	18:03:00	Pedestrian	1	NA	FALSE	FALSE	1	RANDALL ST	CHARLES ST	2023-01-25	Two-Way , Not Divided	Wet	Dark - Lighted	Sleet, Hail (Freezing Rain or Drizzle)	Not a Collision Between Two Motor Vehicles in Transport	Yes	No Controls	3	1	Non-Incapacitating	NA	41.83744	-71.41053	FALSE	FALSE	Randall Street and Charles Street, Providence, RI, USA	Med	Raw	distance greater than 100m	TRUE	41.83744	-71.41053	2023	January	Mount Hope	3	440070031003016
57	2023-01-27	888676	11:50:00	Pedestrian	1	NA	FALSE	FALSE	1	CRANSTON ST	NIANTIC AVE	2023-01-27	Two-Way , Not Divided	Dry	Daylight	Clear	Not a Collision Between Two Motor Vehicles in Transport	No	No Controls	4	1	Pain Reported	NA	41.80339	-71.44	FALSE	FALSE	Cranston Street and Niantic Ave, Providence, RI, USA	Med High	Raw	NA	FALSE	41.80339	-71.44	2023	January	NA	NA	440070014005006
56	2023-01-30	888785	23:13:00	Pedestrian	1	NA	FALSE	FALSE	1	ASHBURTON ST	I 95 N	2023-01-30	One-Way Trafficway	Dry	Dark - Lighted	Clear	Not a Collision Between Two Motor Vehicles in Transport	No	No Controls	5	1	Pain Reported	NA	41.83678	-71.41422	FALSE	FALSE	Ashburton Street and I 95 N, Providence, RI, USA	Med High	Raw	distance greater than 100m	TRUE	41.83678	-71.41422	2023	January	Mount Hope	3	440070031003009
52	2023-01-31	888798	10:57:00	Pedestrian	1	NA	FALSE	FALSE	1	DORRANCE ST	FRIENDSHIP ST	2023-01-31	Two-Way, Divided, Unprotected (painted>4feet) Medium	Wet	Daylight	Cloudy	Not a Collision Between Two Motor Vehicles in Transport	No	No Controls	4	1	Pain Reported	NA	41.80989	-71.42405	FALSE	FALSE	Dorrance Street and Friendship Street, Providence, RI, USA	Med High	Geocoded	distance greater than 100m	TRUE	41.8220269	-71.4094402	2023	January	Downtown	1	440070008003047
53	2023-01-31	888804	15:13:00	Pedestrian	1	NA	FALSE	FALSE	1	HAWKINS ST	BRANCH AVE	2023-01-31	Two-Way , Not Divided	Dry	Daylight	Clear	Not a Collision Between Two Motor Vehicles in Transport	No	Pavement Markings	2	1	Pain Reported	NA	41.8509	-71.42142	FALSE	FALSE	Hawkins Street and Branch Ave, Providence, RI, USA	Med High	Raw	NA	FALSE	41.8509	-71.42142	2023	January	Charles	4	440070029005031
54	2023-01-31	888807	18:14:00	Pedestrian	1	NA	FALSE	FALSE	1	EATON ST	ROSLYN AVE	2023-01-31	Two-Way , Not Divided	Dry	Dark - Lighted	Clear	Not a Collision Between Two Motor Vehicles in Transport	No	No Controls	4	1	Incapacitating	NA	41.84173	-71.43616	FALSE	FALSE	Eaton Street and Roslyn Ave, Providence, RI, USA	Med High	Raw	NA	FALSE	41.84173	-71.43616	2023	January	Elmhurst	5	440070024001002
51	2023-02-03	888881	12:33:00	Pedestrian	1	NA	FALSE	FALSE	1	84 Carr St	CACTUS ST	2023-02-03	Two-Way , Not Divided	Dry	Daylight	Clear	Not a Collision Between Two Motor Vehicles in Transport	No	No Controls	3	1	Pain Reported	NA	41.78827	-71.40722	TRUE	FALSE	84 Carr Street, Providence, RI, USA	High	Raw	NA	FALSE	41.78827	-71.40722	2023	February	Washington Park	10	440070001023012
50	2023-02-05	888961	22:15:00	Pedestrian	1	NA	FALSE	FALSE	1	ATWELLS AVE	EUTAW ST	2023-02-05	Two-Way , Not Divided	Dry	Dark - Lighted	Clear	Not a Collision Between Two Motor Vehicles in Transport	Yes	No Controls	1	1	Pain Reported	NA	41.82354	-71.42615	FALSE	FALSE	Atwells Ave and Eutaw Street, Providence, RI, USA	Med High	Raw	NA	FALSE	41.82354	-71.42615	2023	February	Federal Hill	13	440070009001019
49	2023-02-06	888997	NA	Bicycle	NA	1	FALSE	FALSE	1	Washington Street	EMPIRE ST	2023-02-06	Two-Way, Divided, Positive Median Barrier	Dry	Dark - Lighted	Clear	Not a Collision Between Two Motor Vehicles in Transport	Yes	Traffic Control Signal	4	1	Pain Reported	NA	41.82189	-71.41635	FALSE	FALSE	Washington Street and Empire Street, Providence, RI, USA	Med	Raw	NA	FALSE	41.82189	-71.41635	2023	February	Downtown	1	440070008001072
48	2023-02-09	889070	07:54:00	Pedestrian	3	NA	FALSE	FALSE	1	NORTH MAIN ST	1ST ST	2023-02-09	Two-Way, Divided, Positive Median Barrier	Dry	Daylight	Clear	Not a Collision Between Two Motor Vehicles in Transport	No	No Controls	5	3	Pain Reported	NA	41.84987	-71.40309	FALSE	FALSE	North Main Street and 1st Street, Providence, RI, USA	Med	Raw	NA	FALSE	41.84987	-71.40309	2023	February	Hope	3	440070033003008
47	2023-02-10	889124	23:06:00	Pedestrian	1	NA	FALSE	FALSE	1	DEAN ST	W EXCHANGE ST	2023-02-10	Two-Way, Divided, Unprotected (painted>4feet) Medium	Dry	Dark - Lighted	Clear	Not a Collision Between Two Motor Vehicles in Transport	No	Traffic Control Signal	3	1	Incapacitating	NA	41.82543	-71.42583	FALSE	FALSE	Dean Street and W Exchange Street, Providence, RI, USA	Med	Raw	NA	FALSE	41.82543	-71.42583	2023	February	Federal Hill	13	440070009001001
44	2023-02-14	889235	19:36:00	Pedestrian	1	NA	FALSE	FALSE	1	Manton Ave	Sission Street	2023-02-14	Two-Way , Not Divided	Dry	Dark - Lighted	Clear	Not a Collision Between Two Motor Vehicles in Transport	No	No Controls	3	1	Pain Reported	NA	41.82556	-71.45587	FALSE	FALSE	Manton Ave and Sission Street, Providence, RI, USA	Med High	Raw	NA	FALSE	41.82556	-71.45587	2023	February	Olneyville	6	440070021022010
45	2023-02-14	889244	18:09:00	Pedestrian	1	NA	FALSE	FALSE	1	ELMWOOD AVE.	CARTER ST	2023-02-14	Two-Way , Not Divided	Dry	Daylight	Clear	Not a Collision Between Two Motor Vehicles in Transport	No	No Controls	3	1	Pain Reported	NA	41.7994	-71.4265	FALSE	FALSE	Elmwood Ave. and Carter Street, Providence, RI, USA	Med High	Raw	NA	FALSE	41.7994	-71.4265	2023	February	West End	9	440070003012009
46	2023-02-14	889245	21:53:00	Pedestrian	1	NA	FALSE	FALSE	1	NORTH MAIN ST.	DOYLE AVE	2023-02-14	Two-Way, Divided, Positive Median Barrier	Dry	Dark - Not Lighted	Clear	Not a Collision Between Two Motor Vehicles in Transport	Yes	No Controls	2	1	Fatal	NA	41.83914	-71.40906	FALSE	FALSE	North Main St. and Doyle Ave, Providence, RI, USA	Med	Raw	NA	FALSE	41.83914	-71.40906	2023	February	Mount Hope	3	440070031002010
43	2023-02-15	889267	18:07:00	Pedestrian	1	NA	FALSE	FALSE	1	SMITH ST.	GASPEE ST	2023-02-15	Two-Way , Not Divided	Dry	Dark - Lighted	Clear	Not a Collision Between Two Motor Vehicles in Transport	No	No Controls	3	1	Non-Incapacitating	NA	41.83154	-71.41297	FALSE	FALSE	Smith St. and Gaspee Street, Providence, RI, USA	Med High	Raw	NA	FALSE	41.83154	-71.41297	2023	February	Downtown	12	440070031003025
41	2023-02-16	889278	06:53:00	Pedestrian	1	NA	FALSE	FALSE	1	WICKENDEN ST	GOVERNOR ST	2023-02-16	Two-Way , Not Divided	Dry	Daylight	Clear	Not a Collision Between Two Motor Vehicles in Transport	No	Stop Signs	3	1	Pain Reported	NA	41.82036	-71.39367	FALSE	FALSE	Wickenden Street and Governor Street, Providence, RI, USA	Med High	Raw	NA	FALSE	41.82036	-71.39367	2023	February	Fox Point	1	440070037001014
42	2023-02-16	889281	14:16:00	Pedestrian	1	NA	FALSE	FALSE	1	264 Weybossett St	Snow St	2023-02-16	Two-Way , Not Divided	Dry	Daylight	Cloudy	Not a Collision Between Two Motor Vehicles in Transport	No	No Controls	3	1	Pain Reported	2	NA	NA	TRUE	FALSE	264 Weybossett Street, Providence, RI, USA	High	Neither	raw coords null but geocoded coords found	TRUE	41.82082	-71.41315	2023	February	Downtown	1	440070008003064
39	2023-02-17	889326	18:44:00	Pedestrian	1	NA	FALSE	FALSE	1	LLOYD AVE.	HOPE ST	2023-02-17	Two-Way , Not Divided	Wet	Dark - Lighted	Sleet, Hail (Freezing Rain or Drizzle)	Rear End(Front-to-Rear)	No	No Controls	3	1	Pain Reported	NA	41.83156	-71.39974	FALSE	FALSE	Lloyd Ave. and Hope Street, Providence, RI, USA	Med High	Raw	NA	FALSE	41.83156	-71.39974	2023	February	College Hill	2	440070036011000
40	2023-02-17	889330	19:30:00	Pedestrian	1	NA	FALSE	FALSE	1	dudley st	GAY ST	2023-02-17	Two-Way , Not Divided	Wet	Dark - Lighted	Clear	Not a Collision Between Two Motor Vehicles in Transport	Yes	Stop Signs	2	1	Pain Reported	NA	41.81003	-71.4129	FALSE	FALSE	Dudley Street and Gay Street, Providence, RI, USA	Med High	Raw	NA	FALSE	41.81003	-71.4129	2023	February	Upper South Providence	11	440070007002016
38	2023-02-18	889350	12:46:00	Pedestrian	1	NA	FALSE	FALSE	1	AMICA CENTER PARKING LOT (SABIN)	ATWELLS AVE	2023-02-18	Two-Way , Not Divided	Dry	Daylight	Clear	Not a Collision Between Two Motor Vehicles in Transport	No	Person	2	1	Pain Reported	NA	41.82281	-71.41793	FALSE	FALSE	Amica Center Parking Lot (Sabin) and Atwells Ave, Providence, RI, USA	Med	Raw	NA	FALSE	41.82281	-71.41793	2023	February	Downtown	1	440070008001059
37	2023-02-20	889415	18:56:00	Pedestrian	1	NA	FALSE	FALSE	1	Harris Ave	Delaine Street	2023-02-20	Two-Way , Not Divided	Dry	Dark - Lighted	Clear	Not a Collision Between Two Motor Vehicles in Transport	Yes	No Controls	2	1	Pain Reported	NA	41.81919	-71.43881	FALSE	FALSE	Harris Ave and Delaine Street, Providence, RI, USA	Med High	Raw	NA	FALSE	41.81919	-71.43881	2023	February	Olneyville	15	440070019001012
35	2023-02-21	889436	10:31:00	Other	NA	NA	TRUE	FALSE	2	POWER ST	SOUTH MAIN STREET	2023-02-21	Two-Way , Not Divided	Wet	Daylight	Rain	Angle (Front - to - Side) Right Angle (Includes Broadside)	No	No Controls	2	1	Pain Reported	NA	41.82266	-71.40536	FALSE	FALSE	Power Street and South Main Street, Providence, RI, USA	Med	Raw	NA	FALSE	41.82266	-71.40536	2023	February	Fox Point	1	440070037002031
36	2023-02-21	889449	18:38:00	Pedestrian	1	NA	FALSE	FALSE	1	744 BRANCH AVE	NA	2023-02-21	Two-Way , Not Divided	Wet	Dark - Lighted	Rain	Not a Collision Between Two Motor Vehicles in Transport	No	No Controls	4	1	Pain Reported	NA	NA	NA	TRUE	TRUE	744 Branch Ave, Providence, RI, USA	High	Neither	raw coords null but geocoded coords found	TRUE	41.85418	-71.43068	2023	February	Wanskuck	4	440070028021012
33	2023-02-22	889457	13:04:00	Pedestrian	1	NA	FALSE	FALSE	1	MEMORIAL BLVD	COLLEGE ST	2023-02-22	Two-Way, Divided, Positive Median Barrier	Dry	Daylight	Cloudy	Not a Collision Between Two Motor Vehicles in Transport	No	No Controls	2	1	Pain Reported	NA	41.82551	-71.40906	FALSE	FALSE	Memorial Blvd and College Street, Providence, RI, USA	Med High	Raw	NA	FALSE	41.82551	-71.40906	2023	February	Downtown	1	440070008003004
34	2023-02-22	889474	19:32:00	Pedestrian	1	NA	FALSE	FALSE	1	POCASSET AVE	LAUREL HILL AVE	2023-02-22	Two-Way , Not Divided	Unknown	Unknown	Rain	Not a Collision Between Two Motor Vehicles in Transport	No	Pavement Markings	6	1	Pain Reported	NA	41.81072	-71.4541	FALSE	FALSE	Pocasset Ave and Laurel Hill Ave, Providence, RI, USA	Med High	Raw	NA	FALSE	41.81072	-71.4541	2023	February	Silver Lake	7	440070016024005
31	2023-02-25	889523	10:26:00	Pedestrian	1	NA	FALSE	FALSE	1	332 VALLEY ST	RILL ST	2023-02-25	Unknown	Dry	Daylight	Cloudy	Not a Collision Between Two Motor Vehicles in Transport	Yes	No Controls	1	1	Pain Reported	NA	41.82645	-71.4384	TRUE	FALSE	332 Valley Street, Providence, RI, USA	High	Raw	NA	FALSE	41.82645	-71.4384	2023	February	Valley	12	440070022002017
32	2023-02-25	889549	18:32:00	Pedestrian	1	NA	FALSE	FALSE	1	PLAINFIELD ST	ATWOOD ST	2023-02-25	Two-Way , Not Divided	Wet	Dark - Lighted	Sleet, Hail (Freezing Rain or Drizzle)	Not a Collision Between Two Motor Vehicles in Transport	No	No Controls	2	1	Pain Reported	NA	41.81606	-71.44491	FALSE	FALSE	Plainfield Street and Atwood Street, Providence, RI, USA	Med High	Raw	NA	FALSE	41.81606	-71.44491	2023	February	Olneyville	15	440070016011000
29	2023-03-01	890631	17:51:00	Pedestrian	1	NA	FALSE	FALSE	1	5 ELMWOOD AVE	ELMWOOD AVE	2023-03-01	Two-Way , Not Divided	Dry	Daylight	Clear	Not a Collision Between Two Motor Vehicles in Transport	Yes	No Controls	1	1	Pain Reported	NA	NA	NA	TRUE	FALSE	5 Elmwood Ave, Providence, RI, USA	High	Neither	raw coords null but geocoded coords found	TRUE	41.81253	-71.42234	2023	March	West End	11	440070012003000
28	2023-03-02	890675	22:14:00	Pedestrian	1	NA	FALSE	FALSE	1	CHAPIN AVE	PARADE ST	2023-03-02	Two-Way , Not Divided	Dry	Dark - Lighted	Clear	Not a Collision Between Two Motor Vehicles in Transport	No	Unknown	3	0	No Injury	NA	41.81189	-71.43117	FALSE	FALSE	Chapin Ave and Parade Street, Providence, RI, USA	Med High	Raw	NA	FALSE	41.81189	-71.43117	2023	March	West End	13	440070013001006
27	2023-03-03	890693	18:03:00	Pedestrian	1	NA	FALSE	FALSE	1	ELMWOOD AVE	POTTERS AVE	2023-03-03	Two-Way , Not Divided	Dry	Dark - Lighted	Clear	Not a Collision Between Two Motor Vehicles in Transport	Yes	No Controls	1	0	No Injury	NA	41.80078	-71.42652	FALSE	FALSE	Elmwood Ave and Potters Ave, Providence, RI, USA	Med High	Raw	NA	FALSE	41.80078	-71.42652	2023	March	West End	9	440070003012009
26	2023-03-04	890733	22:45:00	Pedestrian	1	NA	FALSE	FALSE	1	BROAD ST	FRICKER ST	2023-03-04	Two-Way, Divided, Unprotected (painted>4feet) Medium	Wet	Dark - Lighted	Cloudy	Not a Collision Between Two Motor Vehicles in Transport	Yes	No Controls	2	1	Non-Incapacitating	NA	41.81528	-71.42066	FALSE	FALSE	Broad Street and Fricker Street, Providence, RI, USA	Med	Raw	NA	FALSE	41.81528	-71.42066	2023	March	West End	11	440070007003004
24	2023-03-06	890759	08:30:00	Pedestrian	1	NA	FALSE	FALSE	1	ADMIRAL ST	DOUGLAS AVE	2023-03-06	Two-Way , Not Divided	Dry	Daylight	Clear	Not a Collision Between Two Motor Vehicles in Transport	No	Traffic Control Signal	4	1	Pain Reported	NA	41.84606	-71.42902	FALSE	FALSE	Admiral Street and Douglas Ave, Providence, RI, USA	Med High	Raw	NA	FALSE	41.84606	-71.42902	2023	March	Wanskuck	14	440070027001007
25	2023-03-06	890782	18:56:00	Pedestrian	1	NA	FALSE	FALSE	1	ELM ST.	EDDY ST.	2023-03-06	Two-Way , Not Divided	Dry	Dark - Lighted	Clear	Not a Collision Between Two Motor Vehicles in Transport	No	Stop Signs	3	1	Pain Reported	NA	NA	NA	FALSE	FALSE	Elm St. and Eddy St., Providence, RI, USA	Med	Geocoded	raw coords null but geocoded coords found	TRUE	41.8182644	-71.4074549	2023	March	Downtown	1	440070006001001
23	2023-03-07	890820	19:28:00	Pedestrian	1	NA	FALSE	FALSE	1	BROAD ST.	FRICKER ST	2023-03-07	Two-Way , Not Divided	Dry	Dark - Lighted	Clear	Not a Collision Between Two Motor Vehicles in Transport	Yes	No Controls	3	1	Pain Reported	NA	41.81528	-71.42066	FALSE	FALSE	Broad St. and Fricker Street, Providence, RI, USA	Med High	Raw	NA	FALSE	41.81528	-71.42066	2023	March	West End	11	440070007003004
22	2023-03-14	890973	11:13:00	Pedestrian	1	NA	FALSE	FALSE	1	ROCHAMBEAU AVE	CAMP ST	2023-03-14	Two-Way , Not Divided	Wet	Daylight	Rain	Not a Collision Between Two Motor Vehicles in Transport	No	Stop Signs	4	1	Pain Reported	NA	41.84645	-71.40074	FALSE	FALSE	Rochambeau Ave and Camp Street, Providence, RI, USA	Med High	Raw	NA	FALSE	41.84645	-71.40074	2023	March	Mount Hope	3	440070033003022
21	2023-03-16	891003	08:09:00	Pedestrian	1	NA	FALSE	FALSE	1	BROADWAY	KNIGHT ST	2023-03-16	Two-Way , Not Divided	Dry	Daylight	Clear	Not a Collision Between Two Motor Vehicles in Transport	No	Traffic Control Signal	3	1	Pain Reported	NA	41.8198	-71.42936	FALSE	FALSE	Broadway and Knight Street, Providence, RI, USA	Med	Raw	NA	FALSE	41.8198	-71.42936	2023	March	Federal Hill	13	440070011001015
20	2023-03-18	891094	12:35:00	Pedestrian	2	NA	FALSE	FALSE	1	10 Sims Ave	NA	2023-03-18	Two-Way , Not Divided	Dry	Daylight	Clear	Not a Collision Between Two Motor Vehicles in Transport	No	No Controls	5	2	Pain Reported	NA	NA	NA	TRUE	TRUE	10 Sims Ave, Providence, RI, USA	High	Neither	raw coords null but geocoded coords found	TRUE	41.82708	-71.43369	2023	March	Valley	13	440070025003028
18	2023-03-19	891110	21:33:00	Pedestrian	1	NA	FALSE	FALSE	1	ATWELLS AVE	NEWTON ST	2023-03-19	Two-Way , Not Divided	Dry	Dark - Lighted	Clear	Not a Collision Between Two Motor Vehicles in Transport	Yes	No Controls	1	1	Pain Reported	NA	41.82327	-71.42236	FALSE	FALSE	Atwells Ave and Newton Street, Providence, RI, USA	Med High	Raw	NA	FALSE	41.82327	-71.42236	2023	March	Federal Hill	13	440070009001047