row_number	crash_date	crash_report_id	crash_time	collision_type	count_pedestrian	count_bicycle	scooter	wheel_chair	number_of_vehicles	street_or_highway	nearest_intersection	report_date	type_of_roadway	road_surface_condition	light_condition	weather_condition	manner_of_impact	hit_and_run	traffic_control	person_count	injury_count	most_serious_injury	number_of_lanes	lat_raw	lon_raw	has_st_number	is_intersection_null	address_sent_to_geocoder	api_coord_conf	best_coordinate_set	reason_for_qa	manually_qaed_record	final_lat	final_lon	year	month	pvd_nhood	pvd_wards	geoid20
175	2023-10-04	901789	06:17:00	Pedestrian	1	NA	FALSE	FALSE	1	N MAIN ST	Pleasant St	2023-10-04	One-Way Trafficway	Dry	Dawn	Clear	Not a Collision Between Two Motor Vehicles in Transport	Yes	No Controls	1	1	Fatal	NA	41.83921	-71.40904	FALSE	FALSE	N Main Street and Pleasant Street, Providence, RI, USA	NA	Raw	NA	FALSE	41.83921	-71.40904	2023	October	Mount Hope	3	440070031002010
176	2023-10-05	901826	00:12:00	Pedestrian	1	NA	FALSE	FALSE	1	Eaton Street	Pembroke Ave	2023-10-05	Two-Way , Not Divided	Dry	Dark - Lighted	Clear	Not a Collision Between Two Motor Vehicles in Transport	No	No Controls	3	1	Pain Reported	NA	41.8411	-71.42942	FALSE	FALSE	Eaton Street and Pembroke Ave, Providence, RI, USA	NA	Raw	NA	FALSE	41.8411	-71.42942	2023	October	Elmhurst	14	440070027004014
177	2023-10-06	901924	17:16:00	Other	NA	1	TRUE	FALSE	1	CUSHING ST	HOPE ST	2023-10-07	Two-Way , Not Divided	Dry	Daylight	Clear	Not a Collision Between Two Motor Vehicles in Transport	No	Pavement Markings	3	0	No Injury	NA	41.83018	-71.39871	FALSE	FALSE	Cushing Street and Hope Street, Providence, RI, USA	NA	Raw	NA	FALSE	41.83018	-71.39871	2023	October	College Hill	2	440070036011006
178	2023-10-06	901880	20:46:00	Other	NA	NA	TRUE	FALSE	3	THAYER ST	BOWEN ST	2023-10-06	One-Way Trafficway	Dry	Daylight	Clear	Sideswipe, Same Direction	Yes	No Controls	3	0	No Injury	NA	41.83049	-71.40096	FALSE	FALSE	Thayer Street and Bowen Street, Providence, RI, USA	NA	Raw	NA	FALSE	41.83049	-71.40096	2023	October	College Hill	2	440070036011009
179	2023-10-07	901939	01:37:00	Pedestrian	1	NA	FALSE	FALSE	1	CHARLES ST	CORLISS ST	2023-10-07	One-Way Trafficway	Wet	Dark - Lighted	Rain	Not a Collision Between Two Motor Vehicles in Transport	Yes	No Controls	2	0	No Injury	NA	41.83855	-71.41511	FALSE	FALSE	Charles Street and Corliss Street, Providence, RI, USA	NA	Raw	NA	FALSE	41.83855	-71.41511	2023	October	Mount Hope	4	440070029004031
180	2023-10-09	901984	02:32:00	Pedestrian	2	NA	TRUE	FALSE	1	THAYER ST	BENEVOLENT ST	2023-10-09	Two-Way , Not Divided	Dry	Dark - Lighted	Clear	Rear End(Front-to-Rear)	Yes	No Controls	2	2	Pain Reported	NA	41.82476	-71.40027	FALSE	FALSE	Thayer Street and Benevolent Street, Providence, RI, USA	NA	Raw	NA	FALSE	41.82476	-71.40027	2023	October	College Hill	2	440070036011026
181	2023-10-09	901997	16:27:00	Bicycle	NA	NA	FALSE	FALSE	1	VALLEY ST	RIVER AVE	2023-10-09	Two-Way , Not Divided	Dry	Daylight	Clear	Head-On (Front - to - Front)	No	No Controls	3	1	Pain Reported	NA	41.8281	-71.43491	FALSE	FALSE	Valley Street and River Ave, Providence, RI, USA	NA	Raw	NA	FALSE	41.8281	-71.43491	2023	October	Valley	12	440070022002007
182	2023-10-09	902028	20:07:00	Pedestrian	1	NA	FALSE	FALSE	1	ALBRO ST	220 ATWELLS AVE	2023-10-10	One-Way Trafficway	Dry	Dark - Lighted	Clear	Not a Collision Between Two Motor Vehicles in Transport	No	No Controls	3	1	Pain Reported	NA	41.82316	-71.42482	FALSE	FALSE	Albro Street and 220 Atwells Ave, Providence, RI, USA	NA	Raw	NA	FALSE	41.82316	-71.42482	2023	October	Federal Hill	13	440070009001026
183	2023-10-11	902062	09:13:00	Bicycle	NA	1	FALSE	FALSE	1	CHARLES ST	CORLISS ST	2023-10-11	One-Way Trafficway	Dry	Daylight	Clear	Not a Collision Between Two Motor Vehicles in Transport	No	No Controls	3	1	Fatal	NA	41.83837	-71.4149	FALSE	FALSE	Charles Street and Corliss Street, Providence, RI, USA	NA	Raw	NA	FALSE	41.83837	-71.4149	2023	October	Mount Hope	4	440070029004031
184	2023-10-12	902091	07:43:00	Pedestrian	1	NA	FALSE	FALSE	1	PINE ST	SOMERSET ST	2023-10-12	One-Way Trafficway	Dry	Daylight	Clear	Not a Collision Between Two Motor Vehicles in Transport	No	Pavement Markings	3	1	Pain Reported	NA	41.81246	-71.41959	FALSE	FALSE	Pine Street and Somerset Street, Providence, RI, USA	NA	Raw	NA	FALSE	41.81246	-71.41959	2023	October	Upper South Providence	11	440070007003018
185	2023-10-14	902163	13:03:00	Bicycle	NA	NA	FALSE	FALSE	2	BROAD ST	ATLANTIC AVE	2023-10-14	Two-Way , Not Divided	Dry	Daylight	Cloudy	Angle (Front - to - Side) Right Angle (Includes Broadside)	No	No Controls	2	1	Incapacitating	NA	41.79957	-71.41636	FALSE	FALSE	Broad Street and Atlantic Ave, Providence, RI, USA	NA	Raw	NA	FALSE	41.79957	-71.41636	2023	October	Elmwood	10	440070005002006
186	2023-10-18	902291	16:02:00	Other	NA	1	TRUE	FALSE	1	WATERMAN ST	BENEFIT ST	2023-10-18	One-Way Trafficway	Dry	Daylight	Clear	Not a Collision Between Two Motor Vehicles in Transport	No	Traffic Control Signal	3	1	Pain Reported	NA	41.82725	-71.40751	FALSE	FALSE	Waterman Street and Benefit Street, Providence, RI, USA	NA	Raw	NA	FALSE	41.82725	-71.40751	2023	October	College Hill	2	440070036023019
187	2023-10-19	902333	18:16:00	Pedestrian	1	NA	FALSE	FALSE	1	COLE AVE	GORTON ST	2023-10-19	Two-Way , Not Divided	Dry	Dark - Not Lighted	Clear	Not a Collision Between Two Motor Vehicles in Transport	Yes	No Controls	1	0	No Injury	2	41.84415	-71.3892	FALSE	FALSE	Cole Ave and Gorton Street, Providence, RI, USA	NA	Raw	NA	FALSE	41.84415	-71.3892	2023	October	Blackstone	2	440070034002016
188	2023-10-22	904392	10:53:00	Bicycle	1	NA	FALSE	FALSE	1	PUBLIC ST	ELMWOOD AVE	2023-10-22	Two-Way , Not Divided	Dry	Daylight	Clear	Not a Collision Between Two Motor Vehicles in Transport	No	Traffic Control Signal	4	1	Pain Reported	NA	41.80222	-71.42547	FALSE	FALSE	Public Street and Elmwood Ave, Providence, RI, USA	NA	Raw	distance greater than 100m	TRUE	41.80222	-71.42547	2023	October	Elmwood	9	440070003023007
189	2023-10-23	904424	15:10:00	Bicycle	NA	1	FALSE	FALSE	1	BOSWORTH ST	MANTON AVE	2023-10-23	Two-Way , Not Divided	Dry	Daylight	Clear	Not a Collision Between Two Motor Vehicles in Transport	No	Pavement Markings	2	1	Pain Reported	NA	41.82216	-71.44947	FALSE	FALSE	Bosworth Street and Manton Ave, Providence, RI, USA	NA	Raw	NA	FALSE	41.82216	-71.44947	2023	October	Olneyville	15	440070019005008
190	2023-10-24	904458	16:03:00	Pedestrian	1	NA	FALSE	FALSE	1	MAGNOLIA ST.	BANCROFT ST	2023-10-24	Two-Way , Not Divided	Dry	Daylight	Clear	Not a Collision Between Two Motor Vehicles in Transport	No	Stop Signs	3	1	Pain Reported	NA	41.81255	-71.4475	FALSE	FALSE	Magnolia St. and Bancroft Street, Providence, RI, USA	NA	Raw	NA	FALSE	41.81255	-71.4475	2023	October	Silver Lake	15	440070016012017
191	2023-10-25	904481	21:58:00	Pedestrian	1	NA	FALSE	TRUE	1	OXFORD ST	HARRIET ST	2023-10-25	Two-Way , Not Divided	Dry	Dark - Lighted	Clear	Not a Collision Between Two Motor Vehicles in Transport	No	No Controls	3	0	Unknown	NA	41.80175	-71.4124	FALSE	FALSE	Oxford Street and Harriet Street, Providence, RI, USA	NA	Raw	NA	FALSE	41.80175	-71.4124	2023	October	Lower South Providence	11	440070004003007
192	2023-10-26	904494	17:21:00	Bicycle	NA	1	FALSE	FALSE	1	ADELAIDE AVE	ELMWOOD AVE	2023-10-26	Two-Way , Not Divided	Dry	Daylight	Clear	Not a Collision Between Two Motor Vehicles in Transport	No	No Controls	2	1	Pain Reported	NA	41.79634	-71.42352	FALSE	FALSE	Adelaide Ave and Elmwood Ave, Providence, RI, USA	NA	Raw	distance greater than 100m	TRUE	41.79634	-71.42352	2023	October	Elmwood	9	440070002001011
193	2023-10-26	904483	08:07:00	Pedestrian	1	NA	TRUE	FALSE	1	STATE ST	ORMS ST EXIT 23	2023-10-26	Two-Way , Not Divided	Dry	Daylight	Clear	Not a Collision Between Two Motor Vehicles in Transport	No	Traffic Control Signal	3	1	Pain Reported	NA	41.83472	-71.41432	FALSE	FALSE	State Street and Orms St Exit 23, Providence, RI, USA	NA	Raw	NA	FALSE	41.83472	-71.41432	2023	October	Downtown	12	440070031003034
194	2023-10-26	904490	17:11:00	Bicycle	NA	1	FALSE	FALSE	1	Broadway	ATWELLS AVE	2023-10-26	Two-Way , Not Divided	Wet	Daylight	Clear	Not a Collision Between Two Motor Vehicles in Transport	No	No Controls	3	1	Non-Incapacitating	NA	41.8224	-71.418450000000007	FALSE	FALSE	Broadway and Atwells Ave, Providence, RI, USA	NA	Raw	NA	FALSE	41.8224	-71.418450000000007	2023	October	Downtown	1	440070008001065
195	2023-10-28	904561	16:55:00	Pedestrian	1	NA	TRUE	FALSE	1	WATERMAN ST	PROSPECT ST	2023-10-28	Two-Way , Not Divided	Dry	Daylight	Clear	Angle (Front - to - Side) Opposite Direction	No	Traffic Control Signal	3	1	Non-Incapacitating	NA	41.82691	-71.40472	FALSE	FALSE	Waterman Street and Prospect Street, Providence, RI, USA	NA	Raw	NA	FALSE	41.82691	-71.40472	2023	October	College Hill	2	440070036023032
196	2023-10-29	904627	13:24:00	Bicycle	NA	1	FALSE	FALSE	1	BOWEN ST	THAYER ST	2023-10-31	One-Way Trafficway	Wet	Daylight	Rain	Angle (Front - to - Side) Right Angle (Includes Broadside)	No	Stop Signs	4	0	No Injury	NA	41.83084	-71.401	FALSE	FALSE	Bowen Street and Thayer Street, Providence, RI, USA	NA	Raw	NA	FALSE	41.83084	-71.401	2023	October	College Hill	2	440070036011004
197	2023-10-30	904602	09:33:00	Pedestrian	2	NA	FALSE	FALSE	1	SMITHFIELD AVE	SILVER SPRING ST	2023-10-30	Two-Way , Not Divided	Wet	Daylight	Rain	Not a Collision Between Two Motor Vehicles in Transport	No	Traffic Control Signal	4	2	Incapacitating	NA	41.85653	-71.41046	FALSE	FALSE	Smithfield Ave and Silver Spring Street, Providence, RI, USA	NA	Raw	NA	FALSE	41.85653	-71.41046	2023	October	Charles	4	440070029001028
198	2023-10-30	904611	17:18:00	Pedestrian	1	NA	FALSE	FALSE	1	Smith St.	CHALKSTONE AVE	2023-10-30	Two-Way , Not Divided	Dry	Daylight	Clear	Not a Collision Between Two Motor Vehicles in Transport	Yes	No Controls	1	1	Pain Reported	NA	41.83524	-71.42572	FALSE	FALSE	Smith St. and Chalkstone Ave, Providence, RI, USA	NA	Raw	NA	FALSE	41.83524	-71.42572	2023	October	Smith Hill	12	440070026003014
199	2023-10-31	904622	06:07:00	Bicycle	NA	1	FALSE	FALSE	1	VALLEY ST	RIVER AVE	2023-10-31	Two-Way , Not Divided	Dry	Dusk	Clear	Angle (Front - to - Side) Same Direction	No	No Controls	3	1	Non-Incapacitating	NA	41.82796	-71.43516	FALSE	FALSE	Valley Street and River Ave, Providence, RI, USA	NA	Raw	NA	FALSE	41.82796	-71.43516	2023	October	Valley	12	440070022002007
200	2023-11-03	904718	12:57:00	Pedestrian	1	NA	TRUE	FALSE	1	BROAD ST	CAHIR ST	2023-11-03	Two-Way, Not Divided With a Continuous Left Turn Lane	Dry	Daylight	Clear	Angle (Front - to - Side) Right Angle (Includes Broadside)	Yes	Traffic Control Signal	2	1	Pain Reported	NA	41.81692	-71.41795	FALSE	FALSE	Broad Street and Cahir Street, Providence, RI, USA	NA	Raw	NA	FALSE	41.81692	-71.41795	2023	November	Upper South Providence	11	440070007003002
201	2023-11-03	904753	21:33:00	Pedestrian	1	NA	FALSE	FALSE	1	BROOK ST	WATERMAN ST	2023-11-04	Two-Way , Not Divided	Dry	Dark - Lighted	Clear	Not a Collision Between Two Motor Vehicles in Transport	No	No Controls	2	1	Pain Reported	2	41.82695	-71.39925	FALSE	FALSE	Brook Street and Waterman Street, Providence, RI, USA	NA	Raw	NA	FALSE	41.82695	-71.39925	2023	November	College Hill	1	440070036011023
202	2023-11-05	904784	17:57:00	Pedestrian	1	NA	FALSE	FALSE	1	UNION AVE	WHITEHALL ST	2023-11-05	Two-Way , Not Divided	Dry	Dark - Lighted	Clear	Not a Collision Between Two Motor Vehicles in Transport	No	No Controls	2	1	Pain Reported	2	NA	NA	FALSE	FALSE	Union Ave and Whitehall Street, Providence, RI, USA	NA	Geocoded	raw coords null but geocoded coords found	TRUE	41.8078048	-71.4439058	2023	November	Silver Lake	15	440070016021009
203	2023-11-06	904807	22:32:00	Other	NA	NA	TRUE	FALSE	2	NARRAGANSETT BLVD	NARRAGANSETT BLVD	2023-11-07	Two-Way , Not Divided	Dry	Dark - Lighted	Clear	Not a Collision Between Two Motor Vehicles in Transport	Yes	No Controls	3	0	Unknown	NA	41.78621	-71.39507	FALSE	FALSE	Narragansett Blvd and Narragansett Blvd, Providence, RI, USA	NA	Raw	distance greater than 100m	TRUE	41.78621	-71.39507	2023	November	Washington Park	10	440070001011020
204	2023-11-06	904804	18:32:00	Pedestrian	1	NA	FALSE	FALSE	1	176 Thayer St	MANNING WALK	2023-11-06	One-Way Trafficway	Dry	Dark - Lighted	Clear	Not a Collision Between Two Motor Vehicles in Transport	No	No Controls	2	1	Pain Reported	NA	41.82616	-71.40043	TRUE	FALSE	176 Thayer Street, Providence, RI, USA	NA	Raw	NA	FALSE	41.82616	-71.40043	2023	November	College Hill	1	440070036011022
205	2023-11-08	904840	08:50:00	Pedestrian	1	NA	TRUE	FALSE	1	SMITH ST	CHALKSTONE AVE	2023-11-08	Two-Way , Not Divided	Dry	Daylight	Clear	Not a Collision Between Two Motor Vehicles in Transport	No	No Controls	3	1	Pain Reported	NA	41.83524	-71.42573	FALSE	FALSE	Smith Street and Chalkstone Ave, Providence, RI, USA	NA	Raw	NA	FALSE	41.83524	-71.42573	2023	November	Smith Hill	12	440070026003014
206	2023-11-09	904895	16:52:00	Pedestrian	1	NA	FALSE	FALSE	1	CRANSTON ST	BENEDICT ST	2023-11-09	Two-Way , Not Divided	Dry	Dusk	Clear	Not a Collision Between Two Motor Vehicles in Transport	No	No Controls	3	1	Pain Reported	NA	41.80547	-71.43723	FALSE	FALSE	Cranston Street and Benedict Street, Providence, RI, USA	NA	Raw	NA	FALSE	41.80547	-71.43723	2023	November	West End	8	440070014005014
207	2023-11-13	905008	20:02:00	Bicycle	NA	1	FALSE	FALSE	1	280 BROAD STREET	PEARL ST	2023-11-13	Two-Way , Not Divided	Dry	Dark - Lighted	Clear	Not a Collision Between Two Motor Vehicles in Transport	No	No Controls	2	1	Incapacitating	NA	41.81487	-71.42089	TRUE	FALSE	280 Broad Street, Providence, RI, USA	NA	Raw	NA	FALSE	41.81487	-71.42089	2023	November	West End	11	440070012001003
208	2023-11-16	905068	12:27:00	Bicycle	1	NA	FALSE	FALSE	1	BROAD ST	MONTGOMERY AVE	2023-11-16	Two-Way , Not Divided	Dry	Daylight	Clear	Not a Collision Between Two Motor Vehicles in Transport	No	Pavement Markings	2	1	Pain Reported	NA	41.78591	-71.40167	FALSE	FALSE	Broad Street and Montgomery Ave, Providence, RI, USA	NA	Raw	NA	FALSE	41.78591	-71.40167	2023	November	NA	10	440070001014011
209	2023-11-20	906193	17:27:00	Pedestrian	1	NA	FALSE	FALSE	1	BROAD ST	BROAD ST	2023-11-20	Two-Way , Not Divided	Dry	Dark - Lighted	Clear	Not a Collision Between Two Motor Vehicles in Transport	No	Pavement Markings	2	1	Pain Reported	NA	41.80704	-71.42018	FALSE	FALSE	Broad Street and Broad Street, Providence, RI, USA	NA	Raw	distance greater than 100m	TRUE	41.80704	-71.42018	2023	November	Elmwood	11	440070004001011
210	2023-11-23	906279	17:01:00	Bicycle	NA	NA	FALSE	FALSE	2	South Water St	JAMES ST	2023-11-23	One-Way Trafficway	Dry	Dark - Lighted	Clear	Sideswipe, Same Direction	Yes	No Controls	1	0	No Injury	NA	41.82053	-71.40425	FALSE	FALSE	South Water Street and James Street, Providence, RI, USA	NA	Raw	NA	FALSE	41.82053	-71.40425	2023	November	Downtown	1	440070037002027
211	2023-11-24	906305	20:55:00	Bicycle	NA	1	FALSE	FALSE	1	Admiral Street	Berkshire Street	2023-11-24	Two-Way , Not Divided	Dry	Dark - Lighted	Clear	Not a Collision Between Two Motor Vehicles in Transport	No	Stop Signs	3	1	Pain Reported	NA	41.84418	-71.42372	FALSE	FALSE	Admiral Street and Berkshire Street, Providence, RI, USA	NA	Raw	NA	FALSE	41.84418	-71.42372	2023	November	Wanskuck	4	440070027002015
212	2023-11-24	906287	06:05:00	Pedestrian	1	NA	FALSE	FALSE	1	BROADWAY	SUTTON ST	2023-11-24	Two-Way , Not Divided	Dry	Dark - Lighted	Clear	Not a Collision Between Two Motor Vehicles in Transport	Yes	No Controls	1	1	Fatal	NA	41.82021	-71.42762	FALSE	FALSE	Broadway and Sutton Street, Providence, RI, USA	NA	Raw	distance greater than 100m	TRUE	41.82021	-71.42762	2023	November	Federal Hill	13	440070011001009
213	2023-11-25	906318	15:03:00	Bicycle	NA	1	FALSE	FALSE	1	PLAINFIELD ST	PLAINFIELD ST	2023-11-25	Two-Way , Not Divided	Dry	Daylight	Clear	Not a Collision Between Two Motor Vehicles in Transport	No	Pavement Markings	3	1	Pain Reported	NA	41.81501	-71.44633	FALSE	FALSE	Plainfield Street and Plainfield Street, Providence, RI, USA	NA	Raw	distance greater than 100m	TRUE	41.81501	-71.44633	2023	November	Silver Lake	15	440070016012010
214	2023-11-30	906463	16:23:00	Other	NA	NA	TRUE	FALSE	1	ALBRO ST	ATWELLS AVE	2023-11-30	One-Way Trafficway	Dry	Daylight	Clear	Not a Collision Between Two Motor Vehicles in Transport	No	No Controls	2	1	Non-Incapacitating	NA	41.82344	-71.42479	FALSE	FALSE	Albro Street and Atwells Ave, Providence, RI, USA	NA	Raw	NA	FALSE	41.82344	-71.42479	2023	November	Federal Hill	13	440070009001020
215	2023-11-30	906459	17:33:00	Pedestrian	1	NA	FALSE	FALSE	1	DOUGLAS AVENUE	RIVER AVE	2023-11-30	Two-Way, Divided, Unprotected (painted>4feet) Medium	Dry	Dark - Lighted	Clear	Not a Collision Between Two Motor Vehicles in Transport	No	No Controls	2	0	No Injury	NA	41.85288	-71.43734	FALSE	FALSE	Douglas Avenue and River Ave, Providence, RI, USA	NA	Raw	NA	FALSE	41.85288	-71.43734	2023	November	Wanskuck	14	440070028021019
216	2023-11-30	906467	17:31:00	Bicycle	NA	1	FALSE	FALSE	1	ANGELL ST	BROOK ST	2023-11-30	One-Way Trafficway	Dry	Dark - Unknown Lighting	Clear	Not a Collision Between Two Motor Vehicles in Transport	Yes	Unknown	1	1	Non-Incapacitating	NA	41.82821	-71.39947	FALSE	FALSE	Angell Street and Brook Street, Providence, RI, USA	NA	Raw	NA	FALSE	41.82821	-71.39947	2023	November	College Hill	2	440070036011014
217	2023-12-01	906506	19:06:00	Bicycle	NA	1	FALSE	FALSE	1	Potters Ave.	CHAMBERS ST	2023-12-01	Two-Way , Not Divided	Dry	Dark - Lighted	Clear	Rear End(Front-to-Rear)	No	No Controls	2	1	Pain Reported	NA	41.80334	-71.43299	FALSE	FALSE	Potters Ave. and Chambers Street, Providence, RI, USA	NA	Raw	NA	FALSE	41.80334	-71.43299	2023	December	West End	8	440070014004009
218	2023-12-01	906486	08:43:00	Pedestrian	1	NA	FALSE	FALSE	1	350 Plainfield Street	WEBSTER AVE	2023-12-01	Two-Way , Not Divided	Dry	Daylight	Clear	Other	No	No Controls	3	1	Pain Reported	NA	41.81366	-71.45067	TRUE	FALSE	350 Plainfield Street, Providence, RI, USA	NA	Raw	NA	FALSE	41.81366	-71.45067	2023	December	Silver Lake	15	440070016011011
219	2023-12-01	906500	16:38:00	Pedestrian	1	NA	FALSE	FALSE	1	WASHINGTON ST	SERVICE ROAD 8	2023-12-01	Two-Way , Not Divided	Wet	Dark - Lighted	Clear	Not a Collision Between Two Motor Vehicles in Transport	No	Pavement Markings	3	1	Pain Reported	NA	41.82021	-71.41885	FALSE	FALSE	Washington Street and Service Road 8, Providence, RI, USA	NA	Raw	distance greater than 100m	TRUE	41.82021	-71.41885	2023	December	Downtown	1	440070008001068
220	2023-12-01	906499	16:14:00	Bicycle	NA	NA	FALSE	FALSE	1	Hartford Ave.	HARTFORD AVE	2023-12-01	Two-Way , Not Divided	Dry	Daylight	Cloudy	Not a Collision Between Two Motor Vehicles in Transport	No	No Controls	3	1	Pain Reported	NA	41.81761	-71.45341	FALSE	FALSE	Hartford Ave. and Hartford Ave, Providence, RI, USA	NA	Raw	distance greater than 100m	TRUE	41.81761	-71.45341	2023	December	Hartford	7	440070018002022
221	2023-12-03	906558	18:25:00	Pedestrian	1	NA	FALSE	FALSE	1	MEMORIAL BLVD	EXCHANGE ST	2023-12-03	Two-Way, Divided, Positive Median Barrier	Wet	Daylight	Rain	Not a Collision Between Two Motor Vehicles in Transport	No	Pavement Markings	3	1	Pain Reported	NA	41.8269	-71.41213	FALSE	FALSE	Memorial Blvd and Exchange Street, Providence, RI, USA	NA	Raw	NA	FALSE	41.8269	-71.41213	2023	December	Downtown	1	440070008001033
222	2023-12-03	906571	08:33:00	Pedestrian	1	NA	FALSE	FALSE	1	OAKLAND AVE	PLEASANT VALLEY PKWY	2023-12-04	Two-Way , Not Divided	Wet	Daylight	Clear	Not a Collision Between Two Motor Vehicles in Transport	Yes	Pavement Markings	3	1	Pain Reported	NA	41.83567	-71.43045	FALSE	FALSE	Oakland Ave and Pleasant Valley Pkwy, Providence, RI, USA	NA	Raw	NA	FALSE	41.83567	-71.43045	2023	December	Elmhurst	12	440070025001007
223	2023-12-05	906609	11:56:00	Bicycle	NA	1	FALSE	FALSE	1	BROAD ST	SOMERSET ST	2023-12-05	Two-Way , Not Divided	Dry	Daylight	Cloudy	Not a Collision Between Two Motor Vehicles in Transport	No	Stop Signs	2	1	Pain Reported	NA	41.81347	-71.42158	FALSE	FALSE	Broad Street and Somerset Street, Providence, RI, USA	NA	Raw	NA	FALSE	41.81347	-71.42158	2023	December	West End	11	440070007003019
224	2023-12-07	906679	16:20:00	Pedestrian	1	NA	FALSE	FALSE	1	COOKE ST	ANGELL ST	2023-12-07	Two-Way , Not Divided	Dry	Dark - Not Lighted	Clear	Not a Collision Between Two Motor Vehicles in Transport	No	Pavement Markings	3	1	Pain Reported	NA	41.82875	-71.39548	FALSE	FALSE	Cooke Street and Angell Street, Providence, RI, USA	NA	Raw	NA	FALSE	41.82875	-71.39548	2023	December	College Hill	1	440070036011012
225	2023-12-07	906692	22:31:00	Pedestrian	1	NA	FALSE	FALSE	1	Thayer Street	MEETING ST	2023-12-07	One-Way Trafficway	Dry	Dark - Lighted	Clear	Not a Collision Between Two Motor Vehicles in Transport	Yes	Stop Signs	1	1	Non-Incapacitating	NA	41.829	-71.40077	FALSE	FALSE	Thayer Street and Meeting Street, Providence, RI, USA	NA	Raw	NA	FALSE	41.829	-71.40077	2023	December	College Hill	2	440070036011015
226	2023-12-08	906720	19:35:00	Pedestrian	1	NA	FALSE	FALSE	1	NORTH MAIN ST	N MAIN ST	2023-12-08	Two-Way, Divided, Positive Median Barrier	Dry	Dark - Lighted	Clear	Not a Collision Between Two Motor Vehicles in Transport	Yes	No Controls	4	1	Pain Reported	NA	41.83921	-71.40904	FALSE	FALSE	North Main Street and N Main Street, Providence, RI, USA	NA	Raw	distance greater than 100m	TRUE	41.83921	-71.40904	2023	December	Mount Hope	3	440070031002010
227	2023-12-10	906768	20:38:00	Pedestrian	1	NA	FALSE	FALSE	1	PUBLIC ST	BROAD ST	2023-12-10	Two-Way , Not Divided	Wet	Dark - Lighted	Rain	Not a Collision Between Two Motor Vehicles in Transport	Yes	Pavement Markings	1	1	Pain Reported	NA	41.80442	-71.41935	FALSE	FALSE	Public Street and Broad Street, Providence, RI, USA	NA	Raw	NA	FALSE	41.80442	-71.41935	2023	December	Elmwood	11	440070004002006
228	2023-12-10	906934	01:42:00	Pedestrian	1	NA	FALSE	FALSE	1	valley St	BROADWAY	2023-12-15	Two-Way, Divided, Unprotected (painted>4feet) Medium	Dry	Dark - Lighted	Clear	Not a Collision Between Two Motor Vehicles in Transport	Yes	No Controls	4	1	Pain Reported	NA	41.81703	-71.44096	FALSE	FALSE	Valley Street and Broadway, Providence, RI, USA	NA	Raw	NA	FALSE	41.81703	-71.44096	2023	December	Olneyville	15	440070019001018
229	2023-12-12	906810	13:19:00	Pedestrian	1	NA	FALSE	FALSE	1	BROAD ST	SERVICE ROAD 7	2023-12-12	One-Way Trafficway	Dry	Daylight	Clear	Not a Collision Between Two Motor Vehicles in Transport	Yes	Traffic Control Signal	1	1	Pain Reported	NA	41.81736	-71.41696	FALSE	FALSE	Broad Street and Service Road 7, Providence, RI, USA	NA	Raw	NA	FALSE	41.81736	-71.41696	2023	December	Upper South Providence	11	440070007003001
230	2023-12-12	906838	18:37:00	Pedestrian	1	NA	TRUE	FALSE	1	NORTH MAIN ST	N MAIN ST	2023-12-12	Two-Way, Divided, Positive Median Barrier	Dry	Dark - Lighted	Clear	Not a Collision Between Two Motor Vehicles in Transport	No	Pavement Markings	3	1	Non-Incapacitating	NA	41.84578	-71.40564	FALSE	FALSE	North Main Street and N Main Street, Providence, RI, USA	NA	Raw	distance greater than 100m	TRUE	41.84578	-71.40564	2023	December	Mount Hope	3	440070032004006
231	2023-12-13	906851	08:01:00	Pedestrian	1	NA	FALSE	FALSE	1	W FOUNTAIN ST	DEAN ST	2023-12-13	Two-Way , Not Divided	Dry	Daylight	Clear	Not a Collision Between Two Motor Vehicles in Transport	No	Pavement Markings	2	0	No Injury	NA	41.81929	-71.4212	FALSE	FALSE	W Fountain Street and Dean Street, Providence, RI, USA	NA	Raw	NA	FALSE	41.81929	-71.4212	2023	December	Federal Hill	13	440070011002013
232	2023-12-14	906883	05:55:00	Bicycle	NA	1	FALSE	FALSE	1	CRANSTON ST	BRIDGHAM ST	2023-12-14	Two-Way , Not Divided	Dry	Dawn	Clear	Not a Collision Between Two Motor Vehicles in Transport	No	Traffic Control Signal	2	1	Pain Reported	NA	41.81396	-71.42694	FALSE	FALSE	Cranston Street and Bridgham Street, Providence, RI, USA	NA	Raw	NA	FALSE	41.81396	-71.42694	2023	December	West End	13	440070012001001
233	2023-12-15	906967	21:55:00	Pedestrian	1	NA	FALSE	FALSE	1	ATWELLS AVE	KNIGHT ST	2023-12-15	Two-Way , Not Divided	Dry	Dark - Lighted	Clear	Not a Collision Between Two Motor Vehicles in Transport	No	Pavement Markings	2	1	Pain Reported	NA	41.82399	-71.43232	FALSE	FALSE	Atwells Ave and Knight Street, Providence, RI, USA	NA	Raw	NA	FALSE	41.82399	-71.43232	2023	December	Federal Hill	13	440070009001009
234	2023-12-15	906966	22:02:00	Pedestrian	1	NA	FALSE	FALSE	1	SWAN ST	EDDY ST	2023-12-15	Two-Way , Not Divided	Dry	Dark - Lighted	Clear	Not a Collision Between Two Motor Vehicles in Transport	No	No Controls	2	1	Pain Reported	NA	41.80464	-71.40705	FALSE	FALSE	Swan Street and Eddy Street, Providence, RI, USA	NA	Raw	NA	FALSE	41.80464	-71.40705	2023	December	Lower South Providence	11	440070006001078