row_number	crash_date	crash_report_id	crash_time	collision_type	count_pedestrian	count_bicycle	scooter	wheel_chair	number_of_vehicles	street_or_highway	nearest_intersection	report_date	type_of_roadway	road_surface_condition	light_condition	weather_condition	manner_of_impact	hit_and_run	traffic_control	person_count	injury_count	most_serious_injury	number_of_lanes	lat_raw	lon_raw	has_st_number	is_intersection_null	address_sent_to_geocoder	api_coord_conf	best_coordinate_set	reason_for_qa	manually_qaed_record	final_lat	final_lon	year	month	pvd_nhood	pvd_wards	geoid20
53	2024-03-20	909571	16:14:00	Pedestrian	1	NA	FALSE	FALSE	1	DUDLEY ST	PLAIN ST	2024-03-20	Two-Way , Not Divided	Wet	Daylight	Rain	Not a Collision Between Two Motor Vehicles in Transport	No	Pavement Markings	5	1	Pain Reported	NA	41.81022	-71.41121	FALSE	FALSE	Dudley Street and Plain Street, Providence, RI, USA	NA	Raw	NA	FALSE	41.81022	-71.41121	2024	March	Upper South Providence	11	440070006001065
54	2024-03-20	909581	19:09:00	Pedestrian	1	NA	FALSE	FALSE	1	SAYLES ST	PRAIRIE AVE	2024-03-20	Two-Way , Not Divided	Wet	Dark - Lighted	Rain	Not a Collision Between Two Motor Vehicles in Transport	Yes	Pavement Markings	1	1	Pain Reported	NA	41.80264	-71.41358	FALSE	FALSE	Sayles Street and Prairie Ave, Providence, RI, USA	NA	Raw	NA	FALSE	41.80264	-71.41358	2024	March	Lower South Providence	11	440070004003009
56	2024-03-21	909662	17:40:00	Pedestrian	2	NA	FALSE	FALSE	1	Laurel Hill Ave	PLAINFIELD ST	2024-03-23	Two-Way, Divided, Unprotected (painted>4feet) Medium	Dry	Daylight	Clear	Sideswipe, Same Direction	Yes	No Controls	2	2	Pain Reported	NA	41.81321	-71.45542	FALSE	FALSE	Laurel Hill Ave and Plainfield Street, Providence, RI, USA	NA	Raw	NA	FALSE	41.81321	-71.45542	2024	March	Silver Lake	7	440070016013008
57	2024-03-24	909680	10:07:00	Pedestrian	1	NA	FALSE	FALSE	1	60 Valley St	SCHOOL ST	2024-03-24	Two-Way , Not Divided	Dry	Daylight	Clear	Not a Collision Between Two Motor Vehicles in Transport	No	No Controls	3	0	No Injury	2	41.81896	-71.44059	TRUE	FALSE	60 Valley Street, Providence, RI, USA	NA	Raw	distance greater than 100m	TRUE	41.81896	-71.44059	2024	March	Olneyville	15	440070019001017
58	2024-03-25	909717	17:04:00	Other	NA	NA	TRUE	FALSE	2	BLACKSTONE BLVD	ROCHAMBEAU AVE	2024-03-25	Two-Way, Divided, Positive Median Barrier	Dry	Daylight	Clear	Rear End(Front-to-Rear)	No	No Controls	2	0	No Injury	NA	41.84554	-71.38722	FALSE	FALSE	Blackstone Blvd and Rochambeau Ave, Providence, RI, USA	NA	Raw	NA	FALSE	41.84554	-71.38722	2024	March	Blackstone	2	440070034001005
59	2024-03-27	909782	18:31:00	Bicycle	NA	1	TRUE	FALSE	1	VALLEY ST	SCHOOL ST	2024-03-27	Unknown	Dry	Dusk	Clear	Not a Collision Between Two Motor Vehicles in Transport	No	No Controls	2	1	Pain Reported	NA	41.81894	-71.4406	FALSE	FALSE	Valley Street and School Street, Providence, RI, USA	NA	Raw	NA	FALSE	41.81894	-71.4406	2024	March	Olneyville	15	440070019001017
60	2024-03-28	909834	20:28:00	Pedestrian	1	NA	FALSE	FALSE	1	CHARLES ST	SILVER SPRING ST	2024-03-28	Two-Way, Divided, Unprotected (painted>4feet) Medium	Wet	Dark - Lighted	Rain	Not a Collision Between Two Motor Vehicles in Transport	No	No Controls	2	0	No Injury	NA	41.84481	-71.4187	FALSE	FALSE	Charles Street and Silver Spring Street, Providence, RI, USA	NA	Raw	NA	FALSE	41.84481	-71.4187	2024	March	Charles	4	440070029004023
61	2024-03-29	909853	14:12:00	Pedestrian	1	NA	FALSE	FALSE	1	F C GREENE MEMORIAL BLVD	F C GREENE MEMORIAL BLVD	2024-03-29	Two-Way, Divided, Positive Median Barrier	Dry	Daylight	Clear	Not a Collision Between Two Motor Vehicles in Transport	No	Pavement Markings	4	1	Pain Reported	NA	41.78035	-71.4162	FALSE	FALSE	F C Greene Memorial Blvd and F C Greene Memorial Blvd, Providence, RI, USA	NA	Raw	distance greater than 100m	TRUE	41.78035	-71.4162	2024	March	South Elmwood	9	440070001022036
62	2024-04-01	909942	06:53:00	Bicycle	NA	1	FALSE	FALSE	1	NORTH MAIN ST	STENTON AVE	2024-04-01	Two-Way , Not Divided	Dry	Daylight	Clear	Other	No	Stop Signs	2	1	Pain Reported	NA	41.84922	-71.40349	FALSE	FALSE	North Main Street and Stenton Ave, Providence, RI, USA	NA	Raw	NA	FALSE	41.84922	-71.40349	2024	April	Mount Hope	3	440070033003005
63	2024-04-03	909986	00:54:00	Pedestrian	1	NA	FALSE	FALSE	1	387 Charles Street	Ramp	2024-04-03	Two-Way , Not Divided	Wet	Dark - Lighted	Clear	Not a Collision Between Two Motor Vehicles in Transport	No	Traffic Control Signal	3	1	Pain Reported	NA	41.84214	-71.41783	TRUE	FALSE	387 Charles Street, Providence, RI, USA	NA	Raw	distance greater than 100m	TRUE	41.84214	-71.41783	2024	April	Charles	4	440070029004011
64	2024-04-03	910015	19:19:00	Pedestrian	1	NA	FALSE	FALSE	1	PROSPECT ST	COLLEGE ST	2024-04-03	Two-Way , Not Divided	Wet	Dark - Lighted	Rain	Not a Collision Between Two Motor Vehicles in Transport	No	No Controls	2	1	Pain Reported	NA	41.82572	-71.40456	FALSE	FALSE	Prospect Street and College Street, Providence, RI, USA	NA	Raw	NA	FALSE	41.82572	-71.40456	2024	April	College Hill	2	440070036023025
65	2024-04-04	910060	16:23:00	Pedestrian	1	NA	FALSE	FALSE	1	MEMORIAL BLVD	FRANCIS ST	2024-04-04	Two-Way, Divided, Positive Median Barrier	Wet	Daylight	Rain	Not a Collision Between Two Motor Vehicles in Transport	No	No Controls	2	1	Pain Reported	NA	41.8259	-71.41535	FALSE	FALSE	Memorial Blvd and Francis Street, Providence, RI, USA	NA	Raw	NA	FALSE	41.8259	-71.41535	2024	April	Downtown	12	440070008001035
66	2024-04-08	910172	16:24:00	Pedestrian	1	NA	FALSE	FALSE	1	BROAD ST	BROAD ST	2024-04-08	Two-Way , Not Divided	Dry	Daylight	Clear	Not a Collision Between Two Motor Vehicles in Transport	No	Pavement Markings	3	1	Pain Reported	NA	41.81418	-71.42128	FALSE	FALSE	Broad Street and Broad Street, Providence, RI, USA	NA	Raw	distance greater than 100m	TRUE	41.81418	-71.42128	2024	April	West End	11	440070012001005
67	2024-04-09	910253	19:20:00	Bicycle	NA	1	FALSE	FALSE	1	BAYARD ST	4TH ST	2024-04-11	Two-Way , Not Divided	Dry	Daylight	Clear	Not a Collision Between Two Motor Vehicles in Transport	No	Stop Signs	2	1	Pain Reported	NA	41.84979	-71.39626	FALSE	FALSE	Bayard Street and 4th Street, Providence, RI, USA	NA	Raw	NA	FALSE	41.84979	-71.39626	2024	April	Hope	3	440070033002012
68	2024-04-10	910236	23:05:00	Pedestrian	1	NA	FALSE	FALSE	1	CHARLES ST	W RIVER ST	2024-04-11	One-Way Trafficway	Wet	Dark - Lighted	Clear	Angle (Front - to - Side) Opposite Direction	No	Unknown	2	1	Pain Reported	NA	41.83961	-71.41638	FALSE	FALSE	Charles Street and W River Street, Providence, RI, USA	NA	Raw	NA	FALSE	41.83961	-71.41638	2024	April	Mount Hope	4	440070029004030
69	2024-04-11	910247	12:55:00	Pedestrian	1	NA	FALSE	FALSE	1	BROAD ST	FRICKER ST	2024-04-11	Two-Way , Not Divided	Wet	Daylight	Rain	Not a Collision Between Two Motor Vehicles in Transport	No	No Controls	4	1	Pain Reported	NA	41.81517	-71.42073	FALSE	FALSE	Broad Street and Fricker Street, Providence, RI, USA	NA	Raw	NA	FALSE	41.81517	-71.42073	2024	April	West End	11	440070012001003
70	2024-04-11	910260	16:15:00	Bicycle	NA	1	FALSE	FALSE	1	PLENTY ST	PLENTY ST	2024-04-11	Two-Way , Not Divided	Dry	Daylight	Clear	Not a Collision Between Two Motor Vehicles in Transport	No	Traffic Control Signal	2	1	Pain Reported	NA	41.80725	-71.42024	FALSE	FALSE	Plenty Street and Plenty Street, Providence, RI, USA	NA	Raw	distance greater than 100m	TRUE	41.80725	-71.42024	2024	April	Elmwood	11	440070004001010
71	2024-04-13	910310	04:51:00	Bicycle	NA	1	FALSE	FALSE	1	DEXTER ST	BUCKLIN ST	2024-04-13	Two-Way , Not Divided	Dry	Dark - Lighted	Clear	Rear End(Front-to-Rear)	Yes	Unknown	2	1	Non-Incapacitating	NA	41.80909	-71.42803	FALSE	FALSE	Dexter Street and Bucklin Street, Providence, RI, USA	NA	Raw	NA	FALSE	41.80909	-71.42803	2024	April	West End	8	440070012003013
72	2024-04-15	910366	10:57:00	Pedestrian	1	NA	FALSE	FALSE	1	1000 Elmwood Ave	NA	2024-04-15	Unknown	Dry	Daylight	Clear	Not a Collision Between Two Motor Vehicles in Transport	Yes	No Controls	2	1	Pain Reported	NA	NA	NA	TRUE	TRUE	1000 Elmwood Ave, Providence, RI, USA	NA	Geocoded	raw coords null but geocoded coords found	TRUE	41.7842216	-71.4185877	2024	April	South Elmwood	9	440070001024004
73	2024-04-17	910415	15:49:00	Bicycle	NA	1	FALSE	FALSE	1	CHALKSTONE AVE	PEKIN ST	2024-04-17	Two-Way , Not Divided	Dry	Daylight	Clear	Rear End(Front-to-Rear)	Yes	No Controls	1	1	Pain Reported	NA	41.83575	-71.42368	FALSE	FALSE	Chalkstone Ave and Pekin Street, Providence, RI, USA	NA	Raw	NA	FALSE	41.83575	-71.42368	2024	April	Smith Hill	12	440070026002015
74	2024-04-18	910436	13:05:00	Pedestrian	1	NA	FALSE	FALSE	1	BOWEN ST.	HOPE ST	2024-04-18	Two-Way , Not Divided	Dry	Daylight	Clear	Not a Collision Between Two Motor Vehicles in Transport	Yes	Stop Signs	2	1	Pain Reported	NA	41.83091	-71.39923	FALSE	FALSE	Bowen St. and Hope Street, Providence, RI, USA	NA	Raw	NA	FALSE	41.83091	-71.39923	2024	April	College Hill	2	440070036011006
75	2024-04-20	910465	01:09:00	Pedestrian	1	NA	FALSE	FALSE	1	LIVINGSTON ST	DRYDEN LN	2024-04-20	Unknown	Dry	Dark - Lighted	Clear	Not a Collision Between Two Motor Vehicles in Transport	Yes	No Controls	3	1	Pain Reported	NA	41.8416	-71.40992	FALSE	FALSE	Livingston Street and Dryden Ln, Providence, RI, USA	NA	Raw	NA	FALSE	41.8416	-71.40992	2024	April	Mount Hope	3	440070031003003
76	2024-04-20	910468	02:37:00	Bicycle	NA	1	FALSE	FALSE	1	SHELDON ST	BROOK ST	2024-04-20	Two-Way , Not Divided	Wet	Dark - Lighted	Cloudy	Not a Collision Between Two Motor Vehicles in Transport	No	Stop Signs	3	1	Non-Incapacitating	NA	41.81998	-71.39833	FALSE	FALSE	Sheldon Street and Brook Street, Providence, RI, USA	NA	Raw	NA	FALSE	41.81998	-71.39833	2024	April	Fox Point	1	440070037003011
77	2024-04-21	910506	18:12:00	Other	1	NA	TRUE	FALSE	1	HOPE ST	12TH ST	2024-04-21	Two-Way , Not Divided	Dry	Daylight	Clear	Not a Collision Between Two Motor Vehicles in Transport	No	No Controls	5	1	Pain Reported	NA	41.85582	-71.39165	FALSE	FALSE	Hope Street and 12th Street, Providence, RI, USA	NA	Raw	NA	FALSE	41.85582	-71.39165	2024	April	Hope	3	440070033001010
78	2024-04-22	910520	10:11:00	Pedestrian	1	NA	FALSE	FALSE	1	GEORGE ST	HOPE ST	2024-04-22	Two-Way , Not Divided	Dry	Daylight	Clear	Not a Collision Between Two Motor Vehicles in Transport	Yes	Stop Signs	1	0	No Injury	2	41.82579	-71.39727	FALSE	FALSE	George Street and Hope Street, Providence, RI, USA	NA	Raw	NA	FALSE	41.82579	-71.39727	2024	April	College Hill	1	440070036013005
79	2024-04-27	910675	17:47:00	Bicycle	NA	1	FALSE	FALSE	1	WESTMINSTER ST	WINTER ST	2024-04-27	Two-Way , Not Divided	Dry	Daylight	Clear	Not a Collision Between Two Motor Vehicles in Transport	No	Traffic Control Signal	2	1	Pain Reported	NA	NA	NA	FALSE	FALSE	Westminster Street and Winter Street, Providence, RI, USA	NA	Neither	raw coords null but geocoded coords found	TRUE	41.81742	-71.42234	2024	April	West End	13	440070011002022
80	2024-04-29	910769	14:59:00	Bicycle	NA	1	FALSE	FALSE	1	INDIA ST	S MAIN ST	2024-04-30	Two-Way , Not Divided	Dry	Daylight	Clear	Not a Collision Between Two Motor Vehicles in Transport	Yes	No Controls	1	1	Pain Reported	NA	41.81698	-71.39774	FALSE	FALSE	India Street and S Main Street, Providence, RI, USA	NA	Raw	NA	FALSE	41.81698	-71.39774	2024	April	Fox Point	1	440070037002004
81	2024-05-03	910855	12:18:00	Pedestrian	1	NA	FALSE	FALSE	1	BROAD ST	PORTLAND ST	2024-05-03	Two-Way , Not Divided	Dry	Daylight	Cloudy	Not a Collision Between Two Motor Vehicles in Transport	No	No Controls	2	1	Pain Reported	NA	41.81416	-71.42129	FALSE	FALSE	Broad Street and Portland Street, Providence, RI, USA	NA	Raw	NA	FALSE	41.81416	-71.42129	2024	May	West End	11	440070007003013
82	2024-05-04	910908	11:30:00	Pedestrian	1	NA	FALSE	FALSE	1	Salter St	Nelson St	2024-05-04	Two-Way , Not Divided	Dry	Daylight	Clear	Not a Collision Between Two Motor Vehicles in Transport	Yes	No Controls	1	1	Pain Reported	2	NA	NA	FALSE	FALSE	Salter Street and Nelson Street, Providence, RI, USA	NA	Geocoded	raw coords null but geocoded coords found	TRUE	41.8450631	-71.4444202	2024	May	Elmhurst	14	440070024005006
83	2024-05-06	910996	06:36:00	Pedestrian	1	NA	FALSE	FALSE	1	BROAD ST	OXFORD ST	2024-05-06	Two-Way , Not Divided	Dry	Dawn	Clear	Not a Collision Between Two Motor Vehicles in Transport	Yes	No Controls	1	1	Pain Reported	NA	41.80048	-71.41748	FALSE	FALSE	Broad Street and Oxford Street, Providence, RI, USA	NA	Raw	NA	FALSE	41.80048	-71.41748	2024	May	Elmwood	9	440070004004011
84	2024-05-07	911014	07:17:00	Pedestrian	1	NA	FALSE	FALSE	1	ATWELLS AVE	SUTTON ST	2024-05-07	Two-Way , Not Divided	Dry	Daylight	Clear	Not a Collision Between Two Motor Vehicles in Transport	No	Pavement Markings	3	1	Pain Reported	NA	41.82378	-71.42953	FALSE	FALSE	Atwells Ave and Sutton Street, Providence, RI, USA	NA	Raw	NA	FALSE	41.82378	-71.42953	2024	May	Federal Hill	13	440070009001014
85	2024-05-08	911050	16:22:00	Bicycle	NA	1	FALSE	FALSE	1	PUBLIC ST	BROAD ST	2024-05-08	Two-Way , Not Divided	Dry	Daylight	Cloudy	Not a Collision Between Two Motor Vehicles in Transport	No	Pavement Markings	4	1	Pain Reported	NA	41.80442	-71.41935	FALSE	FALSE	Public Street and Broad Street, Providence, RI, USA	NA	Raw	NA	FALSE	41.80442	-71.41935	2024	May	Elmwood	11	440070004002006
86	2024-05-10	911115	19:37:00	Bicycle	NA	1	FALSE	FALSE	1	BROADWAY	EMPIRE ST	2024-05-10	Two-Way, Divided, Unprotected (painted>4feet) Medium	Dry	Daylight	Clear	Not a Collision Between Two Motor Vehicles in Transport	No	Traffic Control Signal	2	1	Pain Reported	NA	41.82257	-71.41746	FALSE	FALSE	Broadway and Empire Street, Providence, RI, USA	NA	Raw	NA	FALSE	41.82257	-71.41746	2024	May	Downtown	1	440070008001058
87	2024-05-12	911188	21:04:00	Pedestrian	2	NA	FALSE	FALSE	1	245 ATWELLS AVE	NA	2024-05-12	Two-Way , Not Divided	Wet	Dark - Lighted	Cloudy	Not a Collision Between Two Motor Vehicles in Transport	No	No Controls	3	0	No Injury	NA	NA	NA	TRUE	TRUE	245 Atwells Ave, Providence, RI, USA	NA	Neither	raw coords null but geocoded coords found	TRUE	41.82358	-71.42619	2024	May	Federal Hill	13	440070009001019
88	2024-05-14	911226	02:04:00	Pedestrian	1	NA	FALSE	FALSE	1	KENNEDY PLZ	DORRANCE ST	2024-05-14	Two-Way, Divided, Unprotected (painted>4feet) Medium	Dry	Dark - Lighted	Clear	Not a Collision Between Two Motor Vehicles in Transport	No	No Controls	3	2	Pain Reported	NA	41.82414	-71.41234	FALSE	FALSE	Kennedy Plz and Dorrance Street, Providence, RI, USA	NA	Raw	NA	FALSE	41.82414	-71.41234	2024	May	Downtown	1	440070008003016
89	2024-05-15	911285	16:22:00	Bicycle	NA	1	FALSE	FALSE	1	Planet Street	S Main Street	2024-05-15	One-Way Trafficway	Wet	Dusk	Rain	Not a Collision Between Two Motor Vehicles in Transport	No	Stop Signs	2	1	Pain Reported	NA	41.82317	-71.40585	FALSE	FALSE	Planet Street and S Main Street, Providence, RI, USA	NA	Raw	NA	FALSE	41.82317	-71.40585	2024	May	Downtown	1	440070036021005
90	2024-05-16	911314	05:23:00	Pedestrian	1	NA	FALSE	FALSE	1	CRANSTON ST	BENEDICT ST	2024-05-16	Two-Way , Not Divided	Wet	Dusk	Rain	Other	No	No Controls	2	1	Pain Reported	NA	41.80537	-71.43736	FALSE	FALSE	Cranston Street and Benedict Street, Providence, RI, USA	NA	Raw	NA	FALSE	41.80537	-71.43736	2024	May	West End	8	440070014005014
91	2024-05-20	911446	16:48:00	Pedestrian	1	NA	FALSE	FALSE	1	Douglas/ Henrietta St	NA	2024-05-20	Two-Way , Not Divided	Dry	Daylight	Clear	Not a Collision Between Two Motor Vehicles in Transport	No	No Controls	2	1	Pain Reported	NA	NA	NA	FALSE	TRUE	Douglas/ Henrietta Street, Providence, RI, USA	NA	Geocoded	raw coords null but geocoded coords found	TRUE	41.8544229	-71.43963959999999	2024	May	Wanskuck	4	440070028021017
92	2024-05-21	911491	16:10:00	Pedestrian	1	NA	FALSE	FALSE	1	GLADSTONE ST.	BAXTER ST	2024-05-21	Two-Way , Not Divided	Dry	Daylight	Clear	Not a Collision Between Two Motor Vehicles in Transport	No	No Controls	3	1	Pain Reported	NA	41.80267	-71.41862	FALSE	FALSE	Gladstone St. and Baxter Street, Providence, RI, USA	NA	Geocoded	distance greater than 100m	TRUE	41.80318630000001	-71.4164725	2024	May	Lower South Providence	10	440070004004004
93	2024-05-21	911496	17:34:00	Pedestrian	1	NA	TRUE	FALSE	1	BROAD ST.	BROAD ST	2024-05-21	Two-Way , Not Divided	Dry	Daylight	Clear	Not a Collision Between Two Motor Vehicles in Transport	Yes	No Controls	3	1	Pain Reported	NA	41.79941	-71.41617	FALSE	FALSE	Broad St. and Broad Street, Providence, RI, USA	NA	Raw	distance greater than 100m	TRUE	41.79941	-71.41617	2024	May	Elmwood	9	440070005002006
94	2024-05-22	911511	12:09:00	Pedestrian	1	NA	FALSE	FALSE	1	Wickenden St	Traverse St	2024-05-22	Two-Way , Not Divided	Dry	Daylight	Clear	Not a Collision Between Two Motor Vehicles in Transport	Yes	Pavement Markings	2	1	Pain Reported	2	NA	NA	FALSE	FALSE	Wickenden Street and Traverse Street, Providence, RI, USA	NA	Geocoded	raw coords null but geocoded coords found	TRUE	41.8193244	-71.399659	2024	May	Fox Point	1	440070037004017
95	2024-05-22	911523	15:32:00	Pedestrian	1	NA	FALSE	FALSE	4	HOLLIS ST.	CRANSTON ST	2024-05-22	Two-Way , Not Divided	Dry	Daylight	Clear	Angle (Front - to - Side) Opposite Direction	Yes	No Controls	6	1	Pain Reported	NA	41.81083	-71.43177	FALSE	FALSE	Hollis St. and Cranston Street, Providence, RI, USA	NA	Raw	NA	FALSE	41.81083	-71.43177	2024	May	West End	8	440070014001002
96	2024-05-22	911536	19:50:00	Pedestrian	1	NA	FALSE	FALSE	1	Eddy Street	Applegate Lane	2024-05-22	Two-Way , Not Divided	Dry	Daylight	Clear	Not a Collision Between Two Motor Vehicles in Transport	Yes	Unknown	1	1	Pain Reported	NA	41.79893	-71.40554	FALSE	FALSE	Eddy Street and Applegate Lane, Providence, RI, USA	NA	Raw	NA	FALSE	41.79893	-71.40554	2024	May	Lower South Providence	10	440070006001103
97	2024-05-22	911679	17:07:00	Bicycle	NA	1	FALSE	FALSE	1	FREMONT ST	GANO ST	2024-05-27	Two-Way , Not Divided	Dry	Daylight	Clear	Not a Collision Between Two Motor Vehicles in Transport	No	Stop Signs	2	1	Non-Incapacitating	NA	41.8225	-71.3899	FALSE	FALSE	Fremont Street and Gano Street, Providence, RI, USA	NA	Raw	NA	FALSE	41.8225	-71.3899	2024	May	Fox Point	1	440070037001002
98	2024-05-24	911577	11:53:00	Pedestrian	1	NA	FALSE	FALSE	1	285 governor st	ANGELL ST	2024-05-24	Unknown	Dry	Daylight	Clear	Not a Collision Between Two Motor Vehicles in Transport	No	No Controls	2	0	No Injury	1	41.82867	-71.39392	TRUE	FALSE	285 Governor Street, Providence, RI, USA	NA	Raw	NA	FALSE	41.82867	-71.39392	2024	May	College Hill	1	440070036012001
99	2024-05-24	911589	16:20:00	Pedestrian	1	NA	FALSE	FALSE	1	ELMWOOD AVE	ELMWOOD AVE	2024-05-24	Two-Way , Not Divided	Dry	Daylight	Clear	Not a Collision Between Two Motor Vehicles in Transport	No	Pavement Markings	2	1	Pain Reported	NA	41.80698	-71.42488	FALSE	FALSE	Elmwood Ave and Elmwood Ave, Providence, RI, USA	NA	Raw	distance greater than 100m	TRUE	41.80698	-71.42488	2024	May	West End	9	440070003021004
100	2024-05-25	911629	16:47:00	Pedestrian	1	NA	TRUE	FALSE	1	TROY ST	DIKE ST	2024-05-25	Two-Way , Not Divided	Dry	Daylight	Clear	Not a Collision Between Two Motor Vehicles in Transport	Yes	Stop Signs	2	1	Pain Reported	NA	41.81561	-71.44149	FALSE	FALSE	Troy Street and Dike Street, Providence, RI, USA	NA	Raw	NA	FALSE	41.81561	-71.44149	2024	May	Olneyville	15	440070016012003
101	2024-05-25	911630	17:06:00	Pedestrian	1	NA	FALSE	FALSE	1	ADELAIDE AVE	BROAD ST	2024-05-25	Two-Way , Not Divided	Dry	Daylight	Clear	Not a Collision Between Two Motor Vehicles in Transport	Yes	Traffic Control Signal	4	1	Pain Reported	NA	41.79885	-71.41547	FALSE	FALSE	Adelaide Ave and Broad Street, Providence, RI, USA	NA	Raw	NA	FALSE	41.79885	-71.41547	2024	May	Elmwood	9	440070005002007
102	2024-05-26	911652	11:50:00	Bicycle	NA	1	FALSE	FALSE	1	ELMWOOD AVE	CONGRESS AVE	2024-05-26	Two-Way , Not Divided	Dry	Daylight	Clear	Not a Collision Between Two Motor Vehicles in Transport	Yes	Pavement Markings	2	1	Pain Reported	NA	41.79854	-71.42629	FALSE	FALSE	Elmwood Ave and Congress Ave, Providence, RI, USA	NA	Raw	NA	FALSE	41.79854	-71.42629	2024	May	West End	9	440070003012014
103	2024-05-28	911692	09:40:00	Bicycle	NA	1	FALSE	FALSE	1	Broad St	LOCKWOOD ST	2024-05-28	Two-Way , Not Divided	Dry	Daylight	Clear	Angle (Front - to - Side) Right Angle (Includes Broadside)	Yes	No Controls	1	1	Pain Reported	NA	41.81539	-71.4206	FALSE	FALSE	Broad Street and Lockwood Street, Providence, RI, USA	NA	Raw	NA	FALSE	41.81539	-71.4206	2024	May	West End	11	440070007003003
104	2024-05-28	911706	15:12:00	Pedestrian	1	NA	FALSE	FALSE	1	DEAN ST	WASHINGTON ST	2024-05-28	Two-Way , Not Divided	Dry	Daylight	Clear	Not a Collision Between Two Motor Vehicles in Transport	No	Stop Signs	2	1	Pain Reported	NA	41.81905	-71.42073	FALSE	FALSE	Dean Street and Washington Street, Providence, RI, USA	NA	Raw	NA	FALSE	41.81905	-71.42073	2024	May	Federal Hill	13	440070011002010
105	2024-05-28	911712	16:45:00	Other	NA	NA	TRUE	FALSE	2	SMITH ST	OAKLAND AVE	2024-05-28	Two-Way, Divided, Unprotected (painted>4feet) Medium	Dry	Daylight	Clear	Sidwswipe, Opposite Direction	Yes	Traffic Control Signal	1	0	No Injury	NA	41.83621	-71.43041	FALSE	FALSE	Smith Street and Oakland Ave, Providence, RI, USA	NA	Raw	NA	FALSE	41.83621	-71.43041	2024	May	Elmhurst	12	440070026003013
106	2024-05-29	911729	07:41:00	Pedestrian	1	NA	FALSE	FALSE	1	Abbott St	Knowles St	2024-05-29	Two-Way , Not Divided	Dry	Daylight	Clear	Not a Collision Between Two Motor Vehicles in Transport	No	No Controls	3	1	Pain Reported	2	NA	NA	FALSE	FALSE	Abbott Street and Knowles Street, Providence, RI, USA	NA	Geocoded	raw coords null but geocoded coords found	TRUE	41.8428505	-71.404744	2024	May	Mount Hope	3	440070032004012
107	2024-05-30	911757	00:28:00	Pedestrian	1	NA	FALSE	FALSE	1	N MAIN ST	RANDALL ST	2024-05-30	Two-Way, Divided, Positive Median Barrier	Dry	Dark - Lighted	Cloudy	Not a Collision Between Two Motor Vehicles in Transport	No	Pavement Markings	2	1	Fatal	NA	41.83799	-71.40962	FALSE	FALSE	N Main Street and Randall Street, Providence, RI, USA	NA	Raw	NA	FALSE	41.83799	-71.40962	2024	May	Mount Hope	3	440070031004003
108	2024-05-30	911782	15:50:00	Bicycle	NA	1	FALSE	FALSE	1	CONGRESS AVE.	BROAD ST	2024-05-30	Two-Way , Not Divided	Dry	Daylight	Clear	Not a Collision Between Two Motor Vehicles in Transport	No	No Controls	2	0	No Injury	NA	41.801	-71.41812	FALSE	FALSE	Congress Ave. and Broad Street, Providence, RI, USA	NA	Raw	NA	FALSE	41.801	-71.41812	2024	May	Elmwood	9	440070003024002
109	2024-05-30	911821	21:28:00	Pedestrian	1	NA	FALSE	FALSE	1	PARK ST	PROMENADE ST	2024-05-31	One-Way Trafficway	Dry	Dark - Lighted	Clear	Not a Collision Between Two Motor Vehicles in Transport	Yes	Other	1	0	Unknown	NA	41.82797	-71.41761	FALSE	FALSE	Park Street and Promenade Street, Providence, RI, USA	NA	Raw	NA	FALSE	41.82797	-71.41761	2024	May	Downtown	12	440070008001031
110	2024-05-31	911809	14:34:00	Other	NA	NA	TRUE	FALSE	1	ELMWOOD AVE	PARKIS AVE	2024-05-31	Two-Way, Divided, Unprotected (painted>4feet) Medium	Dry	Daylight	Clear	Not a Collision Between Two Motor Vehicles in Transport	No	No Controls	2	0	No Injury	NA	41.8091	-71.42452	FALSE	FALSE	Elmwood Ave and Parkis Ave, Providence, RI, USA	NA	Raw	NA	FALSE	41.8091	-71.42452	2024	May	West End	11	440070003021001
111	2024-06-01	911852	22:48:00	Pedestrian	1	NA	FALSE	FALSE	1	MESSER ST	CRANSTON ST	2024-06-02	Two-Way, Divided, Unprotected (painted>4feet) Medium	Dry	Dark - Lighted	Clear	Not a Collision Between Two Motor Vehicles in Transport	Yes	Pavement Markings	2	1	Pain Reported	NA	41.80963	-71.43345	FALSE	FALSE	Messer Street and Cranston Street, Providence, RI, USA	NA	Raw	NA	FALSE	41.80963	-71.43345	2024	June	West End	8	440070013002008
112	2024-06-01	913969	21:07:00	Pedestrian	1	NA	FALSE	FALSE	1	WESTMINSTER ST	TOBEY ST	2024-07-05	Two-Way , Not Divided	Dry	Dark - Lighted	Clear	Not a Collision Between Two Motor Vehicles in Transport	Yes	No Controls	1	1	Pain Reported	NA	41.816160000000004	-71.43484	FALSE	FALSE	Westminster Street and Tobey Street, Providence, RI, USA	NA	Raw	NA	FALSE	41.816160000000004	-71.43484	2024	June	West End	13	440070010002007
113	2024-06-02	911863	09:41:00	Bicycle	NA	1	FALSE	FALSE	1	392 Cranston Street	PARADE ST	2024-06-02	Two-Way , Not Divided	Dry	Daylight	Clear	Other	Yes	No Controls	2	1	Pain Reported	NA	41.8118	-71.43114	TRUE	FALSE	392 Cranston Street, Providence, RI, USA	NA	Raw	NA	FALSE	41.8118	-71.43114	2024	June	West End	8	440070013002004