row_number	crash_date	crash_report_id	crash_time	collision_type	count_pedestrian	count_bicycle	scooter	wheel_chair	number_of_vehicles	street_or_highway	nearest_intersection	report_date	type_of_roadway	road_surface_condition	light_condition	weather_condition	manner_of_impact	hit_and_run	traffic_control	person_count	injury_count	most_serious_injury	number_of_lanes	lat_raw	lon_raw	has_st_number	is_intersection_null	address_sent_to_geocoder	api_coord_conf	best_coordinate_set	reason_for_qa	manually_qaed_record	final_lat	final_lon	year	month	pvd_nhood	pvd_wards	geoid20
114	2024-06-03	911903	15:03:00	Pedestrian	1	NA	TRUE	FALSE	1	NEWARK ST	VALLEY ST	2024-06-03	Two-Way , Not Divided	Dry	Daylight	Clear	Not a Collision Between Two Motor Vehicles in Transport	No	Traffic Control Signal	3	1	Pain Reported	NA	41.82521	-71.43931	FALSE	FALSE	Newark Street and Valley Street, Providence, RI, USA	NA	Raw	NA	FALSE	41.82521	-71.43931	2024	June	Valley	12	440070025003031
115	2024-06-03	911904	16:02:00	Pedestrian	1	NA	TRUE	FALSE	1	VALLEY ST.	HAROLD ST	2024-06-03	Two-Way , Not Divided	Dry	Daylight	Clear	Not a Collision Between Two Motor Vehicles in Transport	No	Traffic Control Signal	3	1	Pain Reported	NA	41.82674	-71.4379	FALSE	FALSE	Valley St. and Harold Street, Providence, RI, USA	NA	Raw	NA	FALSE	41.82674	-71.4379	2024	June	Valley	12	440070022002015
116	2024-06-04	911941	15:48:00	Pedestrian	1	NA	TRUE	FALSE	1	CHALKSTONE AVE	OAKLAND AVE	2024-06-04	Two-Way , Not Divided	Dry	Daylight	Clear	Not a Collision Between Two Motor Vehicles in Transport	No	No Controls	2	1	Pain Reported	NA	41.83404	-71.43095	FALSE	FALSE	Chalkstone Ave and Oakland Ave, Providence, RI, USA	NA	Raw	NA	FALSE	41.83404	-71.43095	2024	June	Valley	12	440070023002009
117	2024-06-04	911942	17:35:00	Other	NA	1	TRUE	FALSE	1	OCONNOR ST	CASS ST	2024-06-04	Two-Way , Not Divided	Dry	Daylight	Clear	Not a Collision Between Two Motor Vehicles in Transport	No	No Controls	3	1	Pain Reported	NA	41.79408	-71.40614	FALSE	FALSE	Oconnor Street and Cass Street, Providence, RI, USA	NA	Raw	NA	FALSE	41.79408	-71.40614	2024	June	Washington Park	10	440070001021001
118	2024-06-06	912006	18:32:00	Other	NA	1	TRUE	FALSE	1	OAKLAND AVE	PLEASANT VALLEY PKWY	2024-06-06	Two-Way , Not Divided	Dry	Daylight	Cloudy	Not a Collision Between Two Motor Vehicles in Transport	No	No Controls	3	1	Pain Reported	NA	41.83567	-71.43045	FALSE	FALSE	Oakland Ave and Pleasant Valley Pkwy, Providence, RI, USA	NA	Raw	NA	FALSE	41.83567	-71.43045	2024	June	Elmhurst	12	440070025001007
119	2024-06-08	912059	09:57:00	Pedestrian	1	NA	TRUE	FALSE	1	Brook	Power	2024-06-08	Two-Way , Not Divided	Dry	Daylight	Clear	Angle (Front - to - Side) Right Angle (Includes Broadside)	No	Stop Signs	5	1	Pain Reported	NA	NA	NA	FALSE	FALSE	Brook and Power, Providence, RI, USA	NA	Geocoded	raw coords null but geocoded coords found	TRUE	41.8230692	-71.39871049999999	2024	June	College Hill	1	440070036011032
120	2024-06-09	912101	18:05:00	Pedestrian	1	NA	FALSE	FALSE	1	POTTERS AVE	PRAIRIE AVE	2024-06-09	Two-Way , Not Divided	Dry	Daylight	Clear	Not a Collision Between Two Motor Vehicles in Transport	No	Stop Signs	3	1	Non-Incapacitating	NA	41.80409	-71.41419	FALSE	FALSE	Potters Ave and Prairie Ave, Providence, RI, USA	NA	Raw	NA	FALSE	41.80409	-71.41419	2024	June	Lower South Providence	11	440070004003002
121	2024-06-10	912125	13:19:00	Pedestrian	1	NA	FALSE	FALSE	1	SUPERIOR ST	CRANSTON ST	2024-06-10	Two-Way , Not Divided	Dry	Daylight	Clear	Not a Collision Between Two Motor Vehicles in Transport	No	No Controls	2	1	Pain Reported	NA	41.81043	-71.43263	FALSE	FALSE	Superior Street and Cranston Street, Providence, RI, USA	NA	Raw	NA	FALSE	41.81043	-71.43263	2024	June	West End	8	440070013002005
122	2024-06-11	912163	12:10:00	Pedestrian	1	NA	FALSE	FALSE	1	PINE ST	STEWART ST	2024-06-11	Two-Way , Not Divided	Dry	Daylight	Cloudy	Not a Collision Between Two Motor Vehicles in Transport	Yes	Stop Signs	2	1	Pain Reported	NA	41.81549	-71.4167	FALSE	FALSE	Pine Street and Stewart Street, Providence, RI, USA	NA	Raw	NA	FALSE	41.81549	-71.4167	2024	June	Upper South Providence	11	440070007003009
123	2024-06-11	912176	15:31:00	Pedestrian	1	NA	FALSE	FALSE	1	Thurbers Ave.	PRAIRIE AVE	2024-06-11	Two-Way , Not Divided	Dry	Daylight	Clear	Not a Collision Between Two Motor Vehicles in Transport	Yes	Unknown	1	1	Pain Reported	NA	41.79872	-71.41192	FALSE	FALSE	Thurbers Ave. and Prairie Ave, Providence, RI, USA	NA	Raw	NA	FALSE	41.79872	-71.41192	2024	June	Lower South Providence	10	440070005001018
124	2024-06-13	912277	23:04:00	Pedestrian	1	NA	FALSE	FALSE	1	Admiral Street	ADMIRAL ST EXIT	2024-06-14	Two-Way , Not Divided	Dry	Dark - Lighted	Clear	Not a Collision Between Two Motor Vehicles in Transport	No	Traffic Control Signal	3	1	Pain Reported	NA	41.84068	-71.41899	FALSE	FALSE	Admiral Street and Admiral Street Exit, Providence, RI, USA	NA	Raw	distance greater than 100m	TRUE	41.84068	-71.41899	2024	June	Smith Hill	4	440070027002012
125	2024-06-15	913313	10:58:00	Pedestrian	1	NA	FALSE	FALSE	1	Gallatin ST	EMERSON ST	2024-06-15	Two-Way , Not Divided	Dry	Daylight	Clear	Not a Collision Between Two Motor Vehicles in Transport	Yes	No Controls	1	0	No Injury	NA	41.79708	-71.41391	FALSE	FALSE	Gallatin Street and Emerson Street, Providence, RI, USA	NA	Geocoded	distance greater than 100m	TRUE	41.7966579	-71.415359	2024	June	Elmwood	9	440070002004004
126	2024-06-16	913341	10:42:00	Bicycle	NA	1	FALSE	FALSE	1	MEMORIAL BLVD	FRANCIS ST	2024-06-16	Two-Way, Divided, Positive Median Barrier	Dry	Daylight	Clear	Not a Collision Between Two Motor Vehicles in Transport	No	Traffic Control Signal	4	0	No Injury	NA	41.8259	-71.41535	FALSE	FALSE	Memorial Blvd and Francis Street, Providence, RI, USA	NA	Raw	NA	FALSE	41.8259	-71.41535	2024	June	Downtown	12	440070008001035
127	2024-06-18	913441	21:27:00	Pedestrian	1	NA	FALSE	FALSE	1	270 Broad Street	LOCKWOOD ST	2024-06-18	Two-Way , Not Divided	Dry	Dark - Lighted	Clear	Not a Collision Between Two Motor Vehicles in Transport	Yes	No Controls	1	1	Pain Reported	NA	41.8155	-71.42053	TRUE	FALSE	270 Broad Street, Providence, RI, USA	NA	Raw	NA	FALSE	41.8155	-71.42053	2024	June	West End	11	440070007003003
128	2024-06-20	913476	12:57:00	Bicycle	NA	1	FALSE	FALSE	1	FILLMORE ST	ADMIRAL ST	2024-06-20	Two-Way , Not Divided	Dry	Daylight	Clear	Not a Collision Between Two Motor Vehicles in Transport	No	Pavement Markings	2	1	Non-Incapacitating	NA	41.84081	-71.41986	FALSE	FALSE	Fillmore Street and Admiral Street, Providence, RI, USA	NA	Raw	NA	FALSE	41.84081	-71.41986	2024	June	Wanskuck	4	440070027002012
129	2024-06-20	913497	14:57:00	Pedestrian	1	NA	FALSE	FALSE	1	110 LOCKWOOD ST	PLAIN ST	2024-06-20	One-Way Trafficway	Dry	Daylight	Clear	Not a Collision Between Two Motor Vehicles in Transport	No	No Controls	3	1	Non-Incapacitating	NA	41.81153	-71.41171	TRUE	FALSE	110 Lockwood Street, Providence, RI, USA	NA	Neither	distance greater than 100m	TRUE	41.81236	-71.410675	2024	June	Upper South Providence	11	440070006001065
130	2024-06-22	913533	23:40:00	Other	1	NA	TRUE	FALSE	1	MANTON AVE	CHAFFEE ST	2024-06-22	Two-Way , Not Divided	Dry	Dark - Lighted	Clear	Not a Collision Between Two Motor Vehicles in Transport	Unknown	No Controls	1	1	Pain Reported	NA	41.81874	-71.44566	FALSE	FALSE	Manton Ave and Chaffee Street, Providence, RI, USA	NA	Raw	NA	FALSE	41.81874	-71.44566	2024	June	Olneyville	15	440070019002003
131	2024-06-22	913561	22:38:00	Bicycle	NA	1	FALSE	FALSE	1	BROAD ST	PEARL ST	2024-06-22	Two-Way, Divided, Unprotected (painted>4feet) Medium	Dry	Dark - Lighted	Cloudy	Not a Collision Between Two Motor Vehicles in Transport	Yes	No Controls	1	1	Pain Reported	NA	41.81475	-71.42095	FALSE	FALSE	Broad Street and Pearl Street, Providence, RI, USA	NA	Raw	NA	FALSE	41.81475	-71.42095	2024	June	West End	11	440070007003004
132	2024-06-24	913596	09:00:00	Bicycle	NA	NA	FALSE	FALSE	2	BROADWAY	MARSHALL ST	2024-06-24	Two-Way , Not Divided	Dry	Daylight	Clear	Angle (Front - to - Side) Right Angle (Includes Broadside)	No	No Controls	7	1	Pain Reported	NA	41.81906	-71.43249	FALSE	FALSE	Broadway and Marshall Street, Providence, RI, USA	NA	Raw	NA	FALSE	41.81906	-71.43249	2024	June	Federal Hill	13	440070010001004
133	2024-06-25	913640	15:32:00	Bicycle	NA	1	FALSE	FALSE	1	GALLATIN ST	EMERSON ST	2024-06-25	Two-Way , Not Divided	Dry	Daylight	Clear	Not a Collision Between Two Motor Vehicles in Transport	Yes	Pavement Markings	3	1	Pain Reported	NA	41.79721	-71.41344	FALSE	FALSE	Gallatin Street and Emerson Street, Providence, RI, USA	NA	Geocoded	distance greater than 100m	TRUE	41.7966579	-71.415359	2024	June	Elmwood	9	440070002004004
134	2024-06-25	913649	20:07:00	Pedestrian	1	NA	FALSE	FALSE	1	Francis Street	Gaspee Street	2024-06-25	Two-Way , Not Divided	Dry	Daylight	Clear	Not a Collision Between Two Motor Vehicles in Transport	Yes	No Controls	2	1	Pain Reported	NA	41.8289	-71.41531	FALSE	FALSE	Francis Street and Gaspee Street, Providence, RI, USA	NA	Raw	distance greater than 100m	TRUE	41.8289	-71.41531	2024	June	Downtown	12	440070008001010
135	2024-06-27	913703	16:03:00	Bicycle	NA	1	FALSE	FALSE	1	BROAD ST.	CLAVERICK ST	2024-06-27	Two-Way , Not Divided	Dry	Daylight	Clear	Not a Collision Between Two Motor Vehicles in Transport	No	Traffic Control Signal	3	1	Pain Reported	NA	41.81938	-71.41493	FALSE	FALSE	Broad St. and Claverick Street, Providence, RI, USA	NA	Raw	NA	FALSE	41.81938	-71.41493	2024	June	Downtown	1	440070008002004
136	2024-06-28	913723	07:11:00	Pedestrian	1	NA	FALSE	FALSE	1	MANTON AVE	FRUIT HILL AVE	2024-06-28	Two-Way , Not Divided	Dry	Daylight	Clear	Not a Collision Between Two Motor Vehicles in Transport	Yes	Traffic Control Signal	2	1	Pain Reported	NA	41.83388	-71.46783	FALSE	FALSE	Manton Ave and Fruit Hill Ave, Providence, RI, USA	NA	Raw	NA	FALSE	41.83388	-71.46783	2024	June	Manton	6	440070020002027
137	2024-06-30	913789	12:12:00	Bicycle	NA	1	FALSE	FALSE	1	POTTERS AVE	ELMWOOD AVE	2024-06-30	Two-Way , Not Divided	Dry	Daylight	Cloudy	Not a Collision Between Two Motor Vehicles in Transport	No	Traffic Control Signal	2	1	Non-Incapacitating	NA	41.80151	-71.42635	FALSE	FALSE	Potters Ave and Elmwood Ave, Providence, RI, USA	NA	Raw	NA	FALSE	41.80151	-71.42635	2024	June	West End	9	440070003022008
138	2024-07-01	913826	13:27:00	Bicycle	NA	1	FALSE	FALSE	1	Violet Street	Orms Street	2024-07-01	Two-Way, Divided, Unprotected (painted>4feet) Medium	Dry	Daylight	Clear	Not a Collision Between Two Motor Vehicles in Transport	No	No Controls	4	1	Pain Reported	1	NA	NA	FALSE	FALSE	Violet Street and Orms Street, Providence, RI, USA	NA	Geocoded	raw coords null but geocoded coords found	TRUE	41.8331177	-71.4262516	2024	July	Smith Hill	12	440070025001008
139	2024-07-02	913873	16:18:00	Pedestrian	1	NA	FALSE	FALSE	1	WAYLAND AVE	S ANGELL ST	2024-07-02	Two-Way , Not Divided	Dry	Daylight	Clear	Not a Collision Between Two Motor Vehicles in Transport	Yes	Traffic Control Signal	2	1	Pain Reported	NA	41.83003	-71.38795	FALSE	FALSE	Wayland Ave and S Angell Street, Providence, RI, USA	NA	Raw	NA	FALSE	41.83003	-71.38795	2024	July	Wayland	1	440070035003001
140	2024-07-02	913874	15:33:00	Bicycle	NA	NA	FALSE	FALSE	2	WESTMINSTER ST	CAHIR ST	2024-07-02	Two-Way, Divided, Positive Median Barrier	Dry	Daylight	Clear	Sideswipe, Same Direction	No	No Controls	3	0	No Injury	NA	41.81804	-71.42057	FALSE	FALSE	Westminster Street and Cahir Street, Providence, RI, USA	NA	Raw	NA	FALSE	41.81804	-71.42057	2024	July	Federal Hill	13	440070011002016
141	2024-07-02	913882	21:41:00	Bicycle	NA	1	FALSE	FALSE	1	S WATER ST	DYER ST	2024-07-02	Two-Way, Divided, Positive Median Barrier	Dry	Dark - Lighted	Clear	Not a Collision Between Two Motor Vehicles in Transport	No	Traffic Control Signal	6	1	Pain Reported	NA	41.82414	-71.40809	FALSE	FALSE	S Water Street and Dyer Street, Providence, RI, USA	NA	Raw	NA	FALSE	41.82414	-71.40809	2024	July	Downtown	1	440070008003007
142	2024-07-04	913948	14:01:00	Other	NA	NA	TRUE	FALSE	2	MEMORIAL BLVD	FRANCIS ST	2024-07-05	Two-Way, Divided, Positive Median Barrier	Dry	Daylight	Clear	Not a Collision Between Two Motor Vehicles in Transport	Yes	Traffic Control Signal	1	0	No Injury	NA	41.82591	-71.41529	FALSE	FALSE	Memorial Blvd and Francis Street, Providence, RI, USA	NA	Raw	NA	FALSE	41.82591	-71.41529	2024	July	Downtown	1	440070008001035
144	2024-07-05	913970	16:06:00	Bicycle	NA	1	FALSE	FALSE	1	CLYM ST	ADMIRAL ST	2024-07-05	Two-Way , Not Divided	Dry	Daylight	Clear	Angle (Front - to - Side) Right Angle (Includes Broadside)	Yes	Stop Signs	1	1	Pain Reported	NA	41.84418	-71.42372	FALSE	FALSE	Clym Street and Admiral Street, Providence, RI, USA	NA	Raw	distance greater than 100m	TRUE	41.84418	-71.42372	2024	July	Wanskuck	4	440070027002015
145	2024-07-05	913983	23:13:00	Pedestrian	1	NA	TRUE	FALSE	2	PLAINFIELD ST	WEBSTER AVE	2024-07-05	Two-Way, Not Divided With a Continuous Left Turn Lane	Dry	Dark - Lighted	Clear	Not a Collision Between Two Motor Vehicles in Transport	No	Traffic Control Signal	4	2	Incapacitating	NA	41.81366	-71.45085	FALSE	FALSE	Plainfield Street and Webster Ave, Providence, RI, USA	NA	Raw	NA	FALSE	41.81366	-71.45085	2024	July	Silver Lake	7	440070016013006
146	2024-07-06	914004	18:44:00	Bicycle	NA	NA	FALSE	FALSE	3	ALVERSON AVE	MERINO ST	2024-07-06	Two-Way , Not Divided	Dry	Daylight	Clear	Sideswipe, Same Direction	Yes	No Controls	5	0	No Injury	NA	41.81371	-71.45833	FALSE	FALSE	Alverson Ave and Merino Street, Providence, RI, USA	NA	Raw	distance greater than 100m	TRUE	41.81371	-71.45833	2024	July	Hartford	7	440070018004004
147	2024-07-07	914019	15:20:00	Pedestrian	1	NA	FALSE	FALSE	1	Union Ave	EXIT	2024-07-07	One-Way Trafficway	Dry	Daylight	Clear	Not a Collision Between Two Motor Vehicles in Transport	Yes	Traffic Control Signal	2	1	Non-Incapacitating	NA	41.80854	-71.44116	FALSE	FALSE	Union Ave and Exit, Providence, RI, USA	NA	Raw	distance greater than 100m	TRUE	41.80854	-71.44116	2024	July	Silver Lake	15	440070016012028
148	2024-07-07	914028	17:10:00	Pedestrian	1	NA	FALSE	TRUE	1	WASHINGTON ST/ JOHN J PARDINGTON WAY	DEAN ST	2024-07-07	Two-Way , Not Divided	Dry	Daylight	Clear	Other	No	No Controls	2	1	Pain Reported	NA	41.81964	-71.41979	FALSE	FALSE	Washington St/ John J Pardington Way and Dean Street, Providence, RI, USA	NA	Neither	distance greater than 100m	TRUE	41.819542	-71.420023	2024	July	Federal Hill	13	440070011002010
149	2024-07-10	914106	13:20:00	Bicycle	NA	1	FALSE	FALSE	1	PROMENADE ST	BATH ST	2024-07-10	One-Way Trafficway	Dry	Daylight	Clear	Not a Collision Between Two Motor Vehicles in Transport	No	Stop Signs	3	1	Pain Reported	NA	41.82929	-71.42361	FALSE	FALSE	Promenade Street and Bath Street, Providence, RI, USA	NA	Raw	NA	FALSE	41.82929	-71.42361	2024	July	Smith Hill	12	440070025002012
150	2024-07-12	914155	12:35:00	Bicycle	1	NA	TRUE	FALSE	1	Admiral Street	Douglas Avenue	2024-07-12	Two-Way, Divided, Unprotected (painted>4feet) Medium	Dry	Daylight	Clear	Not a Collision Between Two Motor Vehicles in Transport	No	Traffic Control Signal	5	1	Non-Incapacitating	1	NA	NA	FALSE	FALSE	Admiral Street and Douglas Avenue, Providence, RI, USA	NA	Geocoded	raw coords null but geocoded coords found	TRUE	41.84607219999999	-71.4289474	2024	July	Wanskuck	4	440070027001007
151	2024-07-12	914158	12:52:00	Bicycle	NA	1	FALSE	FALSE	1	N MAIN ST	Pleasant Street	2024-07-12	Two-Way , Not Divided	Dry	Daylight	Cloudy	Not a Collision Between Two Motor Vehicles in Transport	No	No Controls	3	1	Pain Reported	NA	41.83919	-71.40904	FALSE	FALSE	N Main Street and Pleasant Street, Providence, RI, USA	NA	Raw	NA	FALSE	41.83919	-71.40904	2024	July	Mount Hope	3	440070031002010
152	2024-07-12	914160	15:59:00	Pedestrian	1	NA	FALSE	FALSE	1	ELMWOOD AVE	EARL ST	2024-07-12	Unknown	Wet	Daylight	Rain	Not a Collision Between Two Motor Vehicles in Transport	No	No Controls	5	1	Pain Reported	NA	41.79798	-71.42615	FALSE	FALSE	Elmwood Ave and Earl Street, Providence, RI, USA	NA	Raw	NA	FALSE	41.79798	-71.42615	2024	July	West End	9	440070003012014
153	2024-07-14	914219	20:47:00	Bicycle	1	NA	TRUE	FALSE	1	BROAD ST	BROAD ST	2024-07-14	Two-Way , Not Divided	Dry	Dark - Lighted	Clear	Angle (Front - to - Side) Right Angle (Includes Broadside)	No	No Controls	3	1	Pain Reported	NA	41.79948	-71.41625	FALSE	FALSE	Broad Street and Broad Street, Providence, RI, USA	NA	Raw	distance greater than 100m	TRUE	41.79948	-71.41625	2024	July	Elmwood	10	440070005002006
154	2024-07-15	914235	16:58:00	Pedestrian	1	NA	FALSE	FALSE	1	ORMS ST	CANDACE ST	2024-07-15	Two-Way , Not Divided	Dry	Daylight	Clear	Other	No	Traffic Control Signal	2	0	No Injury	NA	41.83379	-71.42186	FALSE	FALSE	Orms Street and Candace Street, Providence, RI, USA	NA	Raw	NA	FALSE	41.83379	-71.42186	2024	July	Smith Hill	12	440070026001001
155	2024-07-16	914272	18:57:00	Bicycle	NA	1	FALSE	FALSE	1	FORD ST.	DEXTER ST	2024-07-16	Two-Way , Not Divided	Dry	Daylight	Clear	Not a Collision Between Two Motor Vehicles in Transport	No	Stop Signs	4	2	Pain Reported	NA	41.80868	-71.42829	FALSE	FALSE	Ford St. and Dexter Street, Providence, RI, USA	NA	Raw	NA	FALSE	41.80868	-71.42829	2024	July	West End	8	440070014001004
156	2024-07-18	914331	12:55:00	Bicycle	NA	NA	FALSE	FALSE	2	WESTMINSTER ST	CRANSTON ST	2024-07-18	One-Way Trafficway	Dry	Daylight	Cloudy	Rear End(Front-to-Rear)	No	No Controls	2	1	Pain Reported	NA	41.81782	-71.42104	FALSE	FALSE	Westminster Street and Cranston Street, Providence, RI, USA	NA	Raw	distance greater than 100m	TRUE	41.81782	-71.42104	2024	July	Federal Hill	11	440070011002016
157	2024-07-18	914343	15:17:00	Bicycle	1	NA	TRUE	FALSE	1	BLACKSTONE BLVD	LORIMER AVE	2024-07-18	Two-Way, Divided, Positive Median Barrier	Dry	Daylight	Clear	Not a Collision Between Two Motor Vehicles in Transport	No	Stop Signs	5	1	Incapacitating	NA	41.85275	-71.38885	FALSE	FALSE	Blackstone Blvd and Lorimer Ave, Providence, RI, USA	NA	Raw	NA	FALSE	41.85275	-71.38885	2024	July	Blackstone	2	440070034001005
158	2024-07-18	914344	18:18:00	Pedestrian	1	NA	FALSE	FALSE	1	HARRIS AVE	KINSLEY AVE	2024-07-18	One-Way Trafficway	Dry	Daylight	Clear	Not a Collision Between Two Motor Vehicles in Transport	No	No Controls	3	1	Pain Reported	NA	41.82779	-71.41902	FALSE	FALSE	Harris Ave and Kinsley Ave, Providence, RI, USA	NA	Raw	distance greater than 100m	TRUE	41.82779	-71.41902	2024	July	Smith Hill	13	440070025003004
159	2024-07-20	914400	18:09:00	Bicycle	1	NA	FALSE	FALSE	1	SMITH ST.	TYNDALL AVE.	2024-07-20	Two-Way , Not Divided	Dry	Daylight	Clear	Not a Collision Between Two Motor Vehicles in Transport	No	Stop Signs	7	1	Incapacitating	NA	41.83765	-71.43366	FALSE	FALSE	Smith St. and Tyndall Ave., Providence, RI, USA	NA	Raw	NA	FALSE	41.83765	-71.43366	2024	July	Elmhurst	5	440070023005012
160	2024-07-21	914409	03:12:00	Other	NA	NA	TRUE	FALSE	2	MEMORIAL BLVD	STEEPLE ST	2024-07-21	Two-Way , Not Divided	Wet	Dark - Lighted	Rain	Angle (Front - to - Side) Right Angle (Includes Broadside)	No	Traffic Control Signal	2	1	Incapacitating	NA	41.82677	-71.41063	FALSE	FALSE	Memorial Blvd and Steeple Street, Providence, RI, USA	NA	Raw	NA	FALSE	41.82677	-71.41063	2024	July	Downtown	1	440070008001033
161	2024-07-21	914424	19:25:00	Other	1	NA	TRUE	FALSE	1	335 Hartford Ave.	Bodell Ave.	2024-07-21	Two-Way , Not Divided	Dry	Dark - Lighted	Clear	Not a Collision Between Two Motor Vehicles in Transport	Yes	No Controls	2	0	No Injury	2	NA	NA	TRUE	FALSE	335 Hartford Ave., Providence, RI, USA	NA	Neither	raw coords null but geocoded coords found	TRUE	41.81768	-71.45363	2024	July	Hartford	7	440070018002022
162	2024-07-22	914443	16:31:00	Pedestrian	1	NA	FALSE	FALSE	1	PLAINFIELD ST	DIKE ST	2024-07-22	Two-Way , Not Divided	Dry	Daylight	Cloudy	Not a Collision Between Two Motor Vehicles in Transport	No	No Controls	4	1	Pain Reported	NA	41.81637	-71.44441	FALSE	FALSE	Plainfield Street and Dike Street, Providence, RI, USA	NA	Raw	NA	FALSE	41.81637	-71.44441	2024	July	Olneyville	15	440070016011000
163	2024-07-22	914457	23:07:00	Bicycle	NA	1	FALSE	FALSE	1	WESTMINSTER ST	ALMY ST	2024-07-22	Two-Way, Divided, Unprotected (painted>4feet) Medium	Dry	Dark - Lighted	Cloudy	Not a Collision Between Two Motor Vehicles in Transport	No	No Controls	4	1	Pain Reported	NA	41.81646	-71.43246	FALSE	FALSE	Westminster Street and Almy Street, Providence, RI, USA	NA	Raw	NA	FALSE	41.81646	-71.43246	2024	July	West End	13	440070010001009
164	2024-07-23	914470	13:14:00	Pedestrian	1	NA	FALSE	FALSE	1	CULVER ST	DUDLEY ST	2024-07-23	Two-Way , Not Divided	Wet	Daylight	Cloudy	Not a Collision Between Two Motor Vehicles in Transport	No	No Controls	5	1	Pain Reported	NA	41.8104	-71.40861	FALSE	FALSE	Culver Street and Dudley Street, Providence, RI, USA	NA	Raw	NA	FALSE	41.8104	-71.40861	2024	July	Upper South Providence	11	440070006002000
165	2024-07-23	914472	14:00:00	Other	1	NA	TRUE	FALSE	1	RICHTER ST	CHALKSTONE AVE	2024-07-23	Two-Way , Not Divided	Dry	Daylight	Clear	Not a Collision Between Two Motor Vehicles in Transport	No	No Controls	2	1	Pain Reported	NA	41.83489	-71.42965	FALSE	FALSE	Richter Street and Chalkstone Ave, Providence, RI, USA	NA	Raw	NA	FALSE	41.83489	-71.42965	2024	July	Smith Hill	12	440070025001006
166	2024-07-23	914493	20:11:00	Pedestrian	1	NA	FALSE	FALSE	1	ONTARIO ST	NIAGARA ST	2024-07-23	Two-Way , Not Divided	Dry	Dusk	Cloudy	Not a Collision Between Two Motor Vehicles in Transport	Yes	No Controls	1	1	Non-Incapacitating	NA	41.79971	-71.41993	FALSE	FALSE	Ontario Street and Niagara Street, Providence, RI, USA	NA	Raw	NA	FALSE	41.79971	-71.41993	2024	July	Elmwood	9	440070003024009
167	2024-07-23	915075	09:32:00	Bicycle	NA	1	FALSE	FALSE	1	OAKLAND AVE	CHAD BROWN ST	2024-08-15	Two-Way , Not Divided	Wet	Daylight	Clear	Not a Collision Between Two Motor Vehicles in Transport	No	Stop Signs	3	1	Pain Reported	NA	41.8389	-71.42936	FALSE	FALSE	Oakland Ave and Chad Brown Street, Providence, RI, USA	NA	Raw	NA	FALSE	41.8389	-71.42936	2024	July	Elmhurst	12	440070026003006
168	2024-07-24	914520	20:36:00	Pedestrian	1	NA	FALSE	FALSE	1	Academy Ave	Maplehurst Ave	2024-07-25	Two-Way , Not Divided	Dry	Dark - Lighted	Clear	Not a Collision Between Two Motor Vehicles in Transport	No	No Controls	2	1	Pain Reported	NA	41.82683	-71.44364	FALSE	FALSE	Academy Ave and Maplehurst Ave, Providence, RI, USA	NA	Raw	NA	FALSE	41.82683	-71.44364	2024	July	Mount Pleasant	12	440070022003009
169	2024-07-25	914531	13:00:00	Pedestrian	1	NA	FALSE	FALSE	1	NORTH MAIN ST	WATERMAN ST	2024-07-25	One-Way Trafficway	Dry	Daylight	Cloudy	Not a Collision Between Two Motor Vehicles in Transport	No	Traffic Control Signal	2	0	No Injury	NA	41.82693	-71.40873	FALSE	FALSE	North Main Street and Waterman Street, Providence, RI, USA	NA	Raw	NA	FALSE	41.82693	-71.40873	2024	July	Downtown	1	440070036023021
170	2024-07-26	914549	14:00:00	Pedestrian	1	NA	FALSE	FALSE	1	1261 North Main St	9th St	2024-07-26	Two-Way , Not Divided	Dry	Daylight	Clear	Not a Collision Between Two Motor Vehicles in Transport	Yes	No Controls	2	1	Pain Reported	2	NA	NA	TRUE	FALSE	1261 North Main Street, Providence, RI, USA	NA	Neither	raw coords null but geocoded coords found	TRUE	41.854730000000004	-71.40033	2024	July	Hope	3	440070033001016
171	2024-07-26	914556	15:09:00	Pedestrian	1	NA	FALSE	FALSE	1	Pine St.	SOMERSET ST	2024-07-26	Two-Way , Not Divided	Dry	Daylight	Clear	Not a Collision Between Two Motor Vehicles in Transport	Yes	No Controls	1	1	Pain Reported	NA	41.81252	-71.41954	FALSE	FALSE	Pine St. and Somerset Street, Providence, RI, USA	NA	Raw	NA	FALSE	41.81252	-71.41954	2024	July	Upper South Providence	11	440070007003018
172	2024-07-27	914570	10:12:00	Other	NA	NA	TRUE	FALSE	2	BROAD STREET	GALLUP STREET	2024-07-27	Two-Way , Not Divided	Dry	Daylight	Clear	Rear End(Front-to-Rear)	No	No Controls	3	0	No Injury	NA	41.79928	-71.41601	FALSE	FALSE	Broad Street and Gallup Street, Providence, RI, USA	NA	Raw	NA	FALSE	41.79928	-71.41601	2024	July	Elmwood	9	440070005002006
173	2024-07-27	914575	12:51:00	Bicycle	NA	1	FALSE	FALSE	1	SMITHFIELD AVE	I 95 NORTH RAMP	2024-07-27	Two-Way, Divided, Positive Median Barrier	Dry	Daylight	Clear	Not a Collision Between Two Motor Vehicles in Transport	No	Traffic Control Signal	2	1	Non-Incapacitating	NA	41.85478	-71.40446	FALSE	FALSE	Smithfield Ave and I 95 North Ramp, Providence, RI, USA	NA	Raw	distance greater than 100m	TRUE	41.85478	-71.40446	2024	July	Hope	3	440070033004003