row_number	crash_date	crash_report_id	crash_time	collision_type	count_pedestrian	count_bicycle	scooter	wheel_chair	number_of_vehicles	street_or_highway	nearest_intersection	report_date	type_of_roadway	road_surface_condition	light_condition	weather_condition	manner_of_impact	hit_and_run	traffic_control	person_count	injury_count	most_serious_injury	number_of_lanes	lat_raw	lon_raw	has_st_number	is_intersection_null	address_sent_to_geocoder	api_coord_conf	best_coordinate_set	reason_for_qa	manually_qaed_record	final_lat	final_lon	year	month	pvd_nhood	pvd_wards	geoid20
174	2024-07-28	914604	20:46:00	Bicycle	NA	NA	FALSE	FALSE	2	KILLINGLY ST	PLAINFIELD ST	2024-07-28	Two-Way , Not Divided	Dry	Dark - Lighted	Clear	Rear End(Front-to-Rear)	Yes	No Controls	1	0	No Injury	2	41.81316	-71.4595	FALSE	FALSE	Killingly Street and Plainfield Street, Providence, RI, USA	NA	Raw	NA	FALSE	41.81316	-71.4595	2024	July	Hartford	7	440070018005005
175	2024-07-30	914642	14:10:00	Bicycle	NA	1	FALSE	FALSE	1	Barry Road	HARTFORD AVE	2024-07-30	Two-Way , Not Divided	Dry	Daylight	Clear	Angle (Front - to - Side) Same Direction	No	No Controls	2	1	Pain Reported	NA	41.81751	-71.45207	FALSE	FALSE	Barry Road and Hartford Ave, Providence, RI, USA	NA	Raw	NA	FALSE	41.81751	-71.45207	2024	July	Hartford	7	440070018002020
176	2024-07-30	915029	13:33:00	Other	NA	NA	TRUE	FALSE	2	ACADEMY	MAPLEHURST	2024-07-30	Two-Way , Not Divided	Dry	Daylight	Clear	Not a Collision Between Two Motor Vehicles in Transport	No	No Controls	2	0	No Injury	NA	41.82567	-71.42689	FALSE	FALSE	Academy and Maplehurst, Providence, RI, USA	NA	Geocoded	distance greater than 100m	TRUE	41.8268621	-71.4436581	2024	July	Mount Pleasant	6	440070022003009
177	2024-07-31	914683	21:02:00	Pedestrian	1	NA	FALSE	FALSE	1	N Main Street	Branch Ave	2024-07-31	Two-Way, Divided, Positive Median Barrier	Dry	Dark - Lighted	Clear	Not a Collision Between Two Motor Vehicles in Transport	No	Traffic Control Signal	3	1	Pain Reported	NA	41.84199	-71.40798	FALSE	FALSE	N Main Street and Branch Ave, Providence, RI, USA	NA	Raw	NA	FALSE	41.84199	-71.40798	2024	July	Mount Hope	3	440070033004014
178	2024-08-01	914695	10:18:00	Pedestrian	1	NA	FALSE	FALSE	1	CHALKSTONE AVE	ACADEMY AVE	2024-08-01	Two-Way , Not Divided	Dry	Daylight	Clear	Not a Collision Between Two Motor Vehicles in Transport	No	Traffic Control Signal	3	1	Non-Incapacitating	NA	41.83245	-71.44453	FALSE	FALSE	Chalkstone Ave and Academy Ave, Providence, RI, USA	NA	Raw	NA	FALSE	41.83245	-71.44453	2024	August	Mount Pleasant	5	440070023003006
179	2024-08-01	914712	16:35:00	Other	NA	1	TRUE	FALSE	1	343 BROAD ST	BROAD ST	2024-08-02	Two-Way, Divided, Unprotected (painted>4feet) Medium	Dry	Daylight	Clear	Sideswipe, Same Direction	No	No Controls	2	1	Pain Reported	NA	41.81346	-71.42175	TRUE	FALSE	343 Broad Street, Providence, RI, USA	NA	Raw	NA	FALSE	41.81346	-71.42175	2024	August	West End	11	440070012001005
180	2024-08-02	914735	20:02:00	Other	NA	NA	TRUE	FALSE	2	UNION AVE	SILVER LAKE AVE	2024-08-02	Two-Way , Not Divided	Dry	Dark - Lighted	Clear	Angle (Front - to - Side) Same Direction	No	No Controls	2	1	Pain Reported	NA	41.80751	-71.45987	FALSE	FALSE	Union Ave and Silver Lake Ave, Providence, RI, USA	NA	Raw	NA	FALSE	41.80751	-71.45987	2024	August	Silver Lake	7	440070017002005
181	2024-08-03	914745	10:21:00	Bicycle	NA	1	FALSE	FALSE	1	5 Elmwood Ave	BRIDGHAM ST	2024-08-03	Two-Way , Not Divided	Dry	Daylight	Clear	Not a Collision Between Two Motor Vehicles in Transport	No	No Controls	4	1	Pain Reported	NA	41.81275	-71.42218	TRUE	FALSE	5 Elmwood Ave, Providence, RI, USA	NA	Raw	NA	FALSE	41.81275	-71.42218	2024	August	West End	11	440070012001006
182	2024-08-03	914749	10:08:00	Bicycle	NA	1	FALSE	FALSE	1	EDDY ST	VERMONT AVE	2024-08-03	Two-Way , Not Divided	Dry	Daylight	Clear	Not a Collision Between Two Motor Vehicles in Transport	No	Stop Signs	2	1	Pain Reported	NA	41.78756	-71.40242	FALSE	FALSE	Eddy Street and Vermont Ave, Providence, RI, USA	NA	Raw	NA	FALSE	41.78756	-71.40242	2024	August	Washington Park	10	440070001014008
183	2024-08-03	914779	13:37:00	Pedestrian	1	NA	FALSE	FALSE	1	Plainfield St	DIKE ST	2024-08-04	Two-Way , Not Divided	Dry	Daylight	Clear	Not a Collision Between Two Motor Vehicles in Transport	No	No Controls	2	1	Pain Reported	NA	41.81631	-71.44451	FALSE	FALSE	Plainfield Street and Dike Street, Providence, RI, USA	NA	Raw	NA	FALSE	41.81631	-71.44451	2024	August	Olneyville	15	440070016011000
184	2024-08-07	914864	15:31:00	Bicycle	NA	1	FALSE	FALSE	1	GORDON AVE	SARATOGA ST	2024-08-07	Two-Way, Not Divided With a Continuous Left Turn Lane	Wet	Daylight	Cloudy	Not a Collision Between Two Motor Vehicles in Transport	Yes	No Controls	2	1	Pain Reported	NA	41.80481	-71.4162	FALSE	FALSE	Gordon Ave and Saratoga Street, Providence, RI, USA	NA	Raw	NA	FALSE	41.80481	-71.4162	2024	August	Lower South Providence	11	440070004003004
185	2024-08-08	914913	17:38:00	Other	1	NA	TRUE	FALSE	1	SILVER SPRING ST	DE PINEDO ST	2024-08-08	Two-Way , Not Divided	Dry	Daylight	Cloudy	Not a Collision Between Two Motor Vehicles in Transport	No	No Controls	3	0	No Injury	NA	41.85494	-71.41167	FALSE	FALSE	Silver Spring Street and De Pinedo Street, Providence, RI, USA	NA	Raw	NA	FALSE	41.85494	-71.41167	2024	August	Charles	4	440070029001025
186	2024-08-11	914985	01:02:00	Pedestrian	1	NA	TRUE	FALSE	1	ATLANTIC AVE	NIAGARA ST	2024-08-11	Two-Way , Not Divided	Dry	Dark - Lighted	Clear	Not a Collision Between Two Motor Vehicles in Transport	Yes	No Controls	1	1	Non-Incapacitating	NA	41.79862	-71.41865	FALSE	FALSE	Atlantic Ave and Niagara Street, Providence, RI, USA	NA	Raw	NA	FALSE	41.79862	-71.41865	2024	August	Elmwood	9	440070002001002
187	2024-08-11	914994	14:35:00	Bicycle	NA	NA	FALSE	FALSE	2	DETROIT AVE	BYFIELD ST	2024-08-11	Two-Way , Not Divided	Dry	Daylight	Clear	Angle (Front - to - Side) Same Direction	Yes	Pavement Markings	2	0	No Injury	NA	41.79439	-71.40993	FALSE	FALSE	Detroit Ave and Byfield Street, Providence, RI, USA	NA	Raw	NA	FALSE	41.79439	-71.40993	2024	August	Elmwood	9	440070005003018
188	2024-08-11	915005	22:05:00	Pedestrian	1	NA	FALSE	FALSE	1	FORD ST	CRANSTON ST	2024-08-11	Two-Way , Not Divided	Dry	Dark - Lighted	Clear	Not a Collision Between Two Motor Vehicles in Transport	Yes	No Controls	1	1	Incapacitating	NA	41.80997	-71.43311	FALSE	FALSE	Ford Street and Cranston Street, Providence, RI, USA	NA	Raw	NA	FALSE	41.80997	-71.43311	2024	August	West End	8	440070013002007
189	2024-08-11	915011	23:45:00	Bicycle	NA	1	FALSE	FALSE	1	Cranston St	HANOVER ST	2024-08-12	Two-Way , Not Divided	Dry	Dark - Lighted	Clear	Not a Collision Between Two Motor Vehicles in Transport	Yes	No Controls	3	1	Incapacitating	NA	41.80928	-71.43372	FALSE	FALSE	Cranston Street and Hanover Street, Providence, RI, USA	NA	Raw	NA	FALSE	41.80928	-71.43372	2024	August	West End	8	440070014002000
190	2024-08-12	915018	15:13:00	Other	1	NA	TRUE	FALSE	1	FRANCIS ST	AMERICAN EXPRESS PLZ	2024-08-12	Two-Way, Divided, Unprotected (painted>4feet) Medium	Dry	Daylight	Cloudy	Not a Collision Between Two Motor Vehicles in Transport	No	No Controls	2	1	Non-Incapacitating	NA	41.82745	-71.41541	FALSE	FALSE	Francis Street and American Express Plz, Providence, RI, USA	NA	Raw	distance greater than 100m	TRUE	41.82745	-71.41541	2024	August	Downtown	12	440070008001013
191	2024-08-12	915261	09:30:00	Bicycle	NA	2	FALSE	FALSE	1	CHALKSTONE AVE	RIVER AVE	2024-08-21	Two-Way, Divided, Unprotected (painted>4feet) Medium	Dry	Daylight	Clear	Angle (Front - to - Side) Right Angle (Includes Broadside)	No	Traffic Control Signal	3	2	Pain Reported	NA	41.83258	-71.43854	FALSE	FALSE	Chalkstone Ave and River Ave, Providence, RI, USA	NA	Raw	NA	FALSE	41.83258	-71.43854	2024	August	Elmhurst	12	440070023002014
192	2024-08-13	915039	11:05:00	Other	NA	NA	TRUE	FALSE	2	BRANCH AVE	OLMSTEAD WAY	2024-08-13	Two-Way , Not Divided	Dry	Daylight	Clear	Sideswipe, Same Direction	No	No Controls	2	1	Pain Reported	NA	41.85384	-71.4295	FALSE	FALSE	Branch Ave and Olmstead Way, Providence, RI, USA	NA	Raw	NA	FALSE	41.85384	-71.4295	2024	August	Wanskuck	14	440070028021012
193	2024-08-13	915045	16:08:00	Pedestrian	1	NA	TRUE	FALSE	1	POTTERS AVE	BROAD ST	2024-08-13	Two-Way , Not Divided	Dry	Daylight	Clear	Not a Collision Between Two Motor Vehicles in Transport	No	Traffic Control Signal	2	1	Pain Reported	NA	41.80297	-71.41891	FALSE	FALSE	Potters Ave and Broad Street, Providence, RI, USA	NA	Raw	NA	FALSE	41.80297	-71.41891	2024	August	Elmwood	9	440070004004007
194	2024-08-14	915064	14:25:00	Bicycle	NA	1	TRUE	FALSE	1	BROAD ST	WHITMARSH ST	2024-08-14	Two-Way , Not Divided	Dry	Daylight	Clear	Angle (Front - to - Side) Same Direction	No	No Controls	4	1	Pain Reported	2	NA	NA	FALSE	FALSE	Broad Street and Whitmarsh Street, Providence, RI, USA	NA	Geocoded	raw coords null but geocoded coords found	TRUE	41.8060863	-71.4198849	2024	August	Elmwood	11	440070004002004
195	2024-08-14	920088	09:40:00	Pedestrian	1	NA	FALSE	FALSE	1	broad St	THURBERS AVE	2025-01-03	Two-Way, Divided, Unprotected (painted>4feet) Medium	Dry	Daylight	Clear	Head-On (Front - to - Front)	No	No Controls	2	1	Pain Reported	NA	41.7982	-71.41467	FALSE	FALSE	Broad Street and Thurbers Ave, Providence, RI, USA	NA	Raw	NA	FALSE	41.7982	-71.41467	2024	August	Elmwood	9	440070005002009
196	2024-08-17	916767	15:32:00	Pedestrian	1	NA	FALSE	FALSE	1	744 CRANSTON ST	ANTHONY AVE	2024-10-02	Two-Way , Not Divided	Dry	Daylight	Clear	Other	Yes	No Controls	1	1	Pain Reported	NA	41.80465	-71.43822	TRUE	FALSE	744 Cranston Street, Providence, RI, USA	NA	Raw	NA	FALSE	41.80465	-71.43822	2024	August	West End	8	440070014005016
197	2024-08-21	915259	12:00:00	Pedestrian	1	NA	FALSE	FALSE	1	SILVER SPRING ST	COMMODORE ST	2024-08-21	Two-Way , Not Divided	Dry	Daylight	Clear	Other	No	No Controls	3	1	Pain Reported	NA	41.84572	-71.41748	FALSE	FALSE	Silver Spring Street and Commodore Street, Providence, RI, USA	NA	Raw	NA	FALSE	41.84572	-71.41748	2024	August	Charles	4	440070029004020
198	2024-08-21	915267	16:43:00	Bicycle	NA	1	FALSE	FALSE	1	WATERMAN ST	BENEFIT ST	2024-08-21	One-Way Trafficway	Dry	Daylight	Clear	Not a Collision Between Two Motor Vehicles in Transport	No	No Controls	1	0	No Injury	2	41.82715	-71.40728	FALSE	FALSE	Waterman Street and Benefit Street, Providence, RI, USA	NA	Raw	NA	FALSE	41.82715	-71.40728	2024	August	College Hill	2	440070036023019
200	2024-08-23	915337	20:34:00	Bicycle	NA	1	FALSE	FALSE	1	Elmwood Ave	Bridgham Street	2024-08-23	Two-Way , Not Divided	Dry	Dark - Lighted	Clear	Not a Collision Between Two Motor Vehicles in Transport	No	Traffic Control Signal	2	2	Pain Reported	NA	41.81277	-71.42218	FALSE	FALSE	Elmwood Ave and Bridgham Street, Providence, RI, USA	NA	Raw	NA	FALSE	41.81277	-71.42218	2024	August	West End	11	440070012001006
201	2024-08-25	915405	23:50:00	Pedestrian	1	NA	FALSE	FALSE	1	BRIDGE ST	S WATER ST	2024-08-26	Two-Way , Not Divided	Dry	Dark - Lighted	Clear	Other	No	No Controls	2	1	Non-Incapacitating	NA	41.81855	-71.4016	FALSE	FALSE	Bridge Street and S Water Street, Providence, RI, USA	NA	Raw	distance greater than 100m	TRUE	41.81855	-71.4016	2024	August	Fox Point	1	440070037002023
202	2024-08-26	915433	22:29:00	Bicycle	NA	NA	FALSE	FALSE	2	S Water Street	Power Street	2024-08-26	One-Way Trafficway	Wet	Dark - Lighted	Clear	Rear End(Front-to-Rear)	No	No Controls	2	1	Pain Reported	NA	41.82234	-71.40599	FALSE	FALSE	S Water Street and Power Street, Providence, RI, USA	NA	Raw	NA	FALSE	41.82234	-71.40599	2024	August	Downtown	1	440070037002030
203	2024-08-27	915437	12:27:00	Pedestrian	1	NA	FALSE	FALSE	1	343 BROAD ST	BROAD ST	2024-08-27	Two-Way, Divided, Positive Median Barrier	Dry	Daylight	Clear	Not a Collision Between Two Motor Vehicles in Transport	Yes	No Controls	1	1	Pain Reported	NA	41.81376	-71.42154	TRUE	FALSE	343 Broad Street, Providence, RI, USA	NA	Raw	NA	FALSE	41.81376	-71.42154	2024	August	West End	11	440070012001005
204	2024-08-29	915506	12:06:00	Pedestrian	1	NA	FALSE	FALSE	1	W FOUNTAIN ST	WINTER ST	2024-08-29	Two-Way , Not Divided	Dry	Daylight	Clear	Not a Collision Between Two Motor Vehicles in Transport	No	No Controls	2	1	Pain Reported	NA	41.81886	-71.42248	FALSE	FALSE	W Fountain Street and Winter Street, Providence, RI, USA	NA	Raw	NA	FALSE	41.81886	-71.42248	2024	August	Federal Hill	13	440070011002007
205	2024-08-29	915523	17:33:00	Bicycle	NA	1	FALSE	FALSE	1	MEMORIAL BLVD	FRANCIS ST	2024-08-29	Two-Way, Divided, Unprotected (painted>4feet) Medium	Dry	Daylight	Clear	Head-On (Front - to - Front)	No	Traffic Control Signal	4	2	Incapacitating	NA	41.82577	-71.41527	FALSE	FALSE	Memorial Blvd and Francis Street, Providence, RI, USA	NA	Raw	NA	FALSE	41.82577	-71.41527	2024	August	Downtown	1	440070008001041
206	2024-08-30	915538	10:43:00	Pedestrian	1	NA	TRUE	FALSE	1	BROAD ST	SERVICE ROAD 7	2024-08-30	Two-Way , Not Divided	Dry	Daylight	Clear	Not a Collision Between Two Motor Vehicles in Transport	No	Pavement Markings	3	1	Pain Reported	NA	41.81736	-71.41696	FALSE	FALSE	Broad Street and Service Road 7, Providence, RI, USA	NA	Raw	NA	FALSE	41.81736	-71.41696	2024	August	Upper South Providence	11	440070007003001
207	2024-08-31	915574	02:05:00	Bicycle	NA	1	FALSE	FALSE	1	WESTMINSTER ST	MATHEWSON ST	2024-08-31	One-Way Trafficway	Dry	Dark - Lighted	Clear	Not a Collision Between Two Motor Vehicles in Transport	No	Stop Signs	3	1	Pain Reported	NA	41.82217	-71.41364	FALSE	FALSE	Westminster Street and Mathewson Street, Providence, RI, USA	NA	Raw	NA	FALSE	41.82217	-71.41364	2024	August	Downtown	1	440070008003036
208	2024-08-31	915588	14:42:00	Pedestrian	1	NA	TRUE	FALSE	1	POTTERS AVE	BROAD ST	2024-08-31	Two-Way , Not Divided	Dry	Daylight	Clear	Not a Collision Between Two Motor Vehicles in Transport	No	Traffic Control Signal	2	1	Pain Reported	NA	41.80297	-71.41891	FALSE	FALSE	Potters Ave and Broad Street, Providence, RI, USA	NA	Raw	NA	FALSE	41.80297	-71.41891	2024	August	Elmwood	9	440070004004007
209	2024-09-02	915662	19:45:00	Bicycle	NA	1	TRUE	FALSE	1	FLORA ST	GRAFTON ST	2024-09-02	Two-Way , Not Divided	Dry	Dark - Not Lighted	Clear	Not a Collision Between Two Motor Vehicles in Transport	No	Stop Signs	2	1	Pain Reported	NA	41.85016	-71.4149	FALSE	FALSE	Flora Street and Grafton Street, Providence, RI, USA	NA	Raw	NA	FALSE	41.85016	-71.4149	2024	September	Charles	4	440070029003011
210	2024-09-03	915672	07:04:00	Pedestrian	1	NA	FALSE	FALSE	1	BLACKSTONE ST	PLAIN ST	2024-09-03	Two-Way , Not Divided	Dry	Daylight	Clear	Not a Collision Between Two Motor Vehicles in Transport	No	No Controls	2	1	Pain Reported	NA	41.80972	-71.40985	FALSE	FALSE	Blackstone Street and Plain Street, Providence, RI, USA	NA	Raw	NA	FALSE	41.80972	-71.40985	2024	September	Upper South Providence	11	440070006002001
211	2024-09-03	915674	08:06:00	Bicycle	NA	1	FALSE	FALSE	1	BROAD ST	BLACKSTONE ST	2024-09-03	Two-Way , Not Divided	Dry	Daylight	Clear	Not a Collision Between Two Motor Vehicles in Transport	No	Traffic Control Signal	2	0	No Injury	NA	41.80995	-71.42106	FALSE	FALSE	Broad Street and Blackstone Street, Providence, RI, USA	NA	Raw	distance greater than 100m	TRUE	41.80995	-71.42106	2024	September	Elmwood	11	440070007002027
212	2024-09-03	915682	11:23:00	Bicycle	NA	1	FALSE	FALSE	1	BROAD ST	SUMMER ST	2024-09-03	Two-Way , Not Divided	Dry	Daylight	Clear	Not a Collision Between Two Motor Vehicles in Transport	No	Traffic Control Signal	3	1	Pain Reported	NA	41.81631	-71.41931	FALSE	FALSE	Broad Street and Summer Street, Providence, RI, USA	NA	Raw	distance greater than 100m	TRUE	41.81631	-71.41931	2024	September	Upper South Providence	11	440070007003003
213	2024-09-03	915692	17:35:00	Pedestrian	1	NA	FALSE	FALSE	1	PLAINFIELD ST	ATWOOD ST	2024-09-03	Unknown	Dry	Daylight	Clear	Not a Collision Between Two Motor Vehicles in Transport	No	No Controls	2	1	Pain Reported	NA	41.81605	-71.44493	FALSE	FALSE	Plainfield Street and Atwood Street, Providence, RI, USA	NA	Raw	NA	FALSE	41.81605	-71.44493	2024	September	Olneyville	15	440070016011000
214	2024-09-03	915780	12:19:00	Bicycle	NA	1	FALSE	FALSE	1	680 CHALKSTONE AVE	AYRAULT ST	2024-09-05	Two-Way , Not Divided	Dry	Daylight	Clear	Not a Collision Between Two Motor Vehicles in Transport	No	No Controls	2	0	No Injury	NA	41.83442	-71.4291	TRUE	FALSE	680 Chalkstone Ave, Providence, RI, USA	NA	Raw	NA	FALSE	41.83442	-71.4291	2024	September	Smith Hill	12	440070025001006
215	2024-09-05	915772	12:01:00	Pedestrian	1	NA	FALSE	FALSE	1	WAYLAND AVE	S ANGELL ST	2024-09-05	Two-Way , Not Divided	Dry	Daylight	Clear	Not a Collision Between Two Motor Vehicles in Transport	No	Traffic Control Signal	3	1	Pain Reported	NA	41.83003	-71.38795	FALSE	FALSE	Wayland Ave and S Angell Street, Providence, RI, USA	NA	Raw	NA	FALSE	41.83003	-71.38795	2024	September	Wayland	1	440070035003001
216	2024-09-06	915843	22:49:00	Pedestrian	1	NA	TRUE	FALSE	1	BROAD ST	PEARL ST	2024-09-06	Two-Way, Divided, Unprotected (painted>4feet) Medium	Dry	Dark - Lighted	Clear	Not a Collision Between Two Motor Vehicles in Transport	No	Traffic Control Signal	3	1	Non-Incapacitating	NA	41.81475	-71.42095	FALSE	FALSE	Broad Street and Pearl Street, Providence, RI, USA	NA	Raw	NA	FALSE	41.81475	-71.42095	2024	September	West End	11	440070007003004
217	2024-09-07	915851	12:14:00	Pedestrian	1	NA	TRUE	FALSE	1	WESTMINSTER ST	CAHIR ST	2024-09-07	Two-Way , Not Divided	Dry	Daylight	Clear	Not a Collision Between Two Motor Vehicles in Transport	No	Traffic Control Signal	2	1	Pain Reported	NA	41.81822	-71.42018	FALSE	FALSE	Westminster Street and Cahir Street, Providence, RI, USA	NA	Raw	NA	FALSE	41.81822	-71.42018	2024	September	Federal Hill	13	440070011002018
218	2024-09-07	915870	18:43:00	Bicycle	NA	1	FALSE	FALSE	1	CRANSTON ST.	WAVERLY ST	2024-09-07	Two-Way , Not Divided	Dry	Daylight	Clear	Not a Collision Between Two Motor Vehicles in Transport	Yes	No Controls	1	1	Pain Reported	NA	41.80861	-71.4343	FALSE	FALSE	Cranston St. and Waverly Street, Providence, RI, USA	NA	Raw	NA	FALSE	41.80861	-71.4343	2024	September	West End	8	440070014003000
219	2024-09-11	916014	12:00:00	Bicycle	NA	1	FALSE	FALSE	1	HARTFORD AVE	MERINO ST	2024-09-11	Two-Way , Not Divided	Dry	Dark - Lighted	Clear	Not a Collision Between Two Motor Vehicles in Transport	Yes	No Controls	2	1	Pain Reported	NA	41.81863	-71.4591	FALSE	FALSE	Hartford Ave and Merino Street, Providence, RI, USA	NA	Raw	NA	FALSE	41.81863	-71.4591	2024	September	Hartford	7	440070018002018
220	2024-09-11	916035	17:26:00	Bicycle	NA	1	FALSE	FALSE	1	CHALKSTONE AVE	PEKIN ST	2024-09-11	Two-Way, Divided, Unprotected (painted>4feet) Medium	Dry	Daylight	Clear	Angle (Front - to - Side) Right Angle (Includes Broadside)	No	No Controls	2	0	No Injury	NA	41.83574	-71.42369	FALSE	FALSE	Chalkstone Ave and Pekin Street, Providence, RI, USA	NA	Raw	NA	FALSE	41.83574	-71.42369	2024	September	Smith Hill	12	440070026002015
221	2024-09-12	916084	12:50:00	Bicycle	NA	1	FALSE	FALSE	1	FRIENDSHIP ST	POINT ST	2024-09-12	Two-Way , Not Divided	Dry	Daylight	Clear	Not a Collision Between Two Motor Vehicles in Transport	No	Stop Signs	2	1	Non-Incapacitating	NA	41.81688	-71.41439	FALSE	FALSE	Friendship Street and Point Street, Providence, RI, USA	NA	Geocoded	distance greater than 100m	TRUE	41.8143034	-71.4168102	2024	September	Upper South Providence	11	440070007002000
222	2024-09-12	916099	16:09:00	Pedestrian	1	NA	FALSE	FALSE	1	MARIETTA ST	HALL ST	2024-09-12	Two-Way, Divided, Unprotected (painted>4feet) Medium	Dry	Daylight	Clear	Not a Collision Between Two Motor Vehicles in Transport	No	Stop Signs	3	1	Pain Reported	NA	41.85277	-71.41703	FALSE	FALSE	Marietta Street and Hall Street, Providence, RI, USA	NA	Raw	NA	FALSE	41.85277	-71.41703	2024	September	Charles	4	440070029003003
224	2024-09-16	916245	14:38:00	Bicycle	NA	1	FALSE	FALSE	1	CHALKSTONE AVE	HILLCREST AVE	2024-09-16	Two-Way , Not Divided	Dry	Daylight	Clear	Not a Collision Between Two Motor Vehicles in Transport	Yes	No Controls	2	1	Pain Reported	NA	41.83269	-71.45827	FALSE	FALSE	Chalkstone Ave and Hillcrest Ave, Providence, RI, USA	NA	Raw	NA	FALSE	41.83269	-71.45827	2024	September	Manton	6	440070024006024
225	2024-09-16	916250	17:09:00	Pedestrian	1	NA	FALSE	FALSE	1	ADELAIDE AVE	ELMWOOD AVE	2024-09-16	Two-Way, Divided, Positive Median Barrier	Dry	Daylight	Clear	Not a Collision Between Two Motor Vehicles in Transport	No	Pavement Markings	4	1	Pain Reported	NA	41.79586	-71.4251	FALSE	FALSE	Adelaide Ave and Elmwood Ave, Providence, RI, USA	NA	Raw	NA	FALSE	41.79586	-71.4251	2024	September	Elmwood	8	440070002001014
226	2024-09-17	916261	09:16:00	Pedestrian	1	NA	TRUE	FALSE	1	NORTH MAIN ST	N MAIN ST	2024-09-17	Two-Way , Not Divided	Dry	Daylight	Clear	Not a Collision Between Two Motor Vehicles in Transport	No	No Controls	3	1	Pain Reported	NA	41.83642	-71.40964	FALSE	FALSE	North Main Street and N Main Street, Providence, RI, USA	NA	Raw	distance greater than 100m	TRUE	41.83642	-71.40964	2024	September	College Hill	3	440070031004002
227	2024-09-17	916263	12:56:00	Pedestrian	1	NA	FALSE	FALSE	1	WESTMINSTER ST	MANTON AVE	2024-09-17	Two-Way , Not Divided	Dry	Daylight	Clear	Not a Collision Between Two Motor Vehicles in Transport	No	No Controls	2	1	Pain Reported	NA	41.81675	-71.44311	FALSE	FALSE	Westminster Street and Manton Ave, Providence, RI, USA	NA	Raw	distance greater than 100m	TRUE	41.81675	-71.44311	2024	September	Olneyville	15	440070019002013
228	2024-09-17	916285	16:53:00	Pedestrian	1	NA	FALSE	FALSE	1	COLLEGE ST	PROSPECT ST	2024-09-17	Two-Way , Not Divided	Dry	Daylight	Clear	Not a Collision Between Two Motor Vehicles in Transport	No	Pavement Markings	3	1	Pain Reported	NA	41.82611	-71.4046	FALSE	FALSE	College Street and Prospect Street, Providence, RI, USA	NA	Raw	NA	FALSE	41.82611	-71.4046	2024	September	College Hill	2	440070036023025
229	2024-09-18	916310	11:32:00	Pedestrian	1	NA	FALSE	FALSE	1	BROAD ST	FOSTER ST	2024-09-18	Two-Way , Not Divided	Dry	Daylight	Clear	Not a Collision Between Two Motor Vehicles in Transport	No	Pavement Markings	3	1	Pain Reported	NA	41.81882	-71.41545	FALSE	FALSE	Broad Street and Foster Street, Providence, RI, USA	NA	Raw	NA	FALSE	41.81882	-71.41545	2024	September	Downtown	1	440070008002002
230	2024-09-21	916406	13:01:00	Pedestrian	1	NA	FALSE	FALSE	1	EXCHANGE TER	DORRANCE ST	2024-09-21	Two-Way , Not Divided	Wet	Daylight	Rain	Not a Collision Between Two Motor Vehicles in Transport	No	Pavement Markings	4	1	Pain Reported	NA	41.82487	-71.41426	FALSE	FALSE	Exchange Ter and Dorrance Street, Providence, RI, USA	NA	Neither	distance greater than 100m	TRUE	41.824986	-71.414644	2024	September	Downtown	1	440070008001050
231	2024-09-22	916455	14:10:00	Bicycle	NA	1	FALSE	FALSE	1	425 S MAIN ST	WICKENDEN ST	2024-09-22	One-Way Trafficway	Dry	Daylight	Clear	Not a Collision Between Two Motor Vehicles in Transport	No	No Controls	4	1	Pain Reported	NA	41.81794	-71.39958	TRUE	FALSE	425 S Main Street, Providence, RI, USA	NA	Raw	NA	FALSE	41.81794	-71.39958	2024	September	Fox Point	1	440070037002016
232	2024-09-23	916506	15:09:00	Other	NA	NA	TRUE	FALSE	2	CHAD BROWN ST	ADMIRAL ST	2024-09-23	Two-Way, Divided, Unprotected (painted>4feet) Medium	Dry	Daylight	Clear	Angle (Front - to - Side) Right Angle (Includes Broadside)	Yes	No Controls	1	0	No Injury	NA	41.84213	-71.42138	FALSE	FALSE	Chad Brown Street and Admiral Street, Providence, RI, USA	NA	Raw	NA	FALSE	41.84213	-71.42138	2024	September	Wanskuck	4	440070027002012
233	2024-09-25	916553	16:27:00	Pedestrian	1	NA	TRUE	FALSE	1	SOLAR ST	ATWELLS AVE	2024-09-25	Two-Way , Not Divided	Dry	Daylight	Clear	Not a Collision Between Two Motor Vehicles in Transport	No	No Controls	2	1	Non-Incapacitating	NA	41.82336	-71.42359	FALSE	FALSE	Solar Street and Atwells Ave, Providence, RI, USA	NA	Raw	NA	FALSE	41.82336	-71.42359	2024	September	Federal Hill	13	440070009001030
234	2024-09-28	916620	02:04:00	Pedestrian	1	NA	FALSE	FALSE	1	STEEPLE ST	N MAIN ST	2024-09-28	Unknown	Dry	Dark - Not Lighted	Clear	Not a Collision Between Two Motor Vehicles in Transport	No	No Controls	4	1	Pain Reported	NA	41.82746	-71.40913	FALSE	FALSE	Steeple Street and N Main Street, Providence, RI, USA	NA	Raw	NA	FALSE	41.82746	-71.40913	2024	September	Downtown	1	440070008001022