row_number	crash_date	crash_report_id	crash_time	collision_type	count_pedestrian	count_bicycle	scooter	wheel_chair	number_of_vehicles	street_or_highway	nearest_intersection	report_date	type_of_roadway	road_surface_condition	light_condition	weather_condition	manner_of_impact	hit_and_run	traffic_control	person_count	injury_count	most_serious_injury	number_of_lanes	lat_raw	lon_raw	has_st_number	is_intersection_null	address_sent_to_geocoder	api_coord_conf	best_coordinate_set	reason_for_qa	manually_qaed_record	final_lat	final_lon	year	month	pvd_nhood	pvd_wards	geoid20
294	2024-11-21	918595	07:40:00	Pedestrian	1	NA	FALSE	FALSE	1	1025 EDDY ST	NA	2024-11-21	Two-Way , Not Divided	Wet	Daylight	Rain	Not a Collision Between Two Motor Vehicles in Transport	No	No Controls	2	1	Pain Reported	NA	NA	NA	TRUE	TRUE	1025 Eddy Street, Providence, RI, USA	NA	Neither	raw coords null but geocoded coords found	TRUE	41.79935	-71.40567	2024	November	Lower South Providence	10	440070006001103
295	2024-11-21	918612	14:36:00	Pedestrian	1	NA	TRUE	FALSE	1	BROADWAY	ALMY ST	2024-11-21	Two-Way , Not Divided	Wet	Daylight	Rain	Not a Collision Between Two Motor Vehicles in Transport	No	Traffic Control Signal	3	1	Pain Reported	NA	41.81896	-71.43294	FALSE	FALSE	Broadway and Almy Street, Providence, RI, USA	NA	Raw	NA	FALSE	41.81896	-71.43294	2024	November	Federal Hill	13	440070010001004
296	2024-11-21	918636	19:30:00	Pedestrian	1	NA	FALSE	FALSE	1	PITMAN ST	BUTLER AVE	2024-11-21	Two-Way , Not Divided	Wet	Dark - Lighted	Rain	Other	No	No Controls	2	1	Pain Reported	2	41.8268	-71.38713	FALSE	FALSE	Pitman Street and Butler Ave, Providence, RI, USA	NA	Raw	NA	FALSE	41.8268	-71.38713	2024	November	Fox Point	1	440070035003008
297	2024-11-22	918675	14:28:00	Pedestrian	1	NA	FALSE	FALSE	1	CRANSTON ST	FRICKER ST	2024-11-22	Two-Way , Not Divided	Dry	Daylight	Clear	Not a Collision Between Two Motor Vehicles in Transport	Yes	No Controls	1	1	Non-Incapacitating	NA	41.81687	-71.42273	FALSE	FALSE	Cranston Street and Fricker Street, Providence, RI, USA	NA	Raw	NA	FALSE	41.81687	-71.42273	2024	November	West End	11	440070012001000
298	2024-11-24	918740	15:30:00	Pedestrian	1	NA	FALSE	FALSE	1	CRANSTON ST.	HUNTINGTON AVE	2024-11-24	Two-Way , Not Divided	Dry	Daylight	Clear	Not a Collision Between Two Motor Vehicles in Transport	No	Traffic Control Signal	3	1	Incapacitating	NA	41.80366	-71.43938	FALSE	FALSE	Cranston St. and Huntington Ave, Providence, RI, USA	NA	Raw	NA	FALSE	41.80366	-71.43938	2024	November	West End	8	440070014005006
300	2024-11-25	918805	19:46:00	Pedestrian	1	NA	FALSE	FALSE	1	OXFORD ST	EDDY ST	2024-11-25	Two-Way , Not Divided	Dry	Dark - Lighted	Clear	Not a Collision Between Two Motor Vehicles in Transport	Yes	Stop Signs	1	1	Non-Incapacitating	NA	41.8031	-71.40669	FALSE	FALSE	Oxford Street and Eddy Street, Providence, RI, USA	NA	Raw	NA	FALSE	41.8031	-71.40669	2024	November	Lower South Providence	10	440070006001081
301	2024-11-27	918878	14:35:00	Pedestrian	1	NA	TRUE	FALSE	1	Dorrance St	West Exchange St	2024-11-27	Two-Way , Not Divided	Dry	Dusk	Clear	Not a Collision Between Two Motor Vehicles in Transport	No	Traffic Control Signal	2	1	Non-Incapacitating	NA	41.82498	-71.41474	FALSE	FALSE	Dorrance Street and West Exchange Street, Providence, RI, USA	NA	Raw	distance greater than 100m	TRUE	41.82498	-71.41474	2024	November	Downtown	1	440070008001050
302	2024-11-27	918880	16:18:00	Bicycle	NA	1	FALSE	FALSE	1	PLAINFIELD ST	ATWOOD ST	2024-11-27	Unknown	Dry	Daylight	Clear	Other	Yes	No Controls	1	1	Pain Reported	NA	NA	NA	FALSE	FALSE	Plainfield Street and Atwood Street, Providence, RI, USA	NA	Geocoded	raw coords null but geocoded coords found	TRUE	41.8159837	-71.4450571	2024	November	Olneyville	15	440070016011000
303	2024-11-27	918886	18:39:00	Pedestrian	1	NA	FALSE	FALSE	1	S WATER ST	WILLIAMS ST	2024-11-27	Two-Way , Not Divided	Dry	Dark - Lighted	Clear	Not a Collision Between Two Motor Vehicles in Transport	No	No Controls	2	1	Pain Reported	NA	41.82121	-71.40487	FALSE	FALSE	S Water Street and Williams Street, Providence, RI, USA	NA	Raw	distance greater than 100m	TRUE	41.82121	-71.40487	2024	November	Downtown	1	440070037002027
304	2024-11-28	918905	14:06:00	Bicycle	NA	1	FALSE	FALSE	1	CALDER ST	GREENWICH ST	2024-11-28	Two-Way , Not Divided	Wet	Daylight	Rain	Not a Collision Between Two Motor Vehicles in Transport	No	Pavement Markings	2	1	Pain Reported	NA	41.80225	-71.42992	FALSE	FALSE	Calder Street and Greenwich Street, Providence, RI, USA	NA	Raw	NA	FALSE	41.80225	-71.42992	2024	November	West End	8	440070003011016
305	2024-11-29	918920	10:32:00	Pedestrian	1	NA	FALSE	FALSE	1	PLAINFIELD STREET	DUXBURY ST	2024-11-29	Two-Way , Not Divided	Dry	Daylight	Clear	Not a Collision Between Two Motor Vehicles in Transport	No	No Controls	3	1	Pain Reported	NA	41.81177	-71.46175	FALSE	FALSE	Plainfield Street and Duxbury Street, Providence, RI, USA	NA	Raw	NA	FALSE	41.81177	-71.46175	2024	November	Silver Lake	7	440070017003006
306	2024-11-30	918952	08:38:00	Pedestrian	1	NA	FALSE	FALSE	1	WASHINGTON ST	EMPIRE ST	2024-11-30	Two-Way , Not Divided	Dry	Daylight	Clear	Not a Collision Between Two Motor Vehicles in Transport	No	Pavement Markings	3	1	Non-Incapacitating	NA	41.82182	-71.41645	FALSE	FALSE	Washington Street and Empire Street, Providence, RI, USA	NA	Raw	NA	FALSE	41.82182	-71.41645	2024	November	Downtown	1	440070008001072
307	2024-11-30	918963	17:34:00	Pedestrian	2	NA	FALSE	FALSE	1	COLLEGE ST.	COLLEGE ST	2024-11-30	Two-Way , Not Divided	Dry	Dark - Lighted	Clear	Not a Collision Between Two Motor Vehicles in Transport	No	Traffic Control Signal	3	2	Pain Reported	NA	41.82562	-71.4079	FALSE	FALSE	College St. and College Street, Providence, RI, USA	NA	Neither	distance greater than 100m	TRUE	41.825637	-71.407898	2024	November	Downtown	1	440070036023022
308	2024-12-02	919001	11:03:00	Pedestrian	1	NA	FALSE	FALSE	1	HOPE ST	WATERMAN ST	2024-12-02	Two-Way , Not Divided	Dry	Daylight	Clear	Not a Collision Between Two Motor Vehicles in Transport	No	Traffic Control Signal	2	1	Pain Reported	NA	41.82775	-71.39727	FALSE	FALSE	Hope Street and Waterman Street, Providence, RI, USA	NA	Raw	NA	FALSE	41.82775	-71.39727	2024	December	College Hill	1	440070036013001
309	2024-12-02	919018	19:26:00	Bicycle	NA	1	FALSE	FALSE	1	RAYMOND STREET	RAYMOND ST	2024-12-02	Two-Way , Not Divided	Dry	Dark - Lighted	Clear	Sideswipe, Same Direction	No	No Controls	2	0	No Injury	2	41.83287	-71.42957	FALSE	FALSE	Raymond Street and Raymond Street, Providence, RI, USA	NA	Raw	NA	FALSE	41.83287	-71.42957	2024	December	Valley	12	440070022001000
310	2024-12-04	919105	17:53:00	Pedestrian	1	NA	FALSE	FALSE	1	DORA ST	WEBSTER AVE	2024-12-04	Two-Way , Not Divided	Dry	Dark - Lighted	Clear	Not a Collision Between Two Motor Vehicles in Transport	No	No Controls	3	1	Pain Reported	NA	NA	NA	FALSE	FALSE	Dora Street and Webster Ave, Providence, RI, USA	NA	Geocoded	raw coords null but geocoded coords found	TRUE	41.8081115	-71.4481467	2024	December	Silver Lake	15	440070016022003
311	2024-12-06	919185	12:48:00	Pedestrian	1	NA	FALSE	FALSE	1	GLENBRIDGE AVE	MANTON AVE	2024-12-06	Two-Way , Not Divided	Dry	Daylight	Clear	Not a Collision Between Two Motor Vehicles in Transport	No	Pavement Markings	4	1	Non-Incapacitating	NA	41.82597	-71.45822	FALSE	FALSE	Glenbridge Ave and Manton Ave, Providence, RI, USA	NA	Raw	NA	FALSE	41.82597	-71.45822	2024	December	Manton	6	440070020001020
312	2024-12-07	919233	11:24:00	Pedestrian	1	NA	FALSE	FALSE	1	BRANCH AVE	VEAZIE ST	2024-12-07	Two-Way , Not Divided	Dry	Daylight	Clear	Not a Collision Between Two Motor Vehicles in Transport	No	Traffic Control Signal	4	1	Pain Reported	NA	41.85468	-71.43429	FALSE	FALSE	Branch Ave and Veazie Street, Providence, RI, USA	NA	Raw	NA	FALSE	41.85468	-71.43429	2024	December	Wanskuck	14	440070028021012
313	2024-12-08	919266	15:37:00	Bicycle	NA	1	FALSE	FALSE	1	3RD ST	HIGHLAND AVE	2024-12-08	Two-Way , Not Divided	Dry	Daylight	Clear	Not a Collision Between Two Motor Vehicles in Transport	No	Traffic Control Signal	2	1	Pain Reported	NA	41.85112	-71.40212	FALSE	FALSE	3rd Street and Highland Ave, Providence, RI, USA	NA	Geocoded	distance greater than 100m	TRUE	41.8505732	-71.40043779999999	2024	December	Hope	3	440070033004034
314	2024-12-09	919299	16:12:00	Pedestrian	1	NA	FALSE	FALSE	1	CHALKSTONE AVE	CANTON ST	2024-12-09	Two-Way , Not Divided	Wet	Dusk	Rain	Other	No	No Controls	4	1	Pain Reported	NA	41.83232	-71.44286	FALSE	FALSE	Chalkstone Ave and Canton Street, Providence, RI, USA	NA	Raw	NA	FALSE	41.83232	-71.44286	2024	December	Valley	6	440070023003005
315	2024-12-09	919306	16:22:00	Bicycle	NA	1	FALSE	FALSE	1	DELAINE ST	APPLETON ST	2024-12-09	Two-Way , Not Divided	Wet	Dark - Lighted	Rain	Not a Collision Between Two Motor Vehicles in Transport	No	No Controls	2	1	Pain Reported	NA	41.81903	-71.44294	FALSE	FALSE	Delaine Street and Appleton Street, Providence, RI, USA	NA	Raw	NA	FALSE	41.81903	-71.44294	2024	December	Olneyville	15	440070019002009
316	2024-12-11	919356	07:38:00	Pedestrian	1	NA	FALSE	FALSE	1	ANDERSON ST	MANTON AVE	2024-12-11	Two-Way, Divided, Unprotected (painted>4feet) Medium	Wet	Daylight	Rain	Not a Collision Between Two Motor Vehicles in Transport	No	Pavement Markings	3	1	Pain Reported	NA	41.8227	-71.45018	FALSE	FALSE	Anderson Street and Manton Ave, Providence, RI, USA	NA	Raw	NA	FALSE	41.8227	-71.45018	2024	December	Olneyville	15	440070019004008
317	2024-12-11	919385	17:47:00	Pedestrian	1	NA	FALSE	FALSE	1	BROAD ST.	BROAD ST	2024-12-11	Two-Way , Not Divided	Wet	Dark - Lighted	Rain	Not a Collision Between Two Motor Vehicles in Transport	Yes	No Controls	1	1	Pain Reported	NA	41.81458	-71.42106	FALSE	FALSE	Broad St. and Broad Street, Providence, RI, USA	NA	Raw	distance greater than 100m	TRUE	41.81458	-71.42106	2024	December	West End	11	440070012001005
318	2024-12-11	919395	14:26:00	Pedestrian	1	NA	FALSE	FALSE	1	BROAD ST	LOCKWOOD ST	2024-12-12	Two-Way, Divided, Unprotected (painted>4feet) Medium	Wet	Daylight	Rain	Not a Collision Between Two Motor Vehicles in Transport	No	Pavement Markings	3	0	No Injury	NA	41.81539	-71.4206	FALSE	FALSE	Broad Street and Lockwood Street, Providence, RI, USA	NA	Raw	NA	FALSE	41.81539	-71.4206	2024	December	West End	11	440070007003003
319	2024-12-12	919431	17:13:00	Pedestrian	1	NA	TRUE	FALSE	1	STILLMAN ST	PARK ROW	2024-12-12	Two-Way , Not Divided	Dry	Dark - Lighted	Clear	Not a Collision Between Two Motor Vehicles in Transport	No	No Controls	2	1	Pain Reported	NA	41.82859	-71.41166	FALSE	FALSE	Stillman Street and Park Row, Providence, RI, USA	NA	Raw	NA	FALSE	41.82859	-71.41166	2024	December	Downtown	12	440070008001017
320	2024-12-12	919439	18:26:00	Pedestrian	1	NA	FALSE	FALSE	1	POINT ST.	EDDY ST	2024-12-12	Two-Way , Not Divided	Dry	Dark - Lighted	Clear	Not a Collision Between Two Motor Vehicles in Transport	No	Traffic Control Signal	4	1	Pain Reported	NA	41.81684	-71.40656	FALSE	FALSE	Point St. and Eddy Street, Providence, RI, USA	NA	Raw	NA	FALSE	41.81684	-71.40656	2024	December	Downtown	1	440070006001025
321	2024-12-12	919447	21:15:00	Bicycle	NA	1	FALSE	FALSE	1	INDIA ST.	S MAIN ST	2024-12-12	Two-Way , Not Divided	Dry	Daylight	Clear	Not a Collision Between Two Motor Vehicles in Transport	No	No Controls	2	1	Pain Reported	NA	41.81644	-71.39876	FALSE	FALSE	India St. and S Main Street, Providence, RI, USA	NA	Raw	NA	FALSE	41.81644	-71.39876	2024	December	Fox Point	1	440070037002002
322	2024-12-16	919569	18:54:00	Bicycle	NA	1	FALSE	FALSE	1	ACADEMY AVE	NEWARK ST	2024-12-16	Two-Way , Not Divided	Wet	Dark - Lighted	Rain	Not a Collision Between Two Motor Vehicles in Transport	No	Stop Signs	2	1	Pain Reported	NA	41.82544	-71.4434	FALSE	FALSE	Academy Ave and Newark Street, Providence, RI, USA	NA	Raw	NA	FALSE	41.82544	-71.4434	2024	December	Mount Pleasant	6	440070022003012
323	2024-12-16	919573	22:52:00	Pedestrian	1	NA	FALSE	FALSE	1	CHARLESFIELD STREET	BROOK ST	2024-12-17	Two-Way , Not Divided	Wet	Dark - Lighted	Rain	Not a Collision Between Two Motor Vehicles in Transport	No	No Controls	2	0	No Injury	NA	41.82405	-71.39836	FALSE	FALSE	Charlesfield Street and Brook Street, Providence, RI, USA	NA	Raw	NA	FALSE	41.82405	-71.39836	2024	December	College Hill	1	440070036011028
324	2024-12-17	919607	14:29:00	Pedestrian	1	NA	FALSE	FALSE	1	BRANCH AVE EXIT	BRANCH AVE	2024-12-17	One-Way Trafficway	Dry	Daylight	Clear	Not a Collision Between Two Motor Vehicles in Transport	No	Traffic Control Signal	2	1	Non-Incapacitating	NA	41.85349	-71.42757	FALSE	FALSE	Branch Ave Exit and Branch Ave, Providence, RI, USA	NA	Raw	distance greater than 100m	TRUE	41.85349	-71.42757	2024	December	Wanskuck	4	440070028021007
325	2024-12-19	919683	12:35:00	Pedestrian	1	NA	FALSE	FALSE	1	WATERMAN ST	BROOK ST	2024-12-19	One-Way Trafficway	Dry	Daylight	Clear	Not a Collision Between Two Motor Vehicles in Transport	No	Traffic Control Signal	4	1	Non-Incapacitating	NA	41.8274	-71.39933	FALSE	FALSE	Waterman Street and Brook Street, Providence, RI, USA	NA	Raw	NA	FALSE	41.8274	-71.39933	2024	December	College Hill	1	440070036011020
326	2024-12-19	919695	16:48:00	Pedestrian	1	NA	FALSE	FALSE	1	NARRAGANSETT BLVD	NARRAGANSETT BLVD	2024-12-19	Two-Way , Not Divided	Dry	Dark - Lighted	Clear	Not a Collision Between Two Motor Vehicles in Transport	No	Pavement Markings	2	1	Pain Reported	NA	41.78887	-71.39595	FALSE	FALSE	Narragansett Blvd and Narragansett Blvd, Providence, RI, USA	NA	Raw	distance greater than 100m	TRUE	41.78887	-71.39595	2024	December	Washington Park	10	440070001012003
327	2024-12-20	919703	07:47:00	Pedestrian	1	NA	FALSE	FALSE	1	DEXTER ST	DABOLL ST	2024-12-20	Two-Way , Not Divided	Dry	Daylight	Cloudy	Not a Collision Between Two Motor Vehicles in Transport	Yes	Person	2	1	Pain Reported	NA	41.80411	-71.43014	FALSE	FALSE	Dexter Street and Daboll Street, Providence, RI, USA	NA	Raw	NA	FALSE	41.80411	-71.43014	2024	December	West End	8	440070003011007
328	2024-12-20	919720	15:41:00	Pedestrian	1	NA	FALSE	FALSE	1	broad st	BROAD ST	2024-12-20	Two-Way, Divided, Unprotected (painted>4feet) Medium	Dry	Daylight	Snow	Not a Collision Between Two Motor Vehicles in Transport	No	No Controls	2	0	No Injury	NA	41.81415	-71.4213	FALSE	FALSE	Broad Street and Broad Street, Providence, RI, USA	NA	Raw	distance greater than 100m	TRUE	41.81415	-71.4213	2024	December	West End	11	440070012001005
329	2024-12-21	919768	10:45:00	Bicycle	NA	1	FALSE	FALSE	1	INDUSTRIAL DR (BARBARA L WAY)	N MAIN ST	2024-12-21	Two-Way , Not Divided	Wet	Daylight	Cloudy	Not a Collision Between Two Motor Vehicles in Transport	No	No Controls	2	1	Pain Reported	NA	41.84066	-71.4092	FALSE	FALSE	Industrial Dr (Barbara L Way) and N Main Street, Providence, RI, USA	NA	Neither	distance greater than 100m	TRUE	41.840624	-71.408865	2024	December	Mount Hope	3	440070031003001
330	2024-12-27	919947	20:16:00	Pedestrian	1	NA	FALSE	FALSE	1	MAUDE ST	CONVENT ST	2024-12-27	Two-Way , Not Divided	Dry	Dark - Lighted	Clear	Not a Collision Between Two Motor Vehicles in Transport	No	No Controls	3	1	Pain Reported	NA	41.83756	-71.43347	FALSE	FALSE	Maude Street and Convent Street, Providence, RI, USA	NA	Raw	NA	FALSE	41.83756	-71.43347	2024	December	Elmhurst	5	440070023001004
331	2024-12-28	919961	19:57:00	Pedestrian	1	NA	FALSE	FALSE	1	VALLEY ST	RIVER AVE	2024-12-28	Two-Way , Not Divided	Wet	Dark - Lighted	Rain	Not a Collision Between Two Motor Vehicles in Transport	No	Pavement Markings	2	1	Pain Reported	NA	41.82796	-71.43516	FALSE	FALSE	Valley Street and River Ave, Providence, RI, USA	NA	Raw	NA	FALSE	41.82796	-71.43516	2024	December	Valley	12	440070022002007
332	2024-12-30	919998	18:08:00	Bicycle	NA	1	FALSE	FALSE	1	NORTHUP AVE	SILVER SPRING ST	2024-12-30	Two-Way , Not Divided	Dry	Daylight	Clear	Not a Collision Between Two Motor Vehicles in Transport	Yes	Traffic Control Signal	2	1	Pain Reported	NA	41.85177	-71.41302	FALSE	FALSE	Northup Ave and Silver Spring Street, Providence, RI, USA	NA	Raw	NA	FALSE	41.85177	-71.41302	2024	December	Charles	4	440070029001032
333	2024-12-31	920018	18:11:00	Pedestrian	1	NA	FALSE	FALSE	1	ELMWOOD AVE.	CARTER ST	2024-12-31	Two-Way , Not Divided	Dry	Dark - Lighted	Clear	Not a Collision Between Two Motor Vehicles in Transport	No	No Controls	3	1	Pain Reported	NA	41.7994	-71.4265	FALSE	FALSE	Elmwood Ave. and Carter Street, Providence, RI, USA	NA	Raw	NA	FALSE	41.7994	-71.4265	2024	December	West End	9	440070003012009
334	2024-12-31	920022	16:48:00	Bicycle	NA	1	FALSE	FALSE	1	PUTNAM ST	ATWELLS AVE	2024-12-31	Two-Way , Not Divided	Dry	Dark - Lighted	Clear	Not a Collision Between Two Motor Vehicles in Transport	No	Flashing Traffic Control Signal	3	1	Pain Reported	NA	41.8248	-71.44372	FALSE	FALSE	Putnam Street and Atwells Ave, Providence, RI, USA	NA	Raw	NA	FALSE	41.8248	-71.44372	2024	December	Olneyville	6	440070021023017
1	2025-01-02	920089	08:11:00	Pedestrian	1	NA	FALSE	FALSE	1	TERMINAL ROAD	NEW YORK AVE	2025-01-03	Unknown	Dry	Daylight	Clear	Unknown	Yes	Unknown	3	0	No Injury	NA	41.79613	-71.39506	FALSE	FALSE	Terminal Road and New York Ave, Providence, RI, USA	NA	Geocoded	distance greater than 100m	TRUE	41.7943605	-71.3864663	2025	January	Washington Park	10	440070001011001
2	2025-01-02	920108	23:14:00	Pedestrian	1	NA	FALSE	FALSE	1	325 washington st	NA	2025-01-04	Two-Way , Not Divided	Dry	Dark - Lighted	Clear	Not a Collision Between Two Motor Vehicles in Transport	No	No Controls	3	1	Pain Reported	NA	NA	NA	TRUE	TRUE	325 Washington Street, Providence, RI, USA	NA	Geocoded	raw coords null but geocoded coords found	TRUE	41.81973139999999	-71.4203833	2025	January	Federal Hill	13	440070011002010
3	2025-01-05	920134	18:25:00	Pedestrian	2	NA	FALSE	FALSE	1	FOUNTAIN ST	FRANCIS ST	2025-01-05	Two-Way , Not Divided	Dry	Daylight	Clear	Not a Collision Between Two Motor Vehicles in Transport	Yes	Traffic Control Signal	2	2	Pain Reported	NA	41.82491	-71.41471	FALSE	FALSE	Fountain Street and Francis Street, Providence, RI, USA	NA	Raw	NA	FALSE	41.82491	-71.41471	2025	January	Downtown	1	440070008001050
4	2025-01-05	920169	17:15:00	Bicycle	NA	1	FALSE	FALSE	1	PLAINFIELD ST	RALPH ST	2025-01-07	Unknown	Dry	Dark - Unknown Lighting	Clear	Sidwswipe, Opposite Direction	No	Unknown	3	0	Unknown	NA	41.81345	-71.45352	FALSE	FALSE	Plainfield Street and Ralph Street, Providence, RI, USA	NA	Raw	NA	FALSE	41.81345	-71.45352	2025	January	Silver Lake	15	440070016013007
5	2025-01-07	920181	16:04:00	Pedestrian	1	NA	FALSE	FALSE	1	WICKENDEN ST	BROOK ST	2025-01-07	Two-Way , Not Divided	Dry	Daylight	Clear	Not a Collision Between Two Motor Vehicles in Transport	No	Pavement Markings	3	1	Pain Reported	NA	41.81948	-71.39826	FALSE	FALSE	Wickenden Street and Brook Street, Providence, RI, USA	NA	Raw	NA	FALSE	41.81948	-71.39826	2025	January	Fox Point	1	440070037003017
8	2025-01-08	920198	16:56:00	Bicycle	NA	1	FALSE	FALSE	1	CANAL ST	MILL ST	2025-01-08	One-Way Trafficway	Dry	Dark - Lighted	Clear	Not a Collision Between Two Motor Vehicles in Transport	No	Pavement Markings	2	1	Pain Reported	NA	41.8323	-71.41095	FALSE	FALSE	Canal Street and Mill Street, Providence, RI, USA	NA	Raw	distance greater than 100m	TRUE	41.8323	-71.41095	2025	January	Downtown	3	440070031003031
9	2025-01-08	920213	11:51:00	Pedestrian	1	NA	FALSE	FALSE	1	WESTMINSTER ST	EMPIRE ST	2025-01-09	Two-Way , Not Divided	Dry	Daylight	Clear	Not a Collision Between Two Motor Vehicles in Transport	Yes	Traffic Control Signal	1	1	Incapacitating	NA	41.82097	-71.41532	FALSE	FALSE	Westminster Street and Empire Street, Providence, RI, USA	NA	Raw	NA	FALSE	41.82097	-71.41532	2025	January	Downtown	1	440070008003071
11	2025-01-10	920278	16:38:00	Pedestrian	1	NA	FALSE	FALSE	1	GREENWICH ST	BUCKLIN ST	2025-01-10	Two-Way , Not Divided	Dry	Daylight	Clear	Rear End(Front-to-Rear)	No	No Controls	3	1	Pain Reported	NA	41.80237	-71.4261	FALSE	FALSE	Greenwich Street and Bucklin Street, Providence, RI, USA	NA	Geocoded	distance greater than 100m	TRUE	41.8023394	-71.4276629	2025	January	West End	8	440070003011015
12	2025-01-12	920320	11:56:00	Pedestrian	2	NA	FALSE	FALSE	1	HEATH ST	HARTFORD AVE	2025-01-12	Two-Way , Not Divided	Dry	Daylight	Clear	Not a Collision Between Two Motor Vehicles in Transport	Yes	No Controls	4	2	Pain Reported	NA	41.81719	-71.44991	FALSE	FALSE	Heath Street and Hartford Ave, Providence, RI, USA	NA	Raw	NA	FALSE	41.81719	-71.44991	2025	January	Hartford	7	440070016011006
14	2025-01-12	920331	09:10:00	Pedestrian	1	NA	FALSE	FALSE	1	Allens Ave	ALLENS AVE	2025-01-12	Two-Way , Not Divided	Dry	Dark - Lighted	Clear	Not a Collision Between Two Motor Vehicles in Transport	No	No Controls	3	1	Pain Reported	NA	41.79296	-71.3973	FALSE	FALSE	Allens Ave and Allens Ave, Providence, RI, USA	NA	Raw	distance greater than 100m	TRUE	41.79296	-71.3973	2025	January	Washington Park	10	440070001011014
15	2025-01-14	920371	08:39:00	Pedestrian	1	NA	FALSE	FALSE	1	SMITHFIELD AVE	SMITHFIELD AVE	2025-01-14	Two-Way, Divided, Positive Median Barrier	Dry	Daylight	Clear	Not a Collision Between Two Motor Vehicles in Transport	No	Traffic Control Signal	4	1	Non-Incapacitating	NA	41.85501	-71.40489	FALSE	FALSE	Smithfield Ave and Smithfield Ave, Providence, RI, USA	NA	Raw	distance greater than 100m	TRUE	41.85501	-71.40489	2025	January	Hope	3	440070033004003
16	2025-01-14	920421	18:27:00	Pedestrian	1	NA	FALSE	FALSE	1	BROADWAY	SERVICE ROAD 7	2025-01-14	One-Way Trafficway	Dry	Dark - Not Lighted	Clear	Not a Collision Between Two Motor Vehicles in Transport	No	Pavement Markings	3	1	Pain Reported	NA	41.82178	-71.4208	FALSE	FALSE	Broadway and Service Road 7, Providence, RI, USA	NA	Raw	NA	FALSE	41.82178	-71.4208	2025	January	Federal Hill	13	440070009001043
17	2025-01-15	920438	09:00:00	Pedestrian	1	NA	FALSE	FALSE	1	ACADEMY AVE	SMITH ST	2025-01-15	Two-Way , Not Divided	Dry	Daylight	Clear	Angle (Front - to - Side) Same Direction	No	Traffic Control Signal	3	1	Pain Reported	NA	41.84258	-71.44515	FALSE	FALSE	Academy Ave and Smith Street, Providence, RI, USA	NA	Raw	NA	FALSE	41.84258	-71.44515	2025	January	Mount Pleasant	5	440070024005017
18	2025-01-15	920460	16:00:00	Pedestrian	1	NA	FALSE	FALSE	1	RANDALL ST	N MAIN ST	2025-01-15	Two-Way , Not Divided	Dry	Daylight	Clear	Not a Collision Between Two Motor Vehicles in Transport	Yes	Yield Signs	1	1	Pain Reported	NA	41.83766	-71.4097	FALSE	FALSE	Randall Street and N Main Street, Providence, RI, USA	NA	Raw	distance greater than 100m	TRUE	41.83766	-71.4097	2025	January	College Hill	3	440070031004004
19	2025-01-15	920668	11:15:00	Pedestrian	1	NA	FALSE	FALSE	1	ANGELL ST	BROOK ST	2025-01-21	Two-Way , Not Divided	Dry	Daylight	Clear	Not a Collision Between Two Motor Vehicles in Transport	Yes	No Controls	1	1	Pain Reported	NA	41.82821	-71.39947	FALSE	FALSE	Angell Street and Brook Street, Providence, RI, USA	NA	Raw	NA	FALSE	41.82821	-71.39947	2025	January	College Hill	2	440070036011014
20	2025-01-17	920670	07:20:00	Other	NA	1	FALSE	FALSE	1	SMITH ST	ACADEMY AVE	2025-01-21	Two-Way , Not Divided	Dry	Daylight	Clear	Sideswipe, Same Direction	Yes	No Controls	1	0	Unknown	NA	41.84271	-71.44545	FALSE	FALSE	Smith Street and Academy Ave, Providence, RI, USA	NA	Raw	NA	FALSE	41.84271	-71.44545	2025	January	Mount Pleasant	5	440070024005018
21	2025-01-18	920594	17:43:00	Pedestrian	1	NA	FALSE	FALSE	1	10 MEMORIAL BLVD	FRANCIS ST	2025-01-18	Two-Way, Divided, Positive Median Barrier	Wet	Dark - Lighted	Rain	Other	No	No Controls	2	1	Pain Reported	NA	41.82618	-71.41443	TRUE	FALSE	10 Memorial Blvd, Providence, RI, USA	NA	Raw	NA	FALSE	41.82618	-71.41443	2025	January	Downtown	1	440070008001035
22	2025-01-18	920597	21:05:00	Other	NA	1	TRUE	FALSE	1	EXIT 22A (RT )	FRANCIS ST	2025-01-18	Two-Way, Divided, Positive Median Barrier	Wet	Dark - Lighted	Rain	Not a Collision Between Two Motor Vehicles in Transport	No	Pavement Markings	2	2	Pain Reported	NA	41.82577	-71.41527	FALSE	FALSE	Exit 22a (Rt ) and Francis Street, Providence, RI, USA	NA	Raw	distance greater than 100m	TRUE	41.82577	-71.41527	2025	January	Downtown	1	440070008001041
23	2025-01-19	920616	14:57:00	Bicycle	NA	1	TRUE	FALSE	1	POTTERS AVE	BROAD ST	2025-01-19	Two-Way , Not Divided	Dry	Daylight	Clear	Not a Collision Between Two Motor Vehicles in Transport	No	Pavement Markings	5	1	Pain Reported	NA	41.80297	-71.41891	FALSE	FALSE	Potters Ave and Broad Street, Providence, RI, USA	NA	Raw	NA	FALSE	41.80297	-71.41891	2025	January	Elmwood	9	440070004004007