row_number	crash_date	crash_report_id	crash_time	collision_type	count_pedestrian	count_bicycle	scooter	wheel_chair	number_of_vehicles	street_or_highway	nearest_intersection	report_date	type_of_roadway	road_surface_condition	light_condition	weather_condition	manner_of_impact	hit_and_run	traffic_control	person_count	injury_count	most_serious_injury	number_of_lanes	lat_raw	lon_raw	has_st_number	is_intersection_null	address_sent_to_geocoder	api_coord_conf	best_coordinate_set	reason_for_qa	manually_qaed_record	final_lat	final_lon	year	month	pvd_nhood	pvd_wards	geoid20
24	2025-01-22	920731	16:07:00	Pedestrian	3	NA	FALSE	FALSE	1	BROAD ST	EARLY ST	2025-01-22	Two-Way, Divided, Unprotected (painted>4feet) Medium	Dry	Daylight	Cloudy	Not a Collision Between Two Motor Vehicles in Transport	No	No Controls	4	2	Non-Incapacitating	NA	41.79536	-71.41114	FALSE	FALSE	Broad Street and Early Street, Providence, RI, USA	NA	Raw	NA	FALSE	41.79536	-71.41114	2025	January	Elmwood	9	440070005003016
25	2025-01-23	920756	15:06:00	Pedestrian	1	NA	FALSE	FALSE	1	BRANCH AVE EXIT	BRANCH AVE	2025-01-23	Two-Way, Divided, Positive Median Barrier	Dry	Daylight	Clear	Sideswipe, Same Direction	No	Traffic Control Signal	3	1	Pain Reported	NA	41.8464	-71.41175	FALSE	FALSE	Branch Ave Exit and Branch Ave, Providence, RI, USA	NA	Raw	distance greater than 100m	TRUE	41.8464	-71.41175	2025	January	Mount Hope	4	440070029001036
26	2025-01-24	920790	14:40:00	Bicycle	NA	1	FALSE	FALSE	1	DEXTER ST	WESTMINSTER ST	2025-01-24	Two-Way , Not Divided	Dry	Daylight	Clear	Angle (Front - to - Side) Right Angle (Includes Broadside)	No	No Controls	2	1	Pain Reported	NA	41.81652	-71.43131	FALSE	FALSE	Dexter Street and Westminster Street, Providence, RI, USA	NA	Raw	NA	FALSE	41.81652	-71.43131	2025	January	West End	13	440070012002002
28	2025-01-26	920839	11:36:00	Pedestrian	1	NA	FALSE	FALSE	1	1 PROVIDENCE PLACE	FRANCIS ST	2025-01-26	One-Way Trafficway	Dry	Daylight	Clear	Not a Collision Between Two Motor Vehicles in Transport	Yes	No Controls	3	0	No Injury	NA	NA	NA	TRUE	FALSE	1 Providence Place, Providence, RI, USA	NA	Geocoded	raw coords null but geocoded coords found	TRUE	41.8278238	-71.4162068	2025	January	Downtown	12	440070008001031
30	2025-01-27	920872	15:36:00	Bicycle	NA	1	FALSE	FALSE	1	WESTMINSTER ST	BRIDGHAM ST	2025-01-27	Two-Way , Not Divided	Dry	Daylight	Clear	Angle (Front - to - Side) Same Direction	No	Traffic Control Signal	3	0	No Injury	NA	41.8169	-71.42851	FALSE	FALSE	Westminster Street and Bridgham Street, Providence, RI, USA	NA	Raw	NA	FALSE	41.8169	-71.42851	2025	January	West End	13	440070011002027
31	2025-01-27	920877	15:10:00	Pedestrian	1	NA	FALSE	FALSE	1	RANDALL ST	N MAIN ST	2025-01-27	Two-Way, Divided, Positive Median Barrier	Dry	Daylight	Clear	Not a Collision Between Two Motor Vehicles in Transport	No	Pavement Markings	3	1	Pain Reported	NA	41.83834	-71.40953	FALSE	FALSE	Randall Street and N Main Street, Providence, RI, USA	NA	Raw	distance greater than 100m	TRUE	41.83834	-71.40953	2025	January	Mount Hope	3	440070031002011
32	2025-01-28	920884	08:39:00	Bicycle	NA	1	FALSE	FALSE	1	college st	MEMORIAL BLVD	2025-01-28	Two-Way, Divided, Unprotected (painted>4feet) Medium	Dry	Daylight	Clear	Angle (Front - to - Side) Right Angle (Includes Broadside)	No	No Controls	3	1	Pain Reported	1	41.82545	-71.40839	FALSE	FALSE	College Street and Memorial Blvd, Providence, RI, USA	NA	Raw	NA	FALSE	41.82545	-71.40839	2025	January	Downtown	1	440070008003000
33	2025-01-28	920901	15:31:00	Pedestrian	1	NA	FALSE	FALSE	1	Lubec St	MANILA ST	2025-01-28	Two-Way , Not Divided	Dry	Daylight	Clear	Not a Collision Between Two Motor Vehicles in Transport	No	No Controls	3	1	Pain Reported	NA	41.85439	-71.44544	FALSE	FALSE	Lubec Street and Manila Street, Providence, RI, USA	NA	Raw	NA	FALSE	41.85439	-71.44544	2025	January	Wanskuck	14	440070028011004
34	2025-01-29	920931	13:15:00	Pedestrian	1	NA	FALSE	FALSE	1	Washington St	Mathewson St	2025-01-29	Two-Way , Not Divided	Dry	Daylight	Clear	Not a Collision Between Two Motor Vehicles in Transport	No	Traffic Control Signal	3	1	Pain Reported	2	NA	NA	FALSE	FALSE	Washington Street and Mathewson Street, Providence, RI, USA	NA	Geocoded	raw coords null but geocoded coords found	TRUE	41.823059	-71.4147776	2025	January	Downtown	1	440070008001054
38	2025-02-03	921123	13:50:00	Pedestrian	1	NA	FALSE	FALSE	1	S WATER ST	PLANET ST	2025-02-04	Two-Way , Not Divided	Dry	Daylight	Clear	Not a Collision Between Two Motor Vehicles in Transport	Yes	Stop Signs	1	1	Pain Reported	NA	41.82283	-71.40647	FALSE	FALSE	S Water Street and Planet Street, Providence, RI, USA	NA	Raw	NA	FALSE	41.82283	-71.40647	2025	February	Downtown	1	440070008003057
39	2025-02-04	921109	12:55:00	Pedestrian	1	NA	FALSE	FALSE	1	UNION AVE	POCASSET AVE	2025-02-04	Two-Way , Not Divided	Dry	Daylight	Clear	Not a Collision Between Two Motor Vehicles in Transport	No	No Controls	2	1	Pain Reported	NA	41.80639	-71.45714	FALSE	FALSE	Union Ave and Pocasset Ave, Providence, RI, USA	NA	Raw	NA	FALSE	41.80639	-71.45714	2025	February	Silver Lake	7	440070017002012
42	2025-02-05	921137	07:53:00	Pedestrian	1	NA	FALSE	FALSE	1	HARTFORD AVE	LAUREL HILL AVE	2025-02-05	Two-Way, Divided, Unprotected (painted>4feet) Medium	Dry	Daylight	Clear	Not a Collision Between Two Motor Vehicles in Transport	No	Pavement Markings	3	1	Pain Reported	NA	41.81795	-71.45532	FALSE	FALSE	Hartford Ave and Laurel Hill Ave, Providence, RI, USA	NA	Raw	NA	FALSE	41.81795	-71.45532	2025	February	Hartford	7	440070018002008
43	2025-02-06	921177	21:20:00	Pedestrian	1	NA	TRUE	FALSE	1	BROAD ST	LAURA ST	2025-02-06	Two-Way , Not Divided	Dry	Dark - Lighted	Clear	Head-On (Front - to - Front)	Yes	No Controls	2	1	Pain Reported	NA	41.80232	-71.41871	FALSE	FALSE	Broad Street and Laura Street, Providence, RI, USA	NA	Raw	NA	FALSE	41.80232	-71.41871	2025	February	Elmwood	9	440070004004008
44	2025-02-07	921191	12:21:00	Pedestrian	1	NA	FALSE	FALSE	1	CHARLES ST	SOCIAL ST	2025-02-07	Two-Way , Not Divided	Dry	Daylight	Clear	Not a Collision Between Two Motor Vehicles in Transport	No	No Controls	3	1	Fatal	NA	41.85378	-71.42052	FALSE	FALSE	Charles Street and Social Street, Providence, RI, USA	NA	Raw	NA	FALSE	41.85378	-71.42052	2025	February	Charles	4	440070029002006
45	2025-02-09	921229	00:30:00	Pedestrian	1	NA	FALSE	FALSE	2	AMES ST	ATWELLS AVE	2025-02-09	Two-Way , Not Divided	Snow	Dark - Lighted	Snow	Angle - Direction Not Specified	No	No Controls	4	1	Pain Reported	NA	41.82418	-71.43098	FALSE	FALSE	Ames Street and Atwells Ave, Providence, RI, USA	NA	Raw	NA	FALSE	41.82418	-71.43098	2025	February	Federal Hill	13	440070009001007
46	2025-02-12	921336	17:53:00	Pedestrian	1	NA	FALSE	FALSE	1	ADMIRAL ST	CHARLES ST	2025-02-12	Two-Way , Not Divided	Dry	Dark - Lighted	Clear	Other	No	Traffic Control Signal	3	1	Pain Reported	NA	41.8407	-71.41747	FALSE	FALSE	Admiral Street and Charles Street, Providence, RI, USA	NA	Raw	NA	FALSE	41.8407	-71.41747	2025	February	Smith Hill	4	440070029004011
47	2025-02-13	921350	09:30:00	Pedestrian	1	NA	FALSE	FALSE	1	DEXTER ST	CRANSTON ST	2025-02-13	Two-Way , Not Divided	Wet	Daylight	Rain	Not a Collision Between Two Motor Vehicles in Transport	Yes	No Controls	2	1	Pain Reported	NA	41.81241	-71.4295	FALSE	FALSE	Dexter Street and Cranston Street, Providence, RI, USA	NA	Raw	NA	FALSE	41.81241	-71.4295	2025	February	West End	11	440070012002017
51	2025-02-17	921456	10:57:00	Pedestrian	1	NA	FALSE	FALSE	1	DUDLEY ST	CULVER ST	2025-02-17	Two-Way , Not Divided	Dry	Daylight	Severe Crosswinds	Not a Collision Between Two Motor Vehicles in Transport	No	No Controls	4	1	Incapacitating	NA	41.81061	-71.40852	FALSE	FALSE	Dudley Street and Culver Street, Providence, RI, USA	NA	Raw	NA	FALSE	41.81061	-71.40852	2025	February	Upper South Providence	11	440070006001065
53	2025-02-17	921467	22:35:00	Pedestrian	1	NA	FALSE	FALSE	1	BROAD ST	PINE ST	2025-02-17	Two-Way , Not Divided	Dry	Dark - Lighted	Clear	Not a Collision Between Two Motor Vehicles in Transport	Yes	No Controls	1	1	Pain Reported	NA	41.81167	-71.42151	FALSE	FALSE	Broad Street and Pine Street, Providence, RI, USA	NA	Geocoded	distance greater than 100m	TRUE	41.8107393	-71.42125469999999	2025	February	Elmwood	11	440070007002027
54	2025-02-20	921521	15:08:00	Pedestrian	1	NA	FALSE	FALSE	1	BROAD ST	MONTGOMERY AVE	2025-02-20	Two-Way , Not Divided	Dry	Daylight	Cloudy	Not a Collision Between Two Motor Vehicles in Transport	No	Pavement Markings	3	1	Pain Reported	NA	41.78592	-71.40168	FALSE	FALSE	Broad Street and Montgomery Ave, Providence, RI, USA	NA	Raw	NA	FALSE	41.78592	-71.40168	2025	February	NA	10	440070001014011
55	2025-02-24	921634	09:00:00	Other	NA	1	FALSE	FALSE	1	EARL ST	ELMWOOD AVE	2025-02-25	Unknown	Dry	Daylight	Clear	Angle (Front - to - Side) Same Direction	No	Unknown	3	0	No Injury	NA	41.79809	-71.42618	FALSE	FALSE	Earl Street and Elmwood Ave, Providence, RI, USA	NA	Raw	NA	FALSE	41.79809	-71.42618	2025	February	West End	9	440070003012014
56	2025-02-25	921641	11:12:00	Bicycle	NA	1	FALSE	FALSE	1	VANDEWATER STREET	BRANCH AVENUE	2025-02-25	Two-Way , Not Divided	Dry	Daylight	Clear	Angle (Front - to - Side) Right Angle (Includes Broadside)	No	No Controls	3	0	No Injury	2	NA	NA	FALSE	FALSE	Vandewater Street and Branch Avenue, Providence, RI, USA	NA	Geocoded	raw coords null but geocoded coords found	TRUE	41.8536916	-71.42882759999999	2025	February	Wanskuck	4	440070028021012
57	2025-02-25	921665	22:54:00	Pedestrian	1	NA	FALSE	FALSE	1	ABRAM ST	BRANCH AVE	2025-02-26	Two-Way , Not Divided	Wet	Dark - Lighted	Clear	Not a Collision Between Two Motor Vehicles in Transport	No	No Controls	2	1	Pain Reported	NA	41.85387	-71.4308	FALSE	FALSE	Abram Street and Branch Ave, Providence, RI, USA	NA	Raw	NA	FALSE	41.85387	-71.4308	2025	February	Wanskuck	14	440070028022000
59	2025-02-26	921771	20:30:00	Other	NA	1	FALSE	FALSE	1	ANGELL ST	BROWN ST	2025-02-28	One-Way Trafficway	Dry	Dark - Unknown Lighting	Clear	Other	No	Unknown	3	1	Pain Reported	NA	41.82786	-71.40319	FALSE	FALSE	Angell Street and Brown Street, Providence, RI, USA	NA	Raw	NA	FALSE	41.82786	-71.40319	2025	February	College Hill	2	440070036023028
60	2025-02-27	921709	08:07:00	Pedestrian	1	NA	FALSE	FALSE	1	CHAPIN AVE	PARADE ST	2025-02-27	Two-Way, Divided, Positive Median Barrier	Dry	Daylight	Cloudy	Head-On (Front - to - Front)	No	No Controls	4	1	Pain Reported	NA	41.81189	-71.43122	FALSE	FALSE	Chapin Ave and Parade Street, Providence, RI, USA	NA	Raw	NA	FALSE	41.81189	-71.43122	2025	February	West End	13	440070013002003
61	2025-02-27	921716	12:34:00	Bicycle	NA	1	FALSE	FALSE	1	WASHINGTON ST	EDDY ST	2025-02-27	Two-Way , Not Divided	Wet	Daylight	Cloudy	Not a Collision Between Two Motor Vehicles in Transport	No	No Controls	3	1	Non-Incapacitating	NA	41.82401	-71.4134	FALSE	FALSE	Washington Street and Eddy Street, Providence, RI, USA	NA	Raw	NA	FALSE	41.82401	-71.4134	2025	February	Downtown	1	440070008001052
62	2025-02-27	921739	16:27:00	Pedestrian	1	NA	FALSE	FALSE	1	Diamond St	HOLLIS ST	2025-02-27	Two-Way , Not Divided	Wet	Daylight	Rain	Other	No	No Controls	3	1	Pain Reported	NA	41.81044	-71.42959	FALSE	FALSE	Diamond Street and Hollis Street, Providence, RI, USA	NA	Raw	NA	FALSE	41.81044	-71.42959	2025	February	West End	8	440070014001000
64	2025-02-28	921792	21:13:00	Pedestrian	1	NA	FALSE	FALSE	1	MONTICELLO ST	OPPER ST	2025-02-28	Two-Way , Not Divided	Dry	Dark - Not Lighted	Clear	Not a Collision Between Two Motor Vehicles in Transport	Yes	No Controls	1	1	Pain Reported	NA	41.85227	-71.42309	FALSE	FALSE	Monticello Street and Opper Street, Providence, RI, USA	NA	Raw	NA	FALSE	41.85227	-71.42309	2025	February	Charles	4	440070029005015
65	2025-03-01	921807	13:05:00	Other	NA	1	FALSE	FALSE	1	BROAD ST	SUMTER ST	2025-03-01	Two-Way , Not Divided	Wet	Daylight	Cloudy	Not a Collision Between Two Motor Vehicles in Transport	No	No Controls	3	0	No Injury	NA	41.79769	-71.41405	FALSE	FALSE	Broad Street and Sumter Street, Providence, RI, USA	NA	Raw	NA	FALSE	41.79769	-71.41405	2025	March	Elmwood	9	440070005003007
66	2025-03-02	921932	19:40:00	Pedestrian	1	NA	FALSE	FALSE	1	ARMINGTON AVE	ACADEMY AVE	2025-03-05	Two-Way , Not Divided	Dry	Dark - Unknown Lighting	Clear	Other	No	Unknown	3	0	No Injury	NA	41.82725	-71.44371	FALSE	FALSE	Armington Ave and Academy Ave, Providence, RI, USA	NA	Raw	NA	FALSE	41.82725	-71.44371	2025	March	Mount Pleasant	12	440070022003008
69	2025-03-04	921929	16:39:00	Pedestrian	1	NA	FALSE	FALSE	1	BROAD ST	BROAD ST	2025-03-04	Unknown	Dry	Daylight	Clear	Not a Collision Between Two Motor Vehicles in Transport	Yes	No Controls	1	1	Pain Reported	NA	41.81003	-71.42108	FALSE	FALSE	Broad Street and Broad Street, Providence, RI, USA	NA	Raw	distance greater than 100m	TRUE	41.81003	-71.42108	2025	March	Elmwood	11	440070007002027
70	2025-03-05	921974	21:45:00	Pedestrian	1	NA	FALSE	FALSE	1	ONTARIO ST	NIAGARA ST	2025-03-06	Two-Way, Divided, Unprotected (painted>4feet) Medium	Unknown	Unknown	Cloudy	Not a Collision Between Two Motor Vehicles in Transport	Yes	Stop Signs	3	1	Pain Reported	NA	41.79989	-71.41934	FALSE	FALSE	Ontario Street and Niagara Street, Providence, RI, USA	NA	Raw	NA	FALSE	41.79989	-71.41934	2025	March	Elmwood	9	440070003024008
73	2025-03-09	922067	09:02:00	Pedestrian	2	NA	FALSE	FALSE	1	BROADWAY	KNIGHT ST	2025-03-09	Two-Way , Not Divided	Dry	Daylight	Clear	Not a Collision Between Two Motor Vehicles in Transport	No	Traffic Control Signal	3	2	Pain Reported	NA	41.8198	-71.42936	FALSE	FALSE	Broadway and Knight Street, Providence, RI, USA	NA	Raw	NA	FALSE	41.8198	-71.42936	2025	March	Federal Hill	13	440070011001015
74	2025-03-09	922084	15:34:00	Pedestrian	1	NA	FALSE	FALSE	3	BAINBRIDGE AVE	BROADWAY	2025-03-09	Unknown	Other	Other	Clear	Rear End(Front-to-Rear)	No	No Controls	6	1	Pain Reported	NA	41.81789	-71.43585	FALSE	FALSE	Bainbridge Ave and Broadway, Providence, RI, USA	NA	Raw	NA	FALSE	41.81789	-71.43585	2025	March	Federal Hill	13	440070010002007
75	2025-03-10	922116	16:23:00	Pedestrian	1	NA	FALSE	FALSE	1	HARTFORD AVE	ETNA ST	2025-03-10	Two-Way , Not Divided	Dry	Daylight	Clear	Not a Collision Between Two Motor Vehicles in Transport	No	Pavement Markings	4	1	Pain Reported	NA	41.81735	-71.45075	FALSE	FALSE	Hartford Ave and Etna Street, Providence, RI, USA	NA	Raw	NA	FALSE	41.81735	-71.45075	2025	March	Hartford	7	440070018002020
76	2025-03-11	922144	09:05:00	Pedestrian	1	NA	TRUE	FALSE	1	POWER ST	BENEFIT ST	2025-03-11	Two-Way , Not Divided	Dry	Daylight	Clear	Not a Collision Between Two Motor Vehicles in Transport	No	No Controls	2	1	Pain Reported	NA	41.82282	-71.40391	FALSE	FALSE	Power Street and Benefit Street, Providence, RI, USA	NA	Raw	NA	FALSE	41.82282	-71.40391	2025	March	Fox Point	1	440070036021011
78	2025-03-13	922224	11:00:00	Pedestrian	1	NA	FALSE	FALSE	1	ELMWOOD AVE	CONGRESS AVE	2025-03-13	Two-Way, Divided, Unprotected (painted>4feet) Medium	Dry	Daylight	Clear	Not a Collision Between Two Motor Vehicles in Transport	Yes	No Controls	2	1	Pain Reported	NA	41.7985	-71.42628	FALSE	FALSE	Elmwood Ave and Congress Ave, Providence, RI, USA	NA	Raw	NA	FALSE	41.7985	-71.42628	2025	March	West End	9	440070003012014
80	2025-03-14	922348	13:25:00	Other	NA	1	FALSE	FALSE	1	ANGELL ST	CONGDON ST	2025-03-17	One-Way Trafficway	Dry	Daylight	Clear	Other	No	Unknown	3	1	Non-Incapacitating	NA	41.82759	-71.40668	FALSE	FALSE	Angell Street and Congdon Street, Providence, RI, USA	NA	Raw	NA	FALSE	41.82759	-71.40668	2025	March	College Hill	2	440070036023020
81	2025-03-15	922289	17:37:00	Pedestrian	1	NA	FALSE	FALSE	1	787 Admiral St.	NA	2025-03-15	Two-Way , Not Divided	Dry	Daylight	Clear	Not a Collision Between Two Motor Vehicles in Transport	Yes	No Controls	1	1	Pain Reported	NA	NA	NA	TRUE	TRUE	787 Admiral St., Providence, RI, USA	NA	Geocoded	raw coords null but geocoded coords found	TRUE	41.8508558	-71.44268389999999	2025	March	Elmhurst	14	440070028011025
83	2025-03-17	922355	10:49:00	Pedestrian	1	NA	FALSE	FALSE	1	MEETING ST	THAYER ST	2025-03-17	One-Way Trafficway	Wet	Daylight	Rain	Not a Collision Between Two Motor Vehicles in Transport	No	No Controls	3	1	Pain Reported	NA	41.82915	-71.40105	FALSE	FALSE	Meeting Street and Thayer Street, Providence, RI, USA	NA	Raw	NA	FALSE	41.82915	-71.40105	2025	March	College Hill	2	440070036023007
84	2025-03-17	922395	16:00:00	Pedestrian	1	NA	FALSE	FALSE	1	ELMGROVE AVE	SESSIONS ST	2025-03-18	Two-Way , Not Divided	Wet	Daylight	Clear	Other	Yes	Unknown	2	1	Pain Reported	NA	41.84128	-71.39259	FALSE	FALSE	Elmgrove Ave and Sessions Street, Providence, RI, USA	NA	Raw	NA	FALSE	41.84128	-71.39259	2025	March	Blackstone	3	440070034001032
85	2025-03-17	922418	14:30:00	Pedestrian	1	NA	TRUE	FALSE	1	ATWELLS AVE	FALLS PL	2025-03-19	Two-Way , Not Divided	Wet	Daylight	Cloudy	Unknown	No	Unknown	1	0	Unknown	NA	41.82352	-71.42581	FALSE	FALSE	Atwells Ave and Falls Pl, Providence, RI, USA	NA	Raw	NA	FALSE	41.82352	-71.42581	2025	March	Federal Hill	13	440070009001019
86	2025-03-18	922421	15:20:00	Pedestrian	1	NA	FALSE	FALSE	1	LAUREL HILL AVE	HARTFORD AVE	2025-03-19	Unknown	Dry	Daylight	Clear	Other	Yes	Unknown	1	1	Non-Incapacitating	NA	41.81792	-71.45533	FALSE	FALSE	Laurel Hill Ave and Hartford Ave, Providence, RI, USA	NA	Raw	NA	FALSE	41.81792	-71.45533	2025	March	Hartford	7	440070018002008
87	2025-03-19	922424	10:18:00	Pedestrian	1	NA	FALSE	FALSE	1	3 RICOM WAY	NA	2025-03-19	Two-Way , Not Divided	Dry	Daylight	Clear	Not a Collision Between Two Motor Vehicles in Transport	No	No Controls	2	1	Pain Reported	NA	NA	NA	TRUE	TRUE	3 Ricom Way, Providence, RI, USA	NA	Geocoded	raw coords null but geocoded coords found	TRUE	41.8110116	-71.4420505	2025	March	Silver Lake	15	440070016012027
88	2025-03-19	922442	15:55:00	Pedestrian	1	NA	FALSE	FALSE	1	DOUGLAS AVE	CHAD BROWN ST	2025-03-19	Two-Way , Not Divided	Dry	Daylight	Clear	Not a Collision Between Two Motor Vehicles in Transport	No	Stop Signs	4	2	Pain Reported	NA	41.83966	-71.4262	FALSE	FALSE	Douglas Ave and Chad Brown Street, Providence, RI, USA	NA	Raw	NA	FALSE	41.83966	-71.4262	2025	March	Smith Hill	12	440070027003014
89	2025-03-20	922462	14:12:00	Pedestrian	1	NA	FALSE	FALSE	1	VALLEY ST	WOLCOTT ST	2025-03-20	Two-Way, Divided, Unprotected (painted>4feet) Medium	Dry	Daylight	Clear	Not a Collision Between Two Motor Vehicles in Transport	No	No Controls	3	0	No Injury	NA	41.829	-71.43331	FALSE	FALSE	Valley Street and Wolcott Street, Providence, RI, USA	NA	Raw	NA	FALSE	41.829	-71.43331	2025	March	Valley	12	440070022001001
91	2025-03-21	922496	14:33:00	Pedestrian	1	NA	FALSE	FALSE	1	BRANCH AVE	DRYDEN LN	2025-03-21	Two-Way , Not Divided	Dry	Daylight	Clear	Not a Collision Between Two Motor Vehicles in Transport	Yes	Pavement Markings	5	1	Pain Reported	NA	41.84308	-71.40852	FALSE	FALSE	Branch Ave and Dryden Ln, Providence, RI, USA	NA	Raw	NA	FALSE	41.84308	-71.40852	2025	March	Mount Hope	3	440070033004014
92	2025-03-22	922514	11:01:00	Pedestrian	1	NA	FALSE	FALSE	1	997 BRANCH AVE	NA	2025-03-22	Two-Way , Not Divided	Dry	Daylight	Clear	Not a Collision Between Two Motor Vehicles in Transport	No	No Controls	2	2	Pain Reported	NA	NA	NA	TRUE	TRUE	997 Branch Ave, Providence, RI, USA	NA	Neither	raw coords null but geocoded coords found	TRUE	41.85518	-71.43912	2025	March	Wanskuck	4	440070028021009
93	2025-03-23	922552	13:27:00	Other	NA	1	FALSE	FALSE	1	ANGELL ST	ARLINGTON AVE	2025-03-23	One-Way Trafficway	Dry	Daylight	Clear	Not a Collision Between Two Motor Vehicles in Transport	No	Stop Signs	2	1	Non-Incapacitating	NA	41.82937	-71.39217	FALSE	FALSE	Angell Street and Arlington Ave, Providence, RI, USA	NA	Raw	NA	FALSE	41.82937	-71.39217	2025	March	College Hill	2	440070035001016
94	2025-03-23	922568	17:37:00	Pedestrian	1	NA	FALSE	FALSE	1	smith st	GENTIAN AVE	2025-03-23	Two-Way , Not Divided	Dry	Daylight	Clear	Other	Yes	No Controls	1	1	Pain Reported	NA	41.84602	-71.45171	FALSE	FALSE	Smith Street and Gentian Ave, Providence, RI, USA	NA	Raw	NA	FALSE	41.84602	-71.45171	2025	March	Mount Pleasant	5	440070024004015
98	2025-03-27	922690	15:06:00	Bicycle	NA	1	FALSE	FALSE	1	MITCHELL ST	NIAGARA ST	2025-03-27	Two-Way , Not Divided	Dry	Daylight	Clear	Not a Collision Between Two Motor Vehicles in Transport	No	Pavement Markings	2	1	Pain Reported	NA	41.80165	-71.41844	FALSE	FALSE	Mitchell Street and Niagara Street, Providence, RI, USA	NA	Geocoded	distance greater than 100m	TRUE	41.8011804	-71.42003389999999	2025	March	Elmwood	9	440070003024001
99	2025-03-31	922796	19:58:00	Other	NA	1	FALSE	FALSE	1	BUCKLIN ST	RUTLAND ST	2025-03-31	Two-Way , Not Divided	Dry	Dark - Lighted	Clear	Angle (Front - to - Side) Opposite Direction	No	Stop Signs	4	1	Non-Incapacitating	NA	41.79856	-71.42759	FALSE	FALSE	Bucklin Street and Rutland Street, Providence, RI, USA	NA	Raw	NA	FALSE	41.79856	-71.42759	2025	March	West End	9	440070003012012
100	2025-04-01	922822	15:12:00	Pedestrian	1	NA	FALSE	FALSE	1	BRANCH AVE	OPPER ST	2025-04-01	Two-Way , Not Divided	Dry	Daylight	Clear	Not a Collision Between Two Motor Vehicles in Transport	No	Pavement Markings	3	1	Pain Reported	NA	41.85173	-71.42337	FALSE	FALSE	Branch Ave and Opper Street, Providence, RI, USA	NA	Raw	NA	FALSE	41.85173	-71.42337	2025	April	Charles	4	440070029005015
101	2025-04-04	923005	16:20:00	Other	NA	1	FALSE	FALSE	1	ELMWOOD AVE	ELMWOOD AVE	2025-04-07	Two-Way , Not Divided	Dry	Daylight	Clear	Angle (Front - to - Side) Same Direction	No	Unknown	12	0	Unknown	NA	41.80999	-71.42398	FALSE	FALSE	Elmwood Ave and Elmwood Ave, Providence, RI, USA	NA	Raw	distance greater than 100m	TRUE	41.80999	-71.42398	2025	April	West End	11	440070012003009
102	2025-04-04	923971	15:16:00	Pedestrian	1	NA	TRUE	FALSE	1	ADELAIDE AVE/ ELMWOOD AVE	ADELAIDE AVE	2025-05-05	Two-Way , Not Divided	Dry	Daylight	Clear	Other	Yes	No Controls	2	1	Pain Reported	NA	41.79586	-71.4251	FALSE	FALSE	Adelaide Ave/ Elmwood Ave and Adelaide Ave, Providence, RI, USA	NA	Raw	NA	FALSE	41.79586	-71.4251	2025	April	Elmwood	8	440070002001014
104	2025-04-05	922960	17:05:00	Pedestrian	1	NA	FALSE	FALSE	1	RESERVOIR AVE	ADELAIDE AVE	2025-04-05	Two-Way , Not Divided	Wet	Daylight	Rain	Not a Collision Between Two Motor Vehicles in Transport	Yes	No Controls	1	1	Non-Incapacitating	NA	41.79553	-71.42623	FALSE	FALSE	Reservoir Ave and Adelaide Ave, Providence, RI, USA	NA	Raw	NA	FALSE	41.79553	-71.42623	2025	April	West End	9	440070002001015
105	2025-04-06	923015	12:00:00	Pedestrian	1	NA	FALSE	FALSE	1	FRANCIS ST	AMERICAN EXPRESS PLZ	2025-04-07	Two-Way , Not Divided	Wet	Daylight	Cloudy	Unknown	No	Unknown	3	0	No Injury	NA	41.8272	-71.41544	FALSE	FALSE	Francis Street and American Express Plz, Providence, RI, USA	NA	Raw	distance greater than 100m	TRUE	41.8272	-71.41544	2025	April	Downtown	12	440070008001028
106	2025-04-07	923024	20:29:00	Pedestrian	1	NA	FALSE	FALSE	1	ANGELL ST	BROOK ST	2025-04-07	Two-Way , Not Divided	Wet	Dark - Not Lighted	Rain	Other	No	Traffic Control Signal	4	1	Pain Reported	NA	41.82821	-71.39947	FALSE	FALSE	Angell Street and Brook Street, Providence, RI, USA	NA	Raw	NA	FALSE	41.82821	-71.39947	2025	April	College Hill	2	440070036011014
108	2025-04-09	923320	18:00:00	Pedestrian	1	NA	FALSE	FALSE	1	BRANCH AVE	W RIVER ST	2025-04-16	Two-Way , Not Divided	Dry	Dark - Unknown Lighting	Clear	Unknown	Yes	Unknown	1	1	Pain Reported	NA	41.84686	-71.41262	FALSE	FALSE	Branch Ave and W River Street, Providence, RI, USA	NA	Raw	NA	FALSE	41.84686	-71.41262	2025	April	Mount Hope	4	440070029001036
109	2025-04-10	923100	08:02:00	Pedestrian	1	NA	FALSE	FALSE	1	TERRACE AVE	PROGRESS AVE	2025-04-10	Two-Way, Not Divided With a Continuous Left Turn Lane	Dry	Daylight	Clear	Not a Collision Between Two Motor Vehicles in Transport	No	Other	3	1	Pain Reported	NA	41.80789	-71.45168	FALSE	FALSE	Terrace Ave and Progress Ave, Providence, RI, USA	NA	Raw	NA	FALSE	41.80789	-71.45168	2025	April	Silver Lake	15	440070016023003
110	2025-04-10	923114	14:23:00	Other	NA	1	FALSE	FALSE	1	BRANCH AVE	WILD ST	2025-04-10	Two-Way , Not Divided	Dry	Daylight	Clear	Other	Yes	No Controls	1	1	Pain Reported	NA	41.85505	-71.43792	FALSE	FALSE	Branch Ave and Wild Street, Providence, RI, USA	NA	Raw	NA	FALSE	41.85505	-71.43792	2025	April	Wanskuck	4	440070028021009