row_number	crash_date	crash_report_id	crash_time	collision_type	count_pedestrian	count_bicycle	scooter	wheel_chair	number_of_vehicles	street_or_highway	nearest_intersection	report_date	type_of_roadway	road_surface_condition	light_condition	weather_condition	manner_of_impact	hit_and_run	traffic_control	person_count	injury_count	most_serious_injury	number_of_lanes	lat_raw	lon_raw	has_st_number	is_intersection_null	address_sent_to_geocoder	api_coord_conf	best_coordinate_set	reason_for_qa	manually_qaed_record	final_lat	final_lon	year	month	pvd_nhood	pvd_wards	geoid20
114	2025-04-14	923242	07:42:00	Bicycle	NA	1	FALSE	FALSE	1	PLAINFIELD ST	RT 6 EXIT	2025-04-14	Two-Way , Not Divided	Dry	Daylight	Clear	Not a Collision Between Two Motor Vehicles in Transport	No	No Controls	2	1	Pain Reported	NA	41.81478	-71.44659	FALSE	FALSE	Plainfield Street and Rt 6 Exit, Providence, RI, USA	NA	Raw	distance greater than 100m	TRUE	41.81478	-71.44659	2025	April	Silver Lake	15	440070016012010
115	2025-04-14	923262	14:58:00	Pedestrian	1	NA	FALSE	FALSE	1	CHALKSTONE AVE	OAKLAND AVE	2025-04-14	Two-Way , Not Divided	Dry	Daylight	Clear	Not a Collision Between Two Motor Vehicles in Transport	No	Pavement Markings	4	1	Pain Reported	NA	41.83419	-71.43024	FALSE	FALSE	Chalkstone Ave and Oakland Ave, Providence, RI, USA	NA	Raw	NA	FALSE	41.83419	-71.43024	2025	April	Elmhurst	12	440070025001007
117	2025-04-15	923283	14:32:00	Pedestrian	1	NA	TRUE	FALSE	1	EDDY ST	TORONTO AVE	2025-04-15	Two-Way , Not Divided	Wet	Daylight	Cloudy	Angle (Front - to - Side) Right Angle (Includes Broadside)	No	No Controls	3	1	Pain Reported	2	41.79152	-71.40348	FALSE	FALSE	Eddy Street and Toronto Ave, Providence, RI, USA	NA	Raw	NA	FALSE	41.79152	-71.40348	2025	April	Washington Park	10	440070001014001
118	2025-04-15	923293	17:48:00	Bicycle	NA	NA	FALSE	FALSE	2	GLENBRIDGE AVE	MATTIE ST	2025-04-15	Two-Way , Not Divided	Dry	Daylight	Cloudy	Angle (Front - to - Side) Right Angle (Includes Broadside)	Yes	No Controls	2	0	Unknown	NA	41.8216	-71.4608	FALSE	FALSE	Glenbridge Ave and Mattie Street, Providence, RI, USA	NA	Raw	NA	FALSE	41.8216	-71.4608	2025	April	Hartford	7	440070018002007
119	2025-04-15	923332	13:43:00	Pedestrian	1	NA	FALSE	FALSE	1	AMSTERDAM ST	HANNAH ST	2025-04-17	Two-Way , Not Divided	Dry	Daylight	Clear	Sideswipe, Same Direction	Yes	Unknown	4	1	Pain Reported	NA	41.82437	-71.44874	FALSE	FALSE	Amsterdam Street and Hannah Street, Providence, RI, USA	NA	Raw	NA	FALSE	41.82437	-71.44874	2025	April	Olneyville	6	440070019004000
120	2025-04-16	923309	10:20:00	Pedestrian	1	NA	FALSE	FALSE	1	SMITH STREET	ACADEMY AVENUE	2025-04-16	Two-Way , Not Divided	Dry	Daylight	Cloudy	Not a Collision Between Two Motor Vehicles in Transport	No	No Controls	2	1	Pain Reported	NA	41.82269	-71.46671	FALSE	FALSE	Smith Street and Academy Avenue, Providence, RI, USA	NA	Geocoded	distance greater than 100m	TRUE	41.842608	-71.4451576	2025	April	Mount Pleasant	14	440070024005017
121	2025-04-18	923362	18:09:00	Pedestrian	1	NA	FALSE	FALSE	1	ATWELLS AVE	NEWTON ST	2025-04-18	Two-Way , Not Divided	Dry	Daylight	Clear	Not a Collision Between Two Motor Vehicles in Transport	No	No Controls	5	1	Pain Reported	NA	41.82327	-71.42229	FALSE	FALSE	Atwells Ave and Newton Street, Providence, RI, USA	NA	Raw	NA	FALSE	41.82327	-71.42229	2025	April	Federal Hill	13	440070009001047
122	2025-04-19	923384	13:30:00	Pedestrian	1	NA	FALSE	FALSE	2	N MAIN ST	DOYLE AVE	2025-04-19	Two-Way, Divided, Positive Median Barrier	Dry	Daylight	Cloudy	Not a Collision Between Two Motor Vehicles in Transport	No	Traffic Control Signal	6	1	Pain Reported	NA	41.8385	-71.4092	FALSE	FALSE	N Main Street and Doyle Ave, Providence, RI, USA	NA	Raw	NA	FALSE	41.8385	-71.4092	2025	April	Mount Hope	3	440070031002012
124	2025-04-19	923396	17:47:00	Bicycle	NA	1	FALSE	FALSE	1	VALLEY ST	DEAN ST	2025-04-19	Two-Way , Not Divided	Dry	Daylight	Clear	Not a Collision Between Two Motor Vehicles in Transport	No	Pavement Markings	5	0	No Injury	NA	41.83139	-71.42848	FALSE	FALSE	Valley Street and Dean Street, Providence, RI, USA	NA	Raw	distance greater than 100m	TRUE	41.83139	-71.42848	2025	April	Valley	12	440070022001011
125	2025-04-20	923426	14:54:00	Pedestrian	1	NA	FALSE	FALSE	1	W FOUNTAIN ST	DEAN ST	2025-04-20	Two-Way , Not Divided	Dry	Daylight	Clear	Not a Collision Between Two Motor Vehicles in Transport	No	No Controls	2	1	Pain Reported	NA	41.81943	-71.42098	FALSE	FALSE	W Fountain Street and Dean Street, Providence, RI, USA	NA	Raw	NA	FALSE	41.81943	-71.42098	2025	April	Federal Hill	13	440070011002010
126	2025-04-20	923432	17:21:00	Other	NA	1	FALSE	FALSE	1	PROVIDENCE ST	LOCKWOOD ST	2025-04-20	Two-Way , Not Divided	Dry	Daylight	Clear	Other	No	No Controls	3	1	Pain Reported	NA	41.81294	-71.41599	FALSE	FALSE	Providence Street and Lockwood Street, Providence, RI, USA	NA	Raw	NA	FALSE	41.81294	-71.41599	2025	April	Upper South Providence	11	440070007002004
127	2025-04-20	923442	20:39:00	Pedestrian	1	NA	FALSE	FALSE	1	CHALKSTONE AVE	BERLIN ST	2025-04-20	Two-Way , Not Divided	Dry	Dark - Lighted	Clear	Not a Collision Between Two Motor Vehicles in Transport	Yes	Pavement Markings	1	1	Pain Reported	NA	41.83229	-71.44199	FALSE	FALSE	Chalkstone Ave and Berlin Street, Providence, RI, USA	NA	Raw	NA	FALSE	41.83229	-71.44199	2025	April	Valley	5	440070023003004
131	2025-04-22	924034	19:30:00	Pedestrian	1	NA	FALSE	FALSE	1	DABOLL ST	DEXTER ST	2025-05-07	Two-Way , Not Divided	Dry	Dusk	Clear	Other	No	No Controls	2	1	Pain Reported	NA	41.80404	-71.43011	FALSE	FALSE	Daboll Street and Dexter Street, Providence, RI, USA	NA	Raw	NA	FALSE	41.80404	-71.43011	2025	April	West End	8	440070003011007
132	2025-04-23	923613	10:35:00	Other	NA	1	FALSE	FALSE	1	CHAPMAN ST	VIRGINIA AVE	2025-04-23	Two-Way , Not Divided	Dry	Daylight	Clear	Not a Collision Between Two Motor Vehicles in Transport	No	Stop Signs	2	1	Pain Reported	NA	41.79267	-71.40049	FALSE	FALSE	Chapman Street and Virginia Ave, Providence, RI, USA	NA	Raw	NA	FALSE	41.79267	-71.40049	2025	April	Washington Park	10	440070001013007
133	2025-04-24	923545	08:20:00	Bicycle	NA	1	FALSE	FALSE	1	60 VALLEY ST	SCHOOL ST	2025-04-24	Two-Way, Divided, Unprotected (painted>4feet) Medium	Dry	Daylight	Clear	Not a Collision Between Two Motor Vehicles in Transport	No	No Controls	2	1	Non-Incapacitating	NA	41.81896	-71.44059	TRUE	FALSE	60 Valley Street, Providence, RI, USA	NA	Raw	distance greater than 100m	TRUE	41.81896	-71.44059	2025	April	Olneyville	15	440070019001017
134	2025-04-24	923551	12:13:00	Pedestrian	1	NA	FALSE	FALSE	1	SHIPYARD ST	ERNEST ST	2025-04-24	Two-Way , Not Divided	Dry	Daylight	Clear	Unknown	No	No Controls	3	1	Pain Reported	NA	41.79151	-71.39129	FALSE	FALSE	Shipyard Street and Ernest Street, Providence, RI, USA	NA	Geocoded	distance greater than 100m	TRUE	41.7946722	-71.393991	2025	April	Washington Park	10	440070001011004
135	2025-04-24	923568	20:28:00	Pedestrian	1	NA	FALSE	FALSE	3	UNION AVE	WAVERLY ST	2025-04-24	Two-Way , Not Divided	Dry	Dark - Lighted	Clear	Angle (Front - to - Side) Opposite Direction	No	No Controls	4	2	Pain Reported	NA	41.8095	-71.43755	FALSE	FALSE	Union Ave and Waverly Street, Providence, RI, USA	NA	Raw	NA	FALSE	41.8095	-71.43755	2025	April	West End	13	440070013003007
138	2025-04-25	923584	09:47:00	Pedestrian	1	NA	FALSE	FALSE	1	AUTUMN ST	EDDY ST	2025-04-25	Two-Way , Not Divided	Dry	Daylight	Clear	Not a Collision Between Two Motor Vehicles in Transport	No	No Controls	2	1	Pain Reported	NA	41.80098	-71.4061	FALSE	FALSE	Autumn Street and Eddy Street, Providence, RI, USA	NA	Raw	NA	FALSE	41.80098	-71.4061	2025	April	Lower South Providence	10	440070006001093
139	2025-04-25	923600	22:11:00	Bicycle	NA	1	FALSE	FALSE	1	PINE ST	CHESTNUT ST	2025-04-25	One-Way Trafficway	Dry	Dark - Lighted	Cloudy	Not a Collision Between Two Motor Vehicles in Transport	No	No Controls	3	1	Non-Incapacitating	NA	41.81944	-71.41294	FALSE	FALSE	Pine Street and Chestnut Street, Providence, RI, USA	NA	Raw	distance greater than 100m	TRUE	41.81944	-71.41294	2025	April	Downtown	1	440070008003067
141	2025-04-27	923652	13:23:00	Pedestrian	1	NA	FALSE	FALSE	1	1 BODELL AVE	ETNA ST	2025-04-27	Two-Way , Not Divided	Dry	Daylight	Clear	Not a Collision Between Two Motor Vehicles in Transport	No	No Controls	3	1	Pain Reported	NA	41.81661	-71.45223	TRUE	FALSE	1 Bodell Ave, Providence, RI, USA	NA	Raw	NA	FALSE	41.81661	-71.45223	2025	April	Hartford	7	440070018003007
143	2025-04-27	923659	19:11:00	Bicycle	NA	1	FALSE	FALSE	1	BLACKSTONE BLVD	LAUREL AVE	2025-04-27	Two-Way, Divided, Positive Median Barrier	Dry	Dawn	Clear	Not a Collision Between Two Motor Vehicles in Transport	Yes	Other	1	1	Pain Reported	NA	41.83811	-71.3854	FALSE	FALSE	Blackstone Blvd and Laurel Ave, Providence, RI, USA	NA	Raw	NA	FALSE	41.83811	-71.3854	2025	April	Blackstone	2	440070034002041
144	2025-04-30	923753	08:54:00	Bicycle	NA	1	FALSE	FALSE	1	BROADWAY	ATWELLS AVE	2025-04-30	Two-Way, Divided, Unprotected (painted>4feet) Medium	Dry	Daylight	Clear	Unknown	Yes	Pavement Markings	3	1	Non-Incapacitating	NA	41.8225	-71.41819	FALSE	FALSE	Broadway and Atwells Ave, Providence, RI, USA	NA	Raw	NA	FALSE	41.8225	-71.41819	2025	April	Downtown	1	440070008001065
145	2025-04-30	923771	16:50:00	Pedestrian	1	NA	FALSE	FALSE	2	NARRAGANSETT AVE	ROGER WILLIAMS AVE	2025-04-30	Two-Way , Not Divided	Dry	Daylight	Clear	Sideswipe, Same Direction	No	No Controls	3	3	Pain Reported	NA	41.78883	-71.42363	FALSE	FALSE	Narragansett Ave and Roger Williams Ave, Providence, RI, USA	NA	Raw	NA	FALSE	41.78883	-71.42363	2025	April	Reservoir	8	440070015002000
146	2025-04-30	923773	19:01:00	Pedestrian	1	NA	FALSE	FALSE	1	PUBLIC ST	EDDY ST	2025-04-30	Two-Way , Not Divided	Dry	Daylight	Clear	Not a Collision Between Two Motor Vehicles in Transport	No	Traffic Control Signal	3	1	Pain Reported	NA	41.80731	-71.40725	FALSE	FALSE	Public Street and Eddy Street, Providence, RI, USA	NA	Raw	NA	FALSE	41.80731	-71.40725	2025	April	Upper South Providence	11	440070006001073
147	2025-04-30	923796	16:12:00	Pedestrian	1	NA	FALSE	FALSE	1	WASHINGTON ST	EMPIRE ST	2025-05-01	Two-Way, Divided, Unprotected (painted>4feet) Medium	Dry	Daylight	Clear	Not a Collision Between Two Motor Vehicles in Transport	No	Traffic Control Signal	3	0	No Injury	NA	41.82182	-71.41645	FALSE	FALSE	Washington Street and Empire Street, Providence, RI, USA	NA	Raw	NA	FALSE	41.82182	-71.41645	2025	April	Downtown	1	440070008001072
148	2025-05-01	923785	00:09:00	Pedestrian	1	NA	FALSE	FALSE	1	DOUGLAS AVE	CHALKSTONE AVE	2025-05-01	Two-Way , Not Divided	Dry	Dark - Lighted	Clear	Not a Collision Between Two Motor Vehicles in Transport	Yes	No Controls	2	1	Pain Reported	NA	41.83636	-71.42038	FALSE	FALSE	Douglas Ave and Chalkstone Ave, Providence, RI, USA	NA	Raw	NA	FALSE	41.83636	-71.42038	2025	May	Smith Hill	12	440070026002001
149	2025-05-01	923787	07:46:00	Other	NA	1	FALSE	FALSE	1	ROCHAMBEAU AVE	BLACKSTONE BLVD	2025-05-01	Two-Way, Divided, Positive Median Barrier	Dry	Dawn	Clear	Not a Collision Between Two Motor Vehicles in Transport	No	No Controls	2	1	Pain Reported	NA	41.84556	-71.38674	FALSE	FALSE	Rochambeau Ave and Blackstone Blvd, Providence, RI, USA	NA	Raw	NA	FALSE	41.84556	-71.38674	2025	May	Blackstone	2	440070034002002
150	2025-05-02	923833	10:59:00	Other	NA	1	FALSE	FALSE	1	ZONE ST	CHALKSTONE AVE	2025-05-02	Two-Way , Not Divided	Dry	Daylight	Clear	Not a Collision Between Two Motor Vehicles in Transport	No	No Controls	3	1	Pain Reported	NA	41.83475	-71.42755	FALSE	FALSE	Zone Street and Chalkstone Ave, Providence, RI, USA	NA	Raw	NA	FALSE	41.83475	-71.42755	2025	May	Smith Hill	12	440070025001004
152	2025-05-04	923912	15:54:00	Other	NA	1	FALSE	FALSE	1	S WATER ST	POINT ST	2025-05-04	Two-Way , Not Divided	Dry	Daylight	Clear	Angle (Front - to - Side) Right Angle (Includes Broadside)	No	No Controls	3	0	No Injury	NA	41.81864	-71.4017	FALSE	FALSE	S Water Street and Point Street, Providence, RI, USA	NA	Raw	NA	FALSE	41.81864	-71.4017	2025	May	Fox Point	1	440070037002024
153	2025-05-04	923920	16:26:00	Bicycle	NA	1	FALSE	FALSE	1	WARRINGTON ST	EMERSON ST	2025-05-04	Two-Way , Not Divided	Dry	Daylight	Clear	Not a Collision Between Two Motor Vehicles in Transport	No	No Controls	3	1	Pain Reported	NA	41.79667	-71.41277	FALSE	FALSE	Warrington Street and Emerson Street, Providence, RI, USA	NA	Geocoded	distance greater than 100m	TRUE	41.7960247	-71.4150086	2025	May	Elmwood	9	440070002004005
156	2025-05-08	924078	09:20:00	Other	NA	1	FALSE	FALSE	1	BLACKSTONE BLVD	BLACKSTONE BLVD	2025-05-08	Two-Way , Not Divided	Dry	Daylight	Clear	Not a Collision Between Two Motor Vehicles in Transport	No	No Controls	2	1	Pain Reported	NA	41.84622	-71.38677	FALSE	FALSE	Blackstone Blvd and Blackstone Blvd, Providence, RI, USA	NA	Raw	distance greater than 100m	TRUE	41.84622	-71.38677	2025	May	Blackstone	2	440070034002002
158	2025-05-09	924134	15:01:00	Pedestrian	1	NA	FALSE	FALSE	1	DORRANCE ST	WASHINGTON ST	2025-05-09	Two-Way , Not Divided	Wet	Daylight	Rain	Not a Collision Between Two Motor Vehicles in Transport	No	No Controls	3	1	Pain Reported	NA	41.82451	-71.41286	FALSE	FALSE	Dorrance Street and Washington Street, Providence, RI, USA	NA	Raw	NA	FALSE	41.82451	-71.41286	2025	May	Downtown	1	440070008001050
160	2025-05-10	924140	00:08:00	Pedestrian	1	NA	FALSE	FALSE	1	ATWELLS AVE	BROADWAY	2025-05-10	Two-Way, Divided, Positive Median Barrier	Wet	Dark - Lighted	Rain	Rear End(Front-to-Rear)	No	Traffic Control Signal	3	1	Non-Incapacitating	NA	41.82251	-71.41856	FALSE	FALSE	Atwells Ave and Broadway, Providence, RI, USA	NA	Raw	NA	FALSE	41.82251	-71.41856	2025	May	Downtown	1	440070008001061
161	2025-05-10	924219	15:00:00	Other	NA	1	FALSE	FALSE	1	WASHINGTON ST	EMPIRE ST	2025-05-12	Unknown	Dry	Daylight	Clear	Sideswipe, Same Direction	Yes	Unknown	1	1	Pain Reported	NA	NA	NA	FALSE	FALSE	Washington Street and Empire Street, Providence, RI, USA	NA	Geocoded	raw coords null but geocoded coords found	TRUE	41.8218699	-71.4164272	2025	May	Downtown	1	440070008001072
162	2025-05-11	924168	05:02:00	Pedestrian	1	NA	FALSE	FALSE	1	350 POINT STREET	NA	2025-05-11	Two-Way, Divided, Unprotected (painted>4feet) Medium	Dry	Daylight	Cloudy	Not a Collision Between Two Motor Vehicles in Transport	Yes	No Controls	2	1	Incapacitating	NA	41.81668	-71.40954	TRUE	TRUE	350 Point Street, Providence, RI, USA	NA	Geocoded	distance greater than 100m	TRUE	41.8139618	-71.4166794	2025	May	Upper South Providence	11	440070007002003
163	2025-05-12	924224	14:30:00	Pedestrian	1	NA	FALSE	FALSE	1	Broad st	THURBERS AVE	2025-05-12	Two-Way , Not Divided	Dry	Daylight	Clear	Not a Collision Between Two Motor Vehicles in Transport	No	Traffic Control Signal	3	1	Pain Reported	NA	41.7982	-71.41467	FALSE	FALSE	Broad Street and Thurbers Ave, Providence, RI, USA	NA	Raw	NA	FALSE	41.7982	-71.41467	2025	May	Elmwood	9	440070005002009
164	2025-05-15	926305	02:30:00	Pedestrian	1	NA	FALSE	FALSE	1	W FRIENDSHIP ST	BROAD ST	2025-07-24	Two-Way , Not Divided	Dry	Dark - Unknown Lighting	Clear	Other	Yes	Unknown	1	1	Incapacitating	NA	41.80977	-71.42101	FALSE	FALSE	W Friendship Street and Broad Street, Providence, RI, USA	NA	Raw	NA	FALSE	41.80977	-71.42101	2025	May	Elmwood	11	440070007002027
165	2025-05-16	924359	14:05:00	Pedestrian	1	NA	FALSE	FALSE	1	DRYDEN LN	BRANCH AVE	2025-05-16	Two-Way , Not Divided	Dry	Daylight	Clear	Not a Collision Between Two Motor Vehicles in Transport	No	Pavement Markings	3	1	Non-Incapacitating	NA	41.84294	-71.40847	FALSE	FALSE	Dryden Ln and Branch Ave, Providence, RI, USA	NA	Raw	NA	FALSE	41.84294	-71.40847	2025	May	Mount Hope	3	440070033004014
166	2025-05-17	924380	02:00:00	Pedestrian	1	NA	FALSE	FALSE	1	BROAD ST	BROAD ST	2025-05-17	Two-Way , Not Divided	Dry	Dark - Lighted	Clear	Not a Collision Between Two Motor Vehicles in Transport	No	Unknown	3	0	No Injury	NA	41.79187	-71.4068	FALSE	FALSE	Broad Street and Broad Street, Providence, RI, USA	NA	Raw	distance greater than 100m	TRUE	41.79187	-71.4068	2025	May	Washington Park	10	440070001021010
168	2025-05-19	924425	08:40:00	Bicycle	NA	1	FALSE	FALSE	1	BUTLER AVE	S ANGELL ST	2025-05-19	Two-Way , Not Divided	Dry	Daylight	Clear	Angle (Front - to - Side) Right Angle (Includes Broadside)	Yes	No Controls	1	0	No Injury	2	41.82947	-71.38504	FALSE	FALSE	Butler Ave and S Angell Street, Providence, RI, USA	NA	Raw	NA	FALSE	41.82947	-71.38504	2025	May	Wayland	1	440070035004021
173	2025-05-23	924560	21:20:00	Pedestrian	1	NA	FALSE	FALSE	1	THAYER ST	FONES ALY	2025-05-23	Two-Way , Not Divided	Wet	Dark - Lighted	Cloudy	Not a Collision Between Two Motor Vehicles in Transport	No	No Controls	5	1	Pain Reported	NA	41.82768	-71.40059	FALSE	FALSE	Thayer Street and Fones Aly, Providence, RI, USA	NA	Raw	NA	FALSE	41.82768	-71.40059	2025	May	College Hill	2	440070036011018
174	2025-05-23	924561	20:52:00	Pedestrian	1	NA	FALSE	FALSE	1	DOUGLAS AVE	ADMIRAL ST	2025-05-23	Two-Way , Not Divided	Wet	Dark - Lighted	Rain	Not a Collision Between Two Motor Vehicles in Transport	No	Traffic Control Signal	2	1	Pain Reported	NA	41.84607	-71.42902	FALSE	FALSE	Douglas Ave and Admiral Street, Providence, RI, USA	NA	Raw	NA	FALSE	41.84607	-71.42902	2025	May	Wanskuck	14	440070027001007
175	2025-05-23	924562	21:29:00	Pedestrian	1	NA	FALSE	FALSE	1	EXCHANGE TER	EXCHANGE ST	2025-05-24	Two-Way , Not Divided	Wet	Dark - Lighted	Rain	Not a Collision Between Two Motor Vehicles in Transport	No	Traffic Control Signal	2	1	Non-Incapacitating	NA	41.82611	-71.4116	FALSE	FALSE	Exchange Ter and Exchange Street, Providence, RI, USA	NA	Raw	NA	FALSE	41.82611	-71.4116	2025	May	Downtown	1	440070008001043
176	2025-05-24	924571	13:34:00	Other	NA	NA	TRUE	FALSE	2	33 King St.	NA	2025-05-24	One-Way Trafficway	Dry	Daylight	Clear	Sidwswipe, Opposite Direction	No	No Controls	2	1	Pain Reported	NA	NA	NA	TRUE	TRUE	33 King St., Providence, RI, USA	NA	Neither	raw coords null but geocoded coords found	TRUE	41.82336	-71.4531	2025	May	Olneyville	15	440070019003002
177	2025-05-27	924666	20:29:00	Pedestrian	1	NA	FALSE	FALSE	2	MANTON AVE	PELHAM ST	2025-05-27	Two-Way , Not Divided	Dry	Dark - Lighted	Clear	Not a Collision Between Two Motor Vehicles in Transport	Yes	Pavement Markings	3	1	Pain Reported	NA	41.82069	-71.44752	FALSE	FALSE	Manton Ave and Pelham Street, Providence, RI, USA	NA	Raw	NA	FALSE	41.82069	-71.44752	2025	May	Olneyville	15	440070019005010
178	2025-05-27	924667	20:10:00	Other	NA	NA	TRUE	FALSE	1	LEXINGTON AVE	HAMILTON ST	2025-05-27	Two-Way , Not Divided	Dry	Dusk	Clear	Not a Collision Between Two Motor Vehicles in Transport	No	Other	3	1	Incapacitating	NA	41.79845	-71.42159	FALSE	FALSE	Lexington Ave and Hamilton Street, Providence, RI, USA	NA	Raw	NA	FALSE	41.79845	-71.42159	2025	May	Elmwood	9	440070002001007
179	2025-05-28	924682	16:58:00	Other	NA	1	FALSE	FALSE	1	N MAIN ST	SMITH ST	2025-05-28	Two-Way , Not Divided	Dry	Daylight	Clear	Sideswipe, Same Direction	No	No Controls	3	1	Pain Reported	NA	41.83086	-71.4104	FALSE	FALSE	N Main Street and Smith Street, Providence, RI, USA	NA	Raw	NA	FALSE	41.83086	-71.4104	2025	May	College Hill	3	440070031004016
180	2025-05-28	924686	20:35:00	Pedestrian	1	NA	TRUE	FALSE	1	HAYWARD ST	LINDEN ST	2025-05-28	Two-Way , Not Divided	Dry	Dark - Lighted	Clear	Not a Collision Between Two Motor Vehicles in Transport	No	No Controls	2	1	Non-Incapacitating	NA	41.81237	-71.42165	FALSE	FALSE	Hayward Street and Linden Street, Providence, RI, USA	NA	Raw	NA	FALSE	41.81237	-71.42165	2025	May	Elmwood	11	440070007003021
183	2025-05-29	924722	15:55:00	Pedestrian	1	NA	FALSE	FALSE	1	PLAINFIELD ST	EDNA ST	2025-05-29	Two-Way , Not Divided	Wet	Daylight	Cloudy	Not a Collision Between Two Motor Vehicles in Transport	No	Traffic Control Signal	2	1	Pain Reported	NA	41.81594	-71.44511	FALSE	FALSE	Plainfield Street and Edna Street, Providence, RI, USA	NA	Raw	NA	FALSE	41.81594	-71.44511	2025	May	Olneyville	15	440070016011000
185	2025-05-31	924785	15:50:00	Pedestrian	1	NA	FALSE	FALSE	1	CHALKSTONE AVE	DOUGLAS AVE	2025-05-31	One-Way Trafficway	Wet	Daylight	Rain	Not a Collision Between Two Motor Vehicles in Transport	No	Pavement Markings	5	1	Pain Reported	NA	41.83631	-71.42024	FALSE	FALSE	Chalkstone Ave and Douglas Ave, Providence, RI, USA	NA	Raw	NA	FALSE	41.83631	-71.42024	2025	May	Smith Hill	4	440070026002010
186	2025-05-31	924792	22:38:00	Pedestrian	1	NA	FALSE	FALSE	1	BANCROFT ST	POCASSET AVE	2025-06-01	Two-Way , Not Divided	Dry	Dark - Lighted	Clear	Unknown	Yes	No Controls	2	1	Incapacitating	NA	41.81332	-71.44834	FALSE	FALSE	Bancroft Street and Pocasset Ave, Providence, RI, USA	NA	Raw	NA	FALSE	41.81332	-71.44834	2025	May	Silver Lake	15	440070016012012
187	2025-06-01	924813	13:22:00	Pedestrian	1	NA	FALSE	FALSE	1	100 MANTON AVE	NA	2025-06-01	Two-Way , Not Divided	Dry	Daylight	Clear	Not a Collision Between Two Motor Vehicles in Transport	No	No Controls	2	1	Pain Reported	NA	NA	NA	TRUE	TRUE	100 Manton Ave, Providence, RI, USA	NA	Geocoded	raw coords null but geocoded coords found	TRUE	41.8179117	-71.4463316	2025	June	Olneyville	15	440070019003029
189	2025-06-02	924858	21:07:00	Pedestrian	1	NA	FALSE	FALSE	1	MEMORIAL BLVD	EXIT 22A  (RT )	2025-06-02	Two-Way, Divided, Positive Median Barrier	Dry	Dark - Lighted	Clear	Not a Collision Between Two Motor Vehicles in Transport	Yes	Traffic Control Signal	2	1	Pain Reported	NA	41.82578	-71.41522	FALSE	FALSE	Memorial Blvd and Exit 22a  (Rt ), Providence, RI, USA	NA	Raw	distance greater than 100m	TRUE	41.82578	-71.41522	2025	June	Downtown	1	440070008001041
190	2025-06-02	925319	13:58:00	Bicycle	NA	1	FALSE	FALSE	1	BROAD ST	SERVICE ROAD 7	2025-06-19	Two-Way , Not Divided	Dry	Daylight	Clear	Not a Collision Between Two Motor Vehicles in Transport	No	Traffic Control Signal	3	0	No Injury	NA	41.81736	-71.41696	FALSE	FALSE	Broad Street and Service Road 7, Providence, RI, USA	NA	Raw	NA	FALSE	41.81736	-71.41696	2025	June	Upper South Providence	11	440070007003001
191	2025-06-03	924874	14:49:00	Pedestrian	1	NA	FALSE	FALSE	1	CANTON ST	ANDEM ST	2025-06-03	Two-Way , Not Divided	Dry	Daylight	Clear	Other	No	Stop Signs	2	0	No Injury	NA	41.8304	-71.44217	FALSE	FALSE	Canton Street and Andem Street, Providence, RI, USA	NA	Raw	NA	FALSE	41.8304	-71.44217	2025	June	Valley	6	440070022004007
192	2025-06-04	924886	08:53:00	Pedestrian	1	NA	FALSE	FALSE	1	HOLLYWOOD RD	PARADE ST	2025-06-04	Two-Way , Not Divided	Dry	Daylight	Clear	Not a Collision Between Two Motor Vehicles in Transport	No	Pavement Markings	2	1	Pain Reported	NA	41.81577	-71.43307	FALSE	FALSE	Hollywood Rd and Parade Street, Providence, RI, USA	NA	Raw	NA	FALSE	41.81577	-71.43307	2025	June	West End	13	440070013001000
193	2025-06-04	924893	08:36:00	Pedestrian	1	NA	FALSE	FALSE	1	Butler Dr	BLACKSTONE BLVD	2025-06-04	Two-Way, Not Divided With a Continuous Left Turn Lane	Dry	Daylight	Clear	Sidwswipe, Opposite Direction	Yes	No Controls	2	1	Pain Reported	NA	41.84616	-71.38673	FALSE	FALSE	Butler Dr and Blackstone Blvd, Providence, RI, USA	NA	Raw	distance greater than 100m	TRUE	41.84616	-71.38673	2025	June	Blackstone	2	440070034002002
194	2025-06-04	924904	13:22:00	Pedestrian	1	NA	TRUE	FALSE	1	BRANCH AVE	OLMSTEAD WAY	2025-06-04	Two-Way , Not Divided	Dry	Daylight	Clear	Not a Collision Between Two Motor Vehicles in Transport	No	No Controls	2	1	Non-Incapacitating	NA	41.8539	-71.42974	FALSE	FALSE	Branch Ave and Olmstead Way, Providence, RI, USA	NA	Raw	NA	FALSE	41.8539	-71.42974	2025	June	Wanskuck	14	440070028021012
195	2025-06-05	924939	13:11:00	Other	NA	1	FALSE	FALSE	1	BROAD ST	JILLSON ST	2025-06-05	Two-Way, Divided, Unprotected (painted>4feet) Medium	Dry	Daylight	Clear	Not a Collision Between Two Motor Vehicles in Transport	Yes	Unknown	2	1	Non-Incapacitating	NA	41.79103	-71.40589	FALSE	FALSE	Broad Street and Jillson Street, Providence, RI, USA	NA	Raw	NA	FALSE	41.79103	-71.40589	2025	June	Washington Park	10	440070001021010
196	2025-06-05	924942	12:38:00	Bicycle	NA	1	FALSE	FALSE	1	TOCKWOTTON ST	S MAIN ST	2025-06-05	Two-Way , Not Divided	Dry	Daylight	Clear	Angle (Front - to - Side) Same Direction	No	Stop Signs	3	1	Pain Reported	NA	41.81692	-71.4001	FALSE	FALSE	Tockwotton Street and S Main Street, Providence, RI, USA	NA	Geocoded	distance greater than 100m	TRUE	41.8174589	-71.39904419999999	2025	June	Fox Point	1	440070037002016
200	2025-06-06	925286	13:56:00	Pedestrian	1	NA	FALSE	FALSE	1	MORRIS AVE	OLNEY ST	2025-06-18	Two-Way , Not Divided	Dry	Daylight	Clear	Sideswipe, Same Direction	Yes	Unknown	1	1	Pain Reported	NA	41.83593	-71.39803	FALSE	FALSE	Morris Ave and Olney Street, Providence, RI, USA	NA	Raw	NA	FALSE	41.83593	-71.39803	2025	June	Blackstone	2	440070034004019