row_number	crash_date	crash_report_id	crash_time	collision_type	count_pedestrian	count_bicycle	scooter	wheel_chair	number_of_vehicles	street_or_highway	nearest_intersection	report_date	type_of_roadway	road_surface_condition	light_condition	weather_condition	manner_of_impact	hit_and_run	traffic_control	person_count	injury_count	most_serious_injury	number_of_lanes	lat_raw	lon_raw	has_st_number	is_intersection_null	address_sent_to_geocoder	api_coord_conf	best_coordinate_set	reason_for_qa	manually_qaed_record	final_lat	final_lon	year	month	pvd_nhood	pvd_wards	geoid20
2862	2013-05-09	178332	15:37:00	Pedestrian	1	NA	FALSE	FALSE	1	PRUDENCE AVE	NA	2013-05-09	Two-Way , Not Divided	Dry	Daylight	Clear	Not a Collision Between Two Motor Vehicles in Transport	No	No Controls	2	1	Pain Reported	NA	41.80626	-71.45955	FALSE	TRUE	Prudence Ave, Providence, RI, USA	Inaccurate	Unknown	distance greater than 100m	TRUE	NA	NA	2013	May	NA	NA	NA
2841	2013-06-03	181653	13:49:00	Pedestrian	1	NA	FALSE	FALSE	1	HARTFORD AVE	HARTFORD AVE	2013-06-05	Two-Way, Divided, Unprotected (painted>4feet) Medium	Dry	Daylight	Clear	Sidwswipe, Opposite Direction	No	No Controls	2	0	No Injury	NA	41.81846	-71.45798	FALSE	FALSE	Hartford Ave and Hartford Ave, Providence, RI, USA	Med	Unknown	distance greater than 100m	TRUE	NA	NA	2013	June	NA	NA	NA
2815	2013-07-15	186966	14:31:00	Bicycle	NA	1	FALSE	FALSE	1	SMITHFIELD AVE	SMITHFIELD AVE	2013-07-15	Two-Way , Not Divided	Dry	Daylight	Clear	Angle - Direction Not Specified	No	No Controls	3	1	Pain Reported	NA	41.85778	-71.41084	FALSE	FALSE	Smithfield Ave and Smithfield Ave, Providence, RI, USA	Med High	Unknown	distance greater than 100m	TRUE	NA	NA	2013	July	NA	NA	NA
2793	2013-08-09	189698	17:30:00	Pedestrian	2	NA	FALSE	FALSE	1	BROAD STREET	BROAD ST	2013-08-09	Two-Way , Not Divided	Wet	Daylight	Rain	Other	No	No Controls	5	2	Incapacitating	NA	41.788	-71.40331	FALSE	FALSE	Broad Street and Broad Street, Providence, RI, USA	Med	Unknown	distance greater than 100m	TRUE	NA	NA	2013	August	NA	NA	NA
2777	2013-08-26	191689	21:25:00	Pedestrian	1	NA	FALSE	FALSE	1	EXIT	EXIT	2013-08-26	One-Way Trafficway	Dry	Dark - Lighted	Clear	Not a Collision Between Two Motor Vehicles in Transport	Yes	No Controls	1	1	Pain Reported	NA	41.82647	-71.42604	FALSE	FALSE	Exit and Exit, Providence, RI, USA	Med	Unknown	distance greater than 100m	TRUE	NA	NA	2013	August	NA	NA	NA
2764	2013-09-11	193895	11:37:00	Pedestrian	1	NA	FALSE	FALSE	1	BROAD ST	BROAD ST	2013-09-11	Two-Way, Divided, Unprotected (painted>4feet) Medium	Dry	Daylight	Clear	Other	No	Yield Signs	3	1	Pain Reported	NA	41.81357	-71.42167	FALSE	FALSE	Broad Street and Broad Street, Providence, RI, USA	Med	Unknown	distance greater than 100m	TRUE	NA	NA	2013	September	NA	NA	NA
2750	2013-09-24	195560	16:40:00	Bicycle	NA	1	FALSE	FALSE	1	CHARLES ST	CHARLES ST	2013-09-24	Two-Way , Not Divided	Dry	Daylight	Clear	Angle (Front - to - Side) Right Angle (Includes Broadside)	No	Traffic Control Signal	4	0	No Injury	NA	41.83585	-71.41178	FALSE	FALSE	Charles Street and Charles Street, Providence, RI, USA	Med	Unknown	distance greater than 100m	TRUE	NA	NA	2013	September	NA	NA	NA
2720	2013-10-14	197951	00:55:00	Pedestrian	2	NA	FALSE	FALSE	1	BROAD ST	BROAD ST	2013-10-14	Two-Way , Not Divided	Dry	Dark - Lighted	Clear	Not a Collision Between Two Motor Vehicles in Transport	Yes	No Controls	2	0	No Injury	NA	41.80956	-71.42095	FALSE	FALSE	Broad Street and Broad Street, Providence, RI, USA	Med	Unknown	distance greater than 100m	TRUE	NA	NA	2013	October	NA	NA	NA
2689	2013-11-13	202380	17:00:00	Pedestrian	1	NA	FALSE	FALSE	1	BROAD STREET	BROAD ST	2013-11-13	Two-Way , Not Divided	Dry	Dark - Lighted	Clear	Not a Collision Between Two Motor Vehicles in Transport	No	No Controls	6	0	No Injury	2	41.81428	-71.42123	FALSE	FALSE	Broad Street and Broad Street, Providence, RI, USA	Med	Unknown	distance greater than 100m	TRUE	NA	NA	2013	November	NA	NA	NA
2673	2013-12-06	205541	11:43:00	Pedestrian	1	NA	FALSE	FALSE	1	BROAD ST	BROAD ST	2013-12-06	Two-Way, Not Divided With a Continuous Left Turn Lane	Dry	Daylight	Cloudy	Not a Collision Between Two Motor Vehicles in Transport	No	No Controls	4	1	Pain Reported	NA	41.8139	-71.42144	FALSE	FALSE	Broad Street and Broad Street, Providence, RI, USA	Med	Unknown	distance greater than 100m	TRUE	NA	NA	2013	December	NA	NA	NA
2574	2014-05-28	234525	16:25:00	Pedestrian	1	NA	FALSE	FALSE	1	N MAIN ST	N MAIN ST	2014-05-29	Two-Way, Divided, Positive Median Barrier	Dry	Daylight	Clear	Angle (Front - to - Side) Right Angle (Includes Broadside)	No	No Controls	2	0	No Injury	NA	41.83645	-71.40964	FALSE	FALSE	N Main Street and N Main Street, Providence, RI, USA	Med	Unknown	distance greater than 100m	TRUE	NA	NA	2014	May	NA	NA	NA
2280	2015-05-21	292816	10:35:00	Pedestrian	1	NA	FALSE	FALSE	1	DORRANCE ST	EXCHANGE TER	2015-05-21	One-Way Trafficway	Dry	Daylight	Clear	Not a Collision Between Two Motor Vehicles in Transport	Yes	No Controls	2	1	Pain Reported	NA	41.82471	-71.41351	FALSE	FALSE	Dorrance Street and Exchange Ter, Providence, RI, USA	Med	Unknown	distance greater than 100m	TRUE	NA	NA	2015	May	NA	NA	NA
2249	2015-06-25	298108	11:23:00	Bicycle	NA	1	FALSE	FALSE	1	WESTMINISTER STREET	NA	2015-06-25	Two-Way , Not Divided	Dry	Daylight	Clear	Other	Yes	No Controls	1	0	No Injury	2	41.83651	-71.4149	FALSE	TRUE	Westminister Street, Providence, RI, USA	Inaccurate	Unknown	distance greater than 100m	TRUE	NA	NA	2015	June	NA	NA	NA
2234	2015-07-07	300118	11:56:00	Pedestrian	1	NA	FALSE	FALSE	1	39 ELMER STREET	DOUGLAS AVE	2015-07-07	One-Way Trafficway	Wet	Daylight	Clear	Other	No	No Controls	2	1	Pain Reported	1	41.83495	-71.41617	TRUE	FALSE	39 Elmer Street, Providence, RI, USA	High	Unknown	distance greater than 100m	TRUE	NA	NA	2015	July	NA	NA	NA
2213	2015-08-03	306183	12:56:00	Bicycle	NA	1	FALSE	FALSE	1	ELMWOOD AVE	ELMWOOD AVE	2015-08-11	Two-Way, Divided, Unprotected (painted>4feet) Medium	Dry	Daylight	Clear	Angle (Front - to - Side) Same Direction	No	No Controls	2	1	Pain Reported	NA	41.80736	-71.42484	FALSE	FALSE	Elmwood Ave and Elmwood Ave, Providence, RI, USA	Med	Unknown	distance greater than 100m	TRUE	NA	NA	2015	August	NA	NA	NA
1617	2017-06-30	588502	06:59:00	Pedestrian	1	NA	FALSE	FALSE	1	FRANCIS STREET	I 95	2017-06-30	Two-Way , Not Divided	Dry	Daylight	Clear	Other	No	Traffic Control Signal	4	1	Non-Incapacitating	NA	41.83572	-71.41578	FALSE	FALSE	Francis Street and I 95, Providence, RI, USA	Med	Unknown	distance greater than 100m	TRUE	NA	NA	2017	June	NA	NA	NA
1146	2018-11-15	756058	12:16:00	Pedestrian	1	NA	FALSE	FALSE	1	ELMA ST	PRAIRIE AVE	2018-11-16	One-Way Trafficway	Dry	Daylight	Clear	Not a Collision Between Two Motor Vehicles in Transport	No	No Controls	5	0	No Injury	NA	41.79695	-71.4129	FALSE	FALSE	Elma Street and Prairie Ave, Providence, RI, USA	Med High	Unknown	distance greater than 100m	TRUE	NA	NA	2018	November	NA	NA	NA
936	2019-08-25	793135	14:40:00	Pedestrian	1	NA	FALSE	FALSE	1	HAUXHURST AVE	LAUREL HILL AVE	2019-08-29	One-Way Trafficway	Dry	Daylight	Clear	Not a Collision Between Two Motor Vehicles in Transport	No	No Controls	2	1	Non-Incapacitating	NA	41.82179	-71.4554	FALSE	FALSE	Hauxhurst Ave and Laurel Hill Ave, Providence, RI, USA	Med	Unknown	distance greater than 100m	TRUE	NA	NA	2019	August	NA	NA	NA
919	2019-09-15	796617	13:23:00	Bicycle	NA	1	FALSE	FALSE	1	GREENWICH ST	BUCKLIN ST	2019-09-15	Two-Way , Not Divided	Dry	Daylight	Clear	Angle (Front - to - Side) Right Angle (Includes Broadside)	No	Traffic Control Signal	6	1	Pain Reported	NA	41.80237	-71.42609	FALSE	FALSE	Greenwich Street and Bucklin Street, Providence, RI, USA	Med High	Unknown	distance greater than 100m	TRUE	NA	NA	2019	September	NA	NA	NA
891	2019-10-04	798522	10:25:00	Pedestrian	1	NA	FALSE	FALSE	1	REDWING ST	BUCKLIN ST	2019-10-04	Two-Way , Not Divided	Dry	Daylight	Clear	Not a Collision Between Two Motor Vehicles in Transport	Yes	Unknown	1	1	Pain Reported	NA	41.79939	-71.42649	FALSE	FALSE	Redwing Street and Bucklin Street, Providence, RI, USA	Med High	Unknown	distance greater than 100m	TRUE	NA	NA	2019	October	NA	NA	NA
725	2020-06-01	819705	23:30:00	Pedestrian	1	NA	FALSE	FALSE	1	77 Union Ave	SORRENTO ST	2020-06-02	Two-Way , Not Divided	Dry	Dark - Lighted	Clear	Not a Collision Between Two Motor Vehicles in Transport	No	No Controls	2	1	Incapacitating	NA	41.80984	-71.43621	TRUE	FALSE	77 Union Ave, Providence, RI, USA	High	Unknown	distance greater than 100m	TRUE	NA	NA	2020	June	NA	NA	NA
709	2020-06-27	821321	15:25:00	Bicycle	NA	1	FALSE	FALSE	1	GALLATIN ST	EMERSON ST	2020-06-27	Two-Way , Not Divided	Wet	Daylight	Rain	Other	No	No Controls	2	0	No Injury	NA	41.79717	-71.41358	FALSE	FALSE	Gallatin Street and Emerson Street, Providence, RI, USA	Med High	Unknown	distance greater than 100m	TRUE	NA	NA	2020	June	NA	NA	NA
620	2020-10-22	832181	13:00:00	Bicycle	NA	1	FALSE	FALSE	1	SOUTH WATER ST	NA	2020-10-22	One-Way Trafficway	Dry	Daylight	Clear	Sideswipe, Same Direction	No	No Controls	2	1	Non-Incapacitating	NA	41.81771	-71.40083	FALSE	TRUE	South Water Street, Providence, RI, USA	Inaccurate	Unknown	distance greater than 100m	TRUE	NA	NA	2020	October	NA	NA	NA
595	2020-11-29	834726	15:36:00	Pedestrian	1	NA	FALSE	FALSE	1	BROAD STREET	NA	2020-11-29	Two-Way , Not Divided	Dry	Daylight	Clear	Not a Collision Between Two Motor Vehicles in Transport	Yes	No Controls	3	1	Incapacitating	NA	41.81455	-71.42107	FALSE	TRUE	Broad Street, Providence, RI, USA	Inaccurate	Unknown	distance greater than 100m	TRUE	NA	NA	2020	November	NA	NA	NA
587	2020-12-14	835508	17:38:00	Pedestrian	1	NA	FALSE	FALSE	1	broad st	BROAD ST	2020-12-14	Two-Way , Not Divided	Wet	Daylight	Rain	Not a Collision Between Two Motor Vehicles in Transport	Yes	No Controls	1	1	Pain Reported	NA	41.79944	-71.4162	FALSE	FALSE	Broad Street and Broad Street, Providence, RI, USA	Med	Unknown	distance greater than 100m	TRUE	NA	NA	2020	December	NA	NA	NA
572	2021-02-09	841122	20:03:00	Pedestrian	1	NA	FALSE	FALSE	1	CHARLES ST	CHARLES ST	2021-02-09	One-Way Trafficway	Wet	Dark - Lighted	Sleet, Hail (Freezing Rain or Drizzle)	Not a Collision Between Two Motor Vehicles in Transport	Yes	No Controls	1	1	Pain Reported	NA	41.83673	-71.41283	FALSE	FALSE	Charles Street and Charles Street, Providence, RI, USA	Med	Unknown	distance greater than 100m	TRUE	NA	NA	2021	February	NA	NA	NA
540	2021-04-12	849644	14:57:00	Bicycle	NA	1	FALSE	FALSE	1	BROAD ST	BROAD ST	2021-04-12	Two-Way , Not Divided	Dry	Daylight	Clear	Not a Collision Between Two Motor Vehicles in Transport	No	Pavement Markings	3	0	No Injury	NA	41.79929	-71.41603	FALSE	FALSE	Broad Street and Broad Street, Providence, RI, USA	Med	Unknown	distance greater than 100m	TRUE	NA	NA	2021	April	NA	NA	NA
494	2021-06-27	854775	01:00:00	Pedestrian	1	NA	FALSE	FALSE	1	POWER ST	POWER ST	2021-06-27	One-Way Trafficway	Dry	Dark - Lighted	Clear	Not a Collision Between Two Motor Vehicles in Transport	Yes	No Controls	3	0	Unknown	NA	41.82266	-71.40536	FALSE	FALSE	Power Street and Power Street, Providence, RI, USA	Med	Unknown	distance greater than 100m	TRUE	NA	NA	2021	June	NA	NA	NA
442	2021-09-03	857672	20:52:00	Pedestrian	1	NA	TRUE	FALSE	1	PLEASANT ST	PLEASANT CT	2021-09-03	One-Way Trafficway	Dry	Daylight	Clear	Not a Collision Between Two Motor Vehicles in Transport	Yes	Warning Signs	2	0	No Injury	NA	41.8396	-71.40514	FALSE	FALSE	Pleasant Street and Pleasant Ct, Providence, RI, USA	Med High	Unknown	distance greater than 100m	TRUE	NA	NA	2021	September	NA	NA	NA
404	2021-10-30	862096	22:54:00	Pedestrian	1	NA	FALSE	FALSE	1	SMITHFIELD AVE	SMITHFIELD AVE	2021-10-31	One-Way Trafficway	Wet	Dark - Lighted	Rain	Not a Collision Between Two Motor Vehicles in Transport	Yes	Traffic Control Signal	1	1	Pain Reported	NA	41.8558	-71.40766	FALSE	FALSE	Smithfield Ave and Smithfield Ave, Providence, RI, USA	Med High	Unknown	distance greater than 100m	TRUE	NA	NA	2021	October	NA	NA	NA
362	2021-12-21	865229	13:04:00	Pedestrian	1	NA	FALSE	FALSE	1	BROAD ST	BROAD ST	2021-12-21	Two-Way , Not Divided	Dry	Daylight	Cloudy	Not a Collision Between Two Motor Vehicles in Transport	Yes	Pavement Markings	1	1	Non-Incapacitating	NA	41.78805	-71.40335	FALSE	FALSE	Broad Street and Broad Street, Providence, RI, USA	Med	Unknown	distance greater than 100m	TRUE	NA	NA	2021	December	NA	NA	NA
354	2022-01-10	866350	22:26:00	Pedestrian	1	NA	FALSE	FALSE	1	PLAINFIELD ST	PLAINFIELD ST	2022-01-10	Two-Way , Not Divided	Dry	Dark - Lighted	Clear	Not a Collision Between Two Motor Vehicles in Transport	No	No Controls	2	1	Pain Reported	NA	41.8146	-71.44679	FALSE	FALSE	Plainfield Street and Plainfield Street, Providence, RI, USA	Med	Unknown	distance greater than 100m	TRUE	NA	NA	2022	January	NA	NA	NA
327	2022-03-04	870723	19:00:00	Pedestrian	1	NA	FALSE	FALSE	1	BROAD ST	BROAD ST	2022-03-21	Two-Way , Not Divided	Dry	Dark - Lighted	Clear	Not a Collision Between Two Motor Vehicles in Transport	Yes	Pavement Markings	1	1	Non-Incapacitating	NA	41.78746	-71.40285	FALSE	FALSE	Broad Street and Broad Street, Providence, RI, USA	Med	Unknown	distance greater than 100m	TRUE	NA	NA	2022	March	NA	NA	NA
248	2022-07-01	877794	14:22:00	Pedestrian	1	NA	FALSE	FALSE	1	HARTFORD AVE	HARTFORD AVE	2022-07-01	Two-Way, Divided, Unprotected (painted>4feet) Medium	Dry	Daylight	Clear	Not a Collision Between Two Motor Vehicles in Transport	No	No Controls	2	1	Pain Reported	NA	41.81889	-71.46093	FALSE	FALSE	Hartford Ave and Hartford Ave, Providence, RI, USA	Med	Unknown	distance greater than 100m	TRUE	NA	NA	2022	July	NA	NA	NA
243	2022-07-06	881461	19:41:00	Other	NA	NA	TRUE	FALSE	2	HARTFORD AVE	HARTFORD AVE	2022-09-26	Two-Way, Divided, Unprotected (painted>4feet) Medium	Dry	Daylight	Clear	Sideswipe, Same Direction	No	Stop Signs	4	0	No Injury	NA	41.81835	-71.45738	FALSE	FALSE	Hartford Ave and Hartford Ave, Providence, RI, USA	Med	Unknown	distance greater than 100m	TRUE	NA	NA	2022	July	NA	NA	NA
237	2022-07-14	879154	16:26:00	Pedestrian	1	NA	TRUE	FALSE	1	WICKENDEN ST	Wickenden St	2022-07-14	Two-Way , Not Divided	Dry	Daylight	Clear	Not a Collision Between Two Motor Vehicles in Transport	No	Traffic Control Signal	2	0	No Injury	NA	41.81893	-71.40082	FALSE	FALSE	Wickenden Street and Wickenden Street, Providence, RI, USA	Med	Unknown	distance greater than 100m	TRUE	NA	NA	2022	July	NA	NA	NA
213	2022-08-16	880162	17:48:00	Pedestrian	1	NA	FALSE	FALSE	1	NA	NA	2022-08-16	Two-Way , Not Divided	Dry	Daylight	Clear	Not a Collision Between Two Motor Vehicles in Transport	No	No Controls	3	1	Pain Reported	NA	NA	NA	NA	TRUE	NA, Providence, RI, USA	Med	Unknown	raw coords null but geocoded coords found	TRUE	NA	NA	2022	August	NA	NA	NA
203	2022-08-26	880458	15:44:00	Other	NA	1	TRUE	FALSE	1	BROAD ST	BROAD ST	2022-08-26	Two-Way , Not Divided	Dry	Daylight	Cloudy	Not a Collision Between Two Motor Vehicles in Transport	No	No Controls	2	1	Pain Reported	NA	41.80263	-71.41881	FALSE	FALSE	Broad Street and Broad Street, Providence, RI, USA	Med	Unknown	distance greater than 100m	TRUE	NA	NA	2022	August	NA	NA	NA
177	2022-09-29	881559	16:24:00	Pedestrian	1	NA	FALSE	FALSE	1	Smith St	SMITH ST	2022-09-29	Two-Way , Not Divided	Dry	Daylight	Clear	Other	Yes	No Controls	1	1	Pain Reported	NA	41.83661	-71.43133	FALSE	FALSE	Smith Street and Smith Street, Providence, RI, USA	Med	Unknown	distance greater than 100m	TRUE	NA	NA	2022	September	NA	NA	NA
137	2022-11-05	884953	14:58:00	Pedestrian	1	NA	FALSE	FALSE	1	CHARLES ST.	CHARLES ST	2022-11-05	Two-Way , Not Divided	Dry	Daylight	Clear	Not a Collision Between Two Motor Vehicles in Transport	Yes	No Controls	1	1	Pain Reported	NA	41.84018	-71.41717	FALSE	FALSE	Charles St. and Charles Street, Providence, RI, USA	Med	Unknown	distance greater than 100m	TRUE	NA	NA	2022	November	NA	NA	NA
136	2022-11-08	885071	13:03:00	Bicycle	NA	1	FALSE	FALSE	1	BROAD ST	BROAD ST	2022-11-08	Two-Way, Divided, Unprotected (painted>4feet) Medium	Dry	Daylight	Clear	Not a Collision Between Two Motor Vehicles in Transport	No	Traffic Control Signal	2	0	No Injury	NA	41.8046	-71.41941	FALSE	FALSE	Broad Street and Broad Street, Providence, RI, USA	Med	Unknown	distance greater than 100m	TRUE	NA	NA	2022	November	NA	NA	NA
131	2022-11-10	885160	17:08:00	Pedestrian	1	NA	FALSE	FALSE	1	Smith St	SMITH ST	2022-11-10	Two-Way , Not Divided	Dry	Dark - Lighted	Clear	Other	Yes	No Controls	1	1	Pain Reported	NA	41.83676	-71.43167	FALSE	FALSE	Smith Street and Smith Street, Providence, RI, USA	Med	Unknown	distance greater than 100m	TRUE	NA	NA	2022	November	NA	NA	NA
55	2023-01-30	888758	01:52:00	Pedestrian	1	NA	FALSE	FALSE	1	HARTFORD AVE	HARTFORD AVE	2023-01-30	Two-Way , Not Divided	Dry	Dark - Lighted	Clear	Not a Collision Between Two Motor Vehicles in Transport	Yes	No Controls	1	1	Pain Reported	NA	41.81718	-71.44905	FALSE	FALSE	Hartford Ave and Hartford Ave, Providence, RI, USA	Med	Unknown	distance greater than 100m	TRUE	NA	NA	2023	January	NA	NA	NA
30	2023-03-01	890638	19:58:00	Pedestrian	1	NA	FALSE	FALSE	1	BROAD ST	BROAD ST	2023-03-01	Two-Way , Not Divided	Dry	Dark - Lighted	Clear	Not a Collision Between Two Motor Vehicles in Transport	No	No Controls	4	1	Pain Reported	NA	41.80587	-71.41983	FALSE	FALSE	Broad Street and Broad Street, Providence, RI, USA	Med	Unknown	distance greater than 100m	TRUE	NA	NA	2023	March	NA	NA	NA
4	2023-04-08	892777	02:07:00	Pedestrian	1	NA	FALSE	FALSE	1	BROAD ST	BROAD ST	2023-04-08	Two-Way, Divided, Unprotected (painted>4feet) Medium	Dry	Dark - Lighted	Clear	Not a Collision Between Two Motor Vehicles in Transport	Yes	No Controls	3	1	Pain Reported	NA	41.79151	-71.40636	FALSE	FALSE	Broad Street and Broad Street, Providence, RI, USA	NA	Unknown	distance greater than 100m	TRUE	NA	NA	2023	April	NA	NA	NA
5	2023-04-10	892838	16:07:00	Bicycle	NA	1	FALSE	FALSE	1	CHARLES ST.	CHARLES ST	2023-04-10	Two-Way , Not Divided	Dry	Daylight	Clear	Not a Collision Between Two Motor Vehicles in Transport	No	No Controls	3	1	Pain Reported	NA	41.85302	-71.42041	FALSE	FALSE	Charles St. and Charles Street, Providence, RI, USA	NA	Unknown	distance greater than 100m	TRUE	NA	NA	2023	April	NA	NA	NA
14	2024-01-17	907876	12:15:00	Pedestrian	1	NA	FALSE	FALSE	1	RADEL ST	cHARLES sT	2024-01-17	Two-Way , Not Divided	Wet	Daylight	Clear	Not a Collision Between Two Motor Vehicles in Transport	No	Yield Signs	3	1	Pain Reported	2	NA	NA	FALSE	FALSE	Radel Street and Charles Street, Providence, RI, USA	NA	Unknown	raw coords null but geocoded coords found	TRUE	NA	NA	2024	January	NA	NA	NA
55	2024-03-20	909583	20:42:00	Pedestrian	1	NA	FALSE	FALSE	1	UNKNOWN	UNKNOWN	2024-03-20	Two-Way , Not Divided	Wet	Unknown	Rain	Not a Collision Between Two Motor Vehicles in Transport	Yes	Unknown	1	1	Pain Reported	NA	NA	NA	FALSE	FALSE	Unknown and Unknown, Providence, RI, USA	NA	Unknown	raw coords null but geocoded coords found	TRUE	NA	NA	2024	March	NA	NA	NA
143	2024-07-05	913960	15:13:00	Other	NA	NA	TRUE	FALSE	2	FARRAGUT AVE	MONTGOMERY AVE	2024-07-05	Two-Way , Not Divided	Dry	Daylight	Clear	Angle (Front - to - Side) Right Angle (Includes Broadside)	Yes	Traffic Control Signal	4	1	Pain Reported	NA	41.78744	-71.40284	FALSE	FALSE	Farragut Ave and Montgomery Ave, Providence, RI, USA	NA	Unknown	distance greater than 100m	TRUE	NA	NA	2024	July	NA	NA	NA
199	2024-08-22	915295	17:49:00	Pedestrian	1	NA	FALSE	FALSE	1	BROAD ST	SERVICE ROAD 8	2024-08-22	One-Way Trafficway	Dry	Daylight	Clear	Not a Collision Between Two Motor Vehicles in Transport	No	Traffic Control Signal	2	1	Pain Reported	NA	41.81794	-71.41631	FALSE	FALSE	Broad Street and Service Road 8, Providence, RI, USA	NA	Unknown	distance greater than 100m	TRUE	NA	NA	2024	August	NA	NA	NA
223	2024-09-15	916173	09:00:00	Bicycle	NA	1	FALSE	FALSE	1	Washington St	East Appraoch	2024-09-15	One-Way Trafficway	Dry	Daylight	Clear	Not a Collision Between Two Motor Vehicles in Transport	No	No Controls	5	1	Incapacitating	NA	NA	NA	FALSE	FALSE	Washington Street and East Appraoch, Providence, RI, USA	NA	Unknown	raw coords null but geocoded coords found	TRUE	NA	NA	2024	September	NA	NA	NA
285	2024-11-14	918301	18:14:00	Bicycle	NA	1	FALSE	FALSE	1	PLAIN ST	CLIFFORD ST	2024-11-14	One-Way Trafficway	Dry	Dark - Lighted	Clear	Not a Collision Between Two Motor Vehicles in Transport	Yes	Traffic Control Signal	1	1	Pain Reported	NA	41.81589	-71.41529	FALSE	FALSE	Plain Street and Clifford Street, Providence, RI, USA	NA	Unknown	distance greater than 100m	TRUE	NA	NA	2024	November	NA	NA	NA
299	2024-11-25	918785	14:10:00	Pedestrian	1	NA	FALSE	FALSE	1	PLAIN ST	NA	2024-11-25	Two-Way , Not Divided	Dry	Daylight	Clear	Not a Collision Between Two Motor Vehicles in Transport	No	No Controls	2	1	Non-Incapacitating	NA	NA	NA	FALSE	TRUE	Plain Street, Providence, RI, USA	NA	Unknown	raw coords null but geocoded coords found	TRUE	NA	NA	2024	November	NA	NA	NA
10	2025-01-08	920223	11:30:00	Pedestrian	1	NA	FALSE	FALSE	1	EMPIRE ST	NA	2025-01-09	Two-Way, Divided, Unprotected (painted>4feet) Medium	Dry	Daylight	Clear	Unknown	No	Unknown	3	0	Unknown	NA	NA	NA	FALSE	TRUE	Empire Street, Providence, RI, USA	NA	Unknown	raw coords null but geocoded coords found	TRUE	NA	NA	2025	January	NA	NA	NA
111	2025-04-10	923135	12:50:00	Pedestrian	1	NA	FALSE	FALSE	1	EDDY ST	NA	2025-04-11	Unknown	Dry	Daylight	Clear	Other	No	Unknown	2	0	Unknown	NA	NA	NA	FALSE	TRUE	Eddy Street, Providence, RI, USA	NA	Unknown	raw coords null but geocoded coords found	TRUE	NA	NA	2025	April	NA	NA	NA
204	2025-06-11	925139	14:30:00	Pedestrian	1	NA	TRUE	FALSE	1	PINE ST	NA	2025-06-12	Unknown	Dry	Daylight	Clear	Unknown	No	Unknown	2	0	Unknown	NA	NA	NA	FALSE	TRUE	Pine Street, Providence, RI, USA	NA	Unknown	raw coords null but geocoded coords found	TRUE	NA	NA	2025	June	NA	NA	NA
264	2025-07-13	926058	03:05:00	Pedestrian	1	NA	FALSE	FALSE	1	PINE ST	NA	2025-07-15	Unknown	Dry	Dark - Unknown Lighting	Clear	Head-On (Front - to - Front)	Yes	Unknown	1	0	Unknown	NA	NA	NA	FALSE	TRUE	Pine Street, Providence, RI, USA	NA	Unknown	raw coords null but geocoded coords found	TRUE	NA	NA	2025	July	NA	NA	NA
267	2025-07-14	926083	14:30:00	Pedestrian	1	NA	FALSE	FALSE	1	SUMMIT AVE	NA	2025-07-16	Unknown	Dry	Daylight	Clear	Other	Yes	Unknown	1	0	Unknown	NA	NA	NA	FALSE	TRUE	Summit Ave, Providence, RI, USA	NA	Unknown	raw coords null but geocoded coords found	TRUE	NA	NA	2025	July	NA	NA	NA
274	2025-07-17	926134	11:30:00	Pedestrian	1	NA	FALSE	FALSE	1	CHARLES ST	NA	2025-07-18	Unknown	Dry	Daylight	Clear	Other	No	Unknown	2	1	Pain Reported	NA	NA	NA	FALSE	TRUE	Charles Street, Providence, RI, USA	NA	Unknown	raw coords null but geocoded coords found	TRUE	NA	NA	2025	July	NA	NA	NA
280	2025-07-20	926304	01:55:00	Pedestrian	1	NA	FALSE	FALSE	1	ATWELLS AVE	NA	2025-07-24	Two-Way , Not Divided	Dry	Dark - Unknown Lighting	Clear	Unknown	Yes	Unknown	2	1	Pain Reported	NA	NA	NA	FALSE	TRUE	Atwells Ave, Providence, RI, USA	NA	Unknown	raw coords null but geocoded coords found	TRUE	NA	NA	2025	July	NA	NA	NA
304	2025-08-05	926745	10:25:00	Pedestrian	1	NA	FALSE	FALSE	1	UNION AVE	NA	2025-08-08	Two-Way , Not Divided	Dry	Daylight	Clear	Sideswipe, Same Direction	Yes	Unknown	3	1	Pain Reported	NA	NA	NA	FALSE	TRUE	Union Ave, Providence, RI, USA	NA	Unknown	raw coords null but geocoded coords found	TRUE	NA	NA	2025	August	NA	NA	NA
395	2025-09-23	928409	16:08:00	Other	NA	1	FALSE	FALSE	1	NA	NA	2025-09-24	Unknown	Dry	Daylight	Clear	Angle - Direction Not Specified	Yes	Unknown	1	1	Pain Reported	NA	NA	NA	NA	TRUE	NA, Providence, RI, USA	NA	Unknown	raw coords null but geocoded coords found	TRUE	NA	NA	2025	September	NA	NA	NA
416	2025-10-04	929771	17:20:00	Pedestrian	1	NA	FALSE	FALSE	1	BROAD ST	NA	2025-11-05	Two-Way , Not Divided	Dry	Daylight	Clear	Unknown	Yes	Unknown	4	1	Pain Reported	NA	NA	NA	FALSE	TRUE	Broad Street, Providence, RI, USA	NA	Unknown	raw coords null but geocoded coords found	TRUE	NA	NA	2025	October	NA	NA	NA
495	2025-11-19	930164	19:00:00	Bicycle	NA	1	FALSE	FALSE	1	College Rd	NA	2025-11-19	Two-Way , Not Divided	Dry	Dark - Lighted	Clear	Not a Collision Between Two Motor Vehicles in Transport	Yes	No Controls	2	1	Non-Incapacitating	NA	NA	NA	FALSE	TRUE	College Rd, Providence, RI, USA	NA	Unknown	raw coords null but geocoded coords found	TRUE	NA	NA	2025	November	NA	NA	NA